week_start,actor_id,actor_name,h3_id,h3_resolution,h3_center_lat,h3_center_lon,event_count,state_based_event_count,non_state_event_count,one_sided_event_count,combat_event_count,combatant_fatalities,civilian_fatalities,one_sided_civilian_fatalities,best_fatalities,one_sided_event_share,civilian_fatality_share,one_sided_civilian_fatality_share
2023-04-10,__ALL__,All actors,856b02a7fffffff,5,13.45999398207289,22.391256500715567,1,0,0,1,0,0,0,0,0,1.0,0.0,0.0
2023-04-10,__ALL__,All actors,856b0897fffffff,5,13.617096818226427,25.424076053061942,1,1,0,0,1,0,20,0,44,0.0,0.45454545454545453,0.0
2023-04-10,__ALL__,All actors,856b0a0ffffffff,5,12.0101707938044,24.830215921368204,1,1,0,0,1,0,0,0,22,0.0,0.0,0.0
2023-04-10,__ALL__,All actors,856b0e93fffffff,5,13.673401348561217,24.081628252479913,1,1,0,0,1,0,3,0,3,0.0,1.0,0.0
2023-04-10,__ALL__,All actors,856b4287fffffff,5,13.225245724503111,30.152617420328752,1,1,0,0,1,0,6,0,6,0.0,1.0,0.0
2023-04-10,__ALL__,All actors,856b448bfffffff,5,15.012737341499482,30.083281550987248,3,3,0,0,3,0,31,0,510,0.0,0.060784313725490195,0.0
2023-04-10,__ALL__,All actors,856b6e37fffffff,5,15.523006487760396,32.57683706993741,3,3,0,0,3,30,11,0,57,0.0,0.19298245614035087,0.0
2023-04-10,__ALL__,All actors,856b6eaffffffff,5,15.666591746948761,32.5105778563475,3,3,0,0,3,0,14,0,27,0.0,0.5185185185185185,0.0
2023-04-17,__ALL__,All actors,856a65affffffff,5,10.76863327447389,34.72028327781613,1,0,1,0,1,0,0,0,9,0.0,0.0,0.0
2023-04-17,__ALL__,All actors,856b038bfffffff,5,13.443145027750063,22.894568824204516,1,0,0,1,0,0,165,165,165,1.0,1.0,1.0
2023-04-17,__ALL__,All actors,856b4287fffffff,5,13.225245724503111,30.152617420328752,2,2,0,0,2,5,48,0,53,0.0,0.9056603773584906,0.0
2023-04-17,__ALL__,All actors,856b448bfffffff,5,15.012737341499482,30.083281550987248,1,1,0,0,1,0,30,0,30,0.0,1.0,0.0
2023-04-17,__ALL__,All actors,856b6eaffffffff,5,15.666591746948761,32.5105778563475,1,1,0,0,1,0,0,0,12,0.0,0.0,0.0
2023-04-24,__ALL__,All actors,856b02a7fffffff,5,13.45999398207289,22.391256500715567,14,5,0,9,5,1,25,25,6583,0.6428571428571429,0.0037976606410451163,0.0037976606410451163
2023-04-24,__ALL__,All actors,856b6e37fffffff,5,15.523006487760396,32.57683706993741,3,3,0,0,3,0,8,0,24,0.0,0.3333333333333333,0.0
2023-05-01,__ALL__,All actors,856b02a7fffffff,5,13.45999398207289,22.391256500715567,1,1,0,0,1,0,0,0,280,0.0,0.0,0.0
2023-05-01,__ALL__,All actors,856b4c4ffffffff,5,13.18662025068854,32.703264847585366,1,0,1,0,1,0,0,0,25,0.0,0.0,0.0
2023-05-01,__ALL__,All actors,856b6e37fffffff,5,15.523006487760396,32.57683706993741,2,2,0,0,2,5,4,0,9,0.0,0.4444444444444444,0.0
2023-05-01,__ALL__,All actors,856b712ffffffff,5,14.496724675418257,29.527796281782496,1,1,0,0,1,0,0,0,12,0.0,0.0,0.0
2023-05-08,__ALL__,All actors,856b02a7fffffff,5,13.45999398207289,22.391256500715567,4,3,0,1,3,0,34,14,514,0.25,0.06614785992217899,0.027237354085603113
2023-05-15,__ALL__,All actors,856b02a7fffffff,5,13.45999398207289,22.391256500715567,1,1,0,0,1,0,0,0,7,0.0,0.0,0.0
2023-05-15,__ALL__,All actors,856b02b3fffffff,5,13.604811166189746,22.143918789658667,1,0,1,0,1,7,0,0,7,0.0,0.0,0.0
2023-05-15,__ALL__,All actors,856b032ffffffff,5,12.874105981248873,23.541366730640174,1,1,0,0,1,0,0,0,133,0.0,0.0,0.0
2023-05-15,__ALL__,All actors,856b0a0ffffffff,5,12.0101707938044,24.830215921368204,2,2,0,0,2,0,25,0,35,0.0,0.7142857142857143,0.0
2023-05-15,__ALL__,All actors,856b534bfffffff,5,10.643973255267444,28.268226783822563,1,0,1,0,1,1,0,0,1,0.0,0.0,0.0
2023-05-15,__ALL__,All actors,856b6e37fffffff,5,15.523006487760396,32.57683706993741,3,1,0,2,1,0,2,2,2,0.6666666666666666,1.0,1.0
2023-05-22,__ALL__,All actors,856b0073fffffff,5,13.86803664339118,22.489423034857715,1,1,0,0,1,4,0,0,4,0.0,0.0,0.0
2023-05-22,__ALL__,All actors,856b023bfffffff,5,13.058772442969003,22.126603097484278,3,2,0,1,2,17,28,28,114,0.3333333333333333,0.24561403508771928,0.24561403508771928
2023-05-22,__ALL__,All actors,856b02a7fffffff,5,13.45999398207289,22.391256500715567,1,1,0,0,1,0,0,0,50,0.0,0.0,0.0
2023-05-22,__ALL__,All actors,856b032ffffffff,5,12.874105981248873,23.541366730640174,1,1,0,0,1,0,1,0,1,0.0,1.0,0.0
2023-05-22,__ALL__,All actors,856b0897fffffff,5,13.617096818226427,25.424076053061942,1,1,0,0,1,0,0,0,3,0.0,0.0,0.0
2023-05-22,__ALL__,All actors,856b5e07fffffff,5,10.947343875005515,30.004209042627032,1,1,0,0,1,2,0,0,2,0.0,0.0,0.0
2023-05-22,__ALL__,All actors,856b6e37fffffff,5,15.523006487760396,32.57683706993741,1,1,0,0,1,0,0,0,2,0.0,0.0,0.0
2023-05-22,__ALL__,All actors,856b6eaffffffff,5,15.666591746948761,32.5105778563475,2,2,0,0,2,0,0,0,3,0.0,0.0,0.0
2023-05-29,__ALL__,All actors,856b02a7fffffff,5,13.45999398207289,22.391256500715567,1,1,0,0,1,0,40,0,40,0.0,1.0,0.0
2023-05-29,__ALL__,All actors,856b0cc7fffffff,5,14.201760031416846,24.61463456526655,1,1,0,0,1,0,0,0,40,0.0,0.0,0.0
2023-05-29,__ALL__,All actors,856b4287fffffff,5,13.225245724503111,30.152617420328752,2,1,0,1,1,0,23,20,23,0.5,1.0,0.8695652173913043
2023-05-29,__ALL__,All actors,856b6e37fffffff,5,15.523006487760396,32.57683706993741,3,3,0,0,3,0,13,0,31,0.0,0.41935483870967744,0.0
2023-05-29,__ALL__,All actors,856b6eaffffffff,5,15.666591746948761,32.5105778563475,1,1,0,0,1,0,3,0,3,0.0,1.0,0.0
2023-06-05,__ALL__,All actors,856b008ffffffff,5,14.418085663411349,22.508617506692236,1,0,1,0,1,126,0,0,126,0.0,0.0,0.0
2023-06-05,__ALL__,All actors,856b02a7fffffff,5,13.45999398207289,22.391256500715567,2,0,0,2,0,0,39,39,39,1.0,1.0,1.0
2023-06-05,__ALL__,All actors,856b0cc7fffffff,5,14.201760031416846,24.61463456526655,2,0,0,2,0,0,36,36,36,1.0,1.0,1.0
2023-06-05,__ALL__,All actors,856b6e37fffffff,5,15.523006487760396,32.57683706993741,4,4,0,0,4,0,26,0,26,0.0,1.0,0.0
2023-06-05,__ALL__,All actors,856b6eaffffffff,5,15.666591746948761,32.5105778563475,5,4,0,1,4,1,21,1,22,0.2,0.9545454545454546,0.045454545454545456
2023-06-12,__ALL__,All actors,856b02a3fffffff,5,13.465387953201692,22.223469337348586,1,0,0,1,0,0,5,5,5,1.0,1.0,1.0
2023-06-12,__ALL__,All actors,856b02a7fffffff,5,13.45999398207289,22.391256500715567,11,4,0,7,4,1,572,554,591,0.6363636363636364,0.9678510998307953,0.937394247038917
2023-06-12,__ALL__,All actors,856b02b3fffffff,5,13.604811166189746,22.143918789658667,1,0,1,0,1,0,0,0,8,0.0,0.0,0.0
2023-06-12,__ALL__,All actors,856b0a0ffffffff,5,12.0101707938044,24.830215921368204,1,1,0,0,1,0,2,0,2,0.0,1.0,0.0
2023-06-12,__ALL__,All actors,856b0c6bfffffff,5,13.5058987836312,24.82956121088632,1,1,0,0,1,0,8,0,8,0.0,1.0,0.0
2023-06-12,__ALL__,All actors,856b43cbfffffff,5,12.784145919110161,30.68495769510305,1,0,0,1,0,0,4,4,4,1.0,1.0,1.0
2023-06-12,__ALL__,All actors,856b68a3fffffff,5,15.715431120031816,33.60509094769738,1,1,0,0,1,0,4,0,4,0.0,1.0,0.0
2023-06-12,__ALL__,All actors,856b6e37fffffff,5,15.523006487760396,32.57683706993741,3,3,0,0,3,0,43,0,43,0.0,1.0,0.0
2023-06-12,__ALL__,All actors,856b6eaffffffff,5,15.666591746948761,32.5105778563475,2,2,0,0,2,0,9,0,9,0.0,1.0,0.0
2023-06-19,__ALL__,All actors,856b0897fffffff,5,13.617096818226427,25.424076053061942,1,1,0,0,1,0,0,0,1,0.0,0.0,0.0
2023-06-19,__ALL__,All actors,856b0a0ffffffff,5,12.0101707938044,24.830215921368204,2,2,0,0,2,0,30,0,30,0.0,1.0,0.0
2023-06-19,__ALL__,All actors,856b0c6bfffffff,5,13.5058987836312,24.82956121088632,1,1,0,0,1,0,0,0,7,0.0,0.0,0.0
2023-06-19,__ALL__,All actors,856b5e1bfffffff,5,10.965939755270602,29.681033888773296,1,1,0,0,1,0,0,0,2,0.0,0.0,0.0
2023-06-19,__ALL__,All actors,856b6e37fffffff,5,15.523006487760396,32.57683706993741,1,1,0,0,1,0,28,0,28,0.0,1.0,0.0
2023-06-19,__ALL__,All actors,856b6eaffffffff,5,15.666591746948761,32.5105778563475,1,1,0,0,1,0,9,0,9,0.0,1.0,0.0
2023-06-26,__ALL__,All actors,856b032ffffffff,5,12.874105981248873,23.541366730640174,1,1,0,0,1,0,1,0,1,0.0,1.0,0.0
2023-06-26,__ALL__,All actors,856b0347fffffff,5,12.897923213817887,22.87369602428455,1,0,0,1,0,0,7,7,7,1.0,1.0,1.0
2023-06-26,__ALL__,All actors,856b084bfffffff,5,12.682291556655446,24.95092036788911,1,0,0,1,0,0,2,2,2,1.0,1.0,1.0
2023-06-26,__ALL__,All actors,856b6eaffffffff,5,15.666591746948761,32.5105778563475,2,1,0,1,1,1,1,1,2,0.5,0.5,0.5
2023-07-03,__ALL__,All actors,856b032ffffffff,5,12.874105981248873,23.541366730640174,2,1,0,1,1,4,4,3,8,0.5,0.5,0.375
2023-07-03,__ALL__,All actors,856b0a0ffffffff,5,12.0101707938044,24.830215921368204,1,1,0,0,1,0,3,0,3,0.0,1.0,0.0
2023-07-03,__ALL__,All actors,856b0ad3fffffff,5,12.438621624291777,24.27143746873513,1,1,0,0,1,0,0,0,40,0.0,0.0,0.0
2023-07-03,__ALL__,All actors,856b4287fffffff,5,13.225245724503111,30.152617420328752,1,1,0,0,1,0,1,0,1,0.0,1.0,0.0
2023-07-03,__ALL__,All actors,856b68d7fffffff,5,15.77035469261784,32.94280046627911,1,1,0,0,1,0,49,0,49,0.0,1.0,0.0
2023-07-03,__ALL__,All actors,856b6e37fffffff,5,15.523006487760396,32.57683706993741,2,2,0,0,2,0,4,0,16,0.0,0.25,0.0
2023-07-03,__ALL__,All actors,856b6eaffffffff,5,15.666591746948761,32.5105778563475,3,3,0,0,3,0,20,0,72,0.0,0.2777777777777778,0.0
2023-07-10,__ALL__,All actors,856b084bfffffff,5,12.682291556655446,24.95092036788911,1,1,0,0,1,0,8,0,8,0.0,1.0,0.0
2023-07-10,__ALL__,All actors,856b0ad3fffffff,5,12.438621624291777,24.27143746873513,1,1,0,0,1,0,3,0,3,0.0,1.0,0.0
2023-07-10,__ALL__,All actors,856b51abfffffff,5,12.039791373119341,29.622342418404127,1,1,0,0,1,2,0,0,2,0.0,0.0,0.0
2023-07-10,__ALL__,All actors,856b51b3fffffff,5,12.307738921387287,29.648411656127955,1,0,0,1,0,0,1,1,1,1.0,1.0,1.0
2023-07-10,__ALL__,All actors,856b6eaffffffff,5,15.666591746948761,32.5105778563475,5,5,0,0,5,0,5,0,50,0.0,0.1,0.0
2023-07-17,__ALL__,All actors,856b02a7fffffff,5,13.45999398207289,22.391256500715567,1,0,0,1,0,0,1,1,1,1.0,1.0,1.0
2023-07-17,__ALL__,All actors,856b032ffffffff,5,12.874105981248873,23.541366730640174,1,1,0,0,1,1,0,0,1,0.0,0.0,0.0
2023-07-17,__ALL__,All actors,856b038bfffffff,5,13.443145027750063,22.894568824204516,1,0,0,1,0,0,1,1,1,1.0,1.0,1.0
2023-07-17,__ALL__,All actors,856b0a0ffffffff,5,12.0101707938044,24.830215921368204,1,1,0,0,1,0,16,0,16,0.0,1.0,0.0
2023-07-17,__ALL__,All actors,856b4287fffffff,5,13.225245724503111,30.152617420328752,1,1,0,0,1,0,4,0,4,0.0,1.0,0.0
2023-07-17,__ALL__,All actors,856b4317fffffff,5,12.880972286537473,31.271603111564453,2,0,0,2,0,0,2,2,2,1.0,1.0,1.0
2023-07-17,__ALL__,All actors,856b6e37fffffff,5,15.523006487760396,32.57683706993741,3,3,0,0,3,11,0,0,25,0.0,0.0,0.0
2023-07-17,__ALL__,All actors,856b6eaffffffff,5,15.666591746948761,32.5105778563475,1,1,0,0,1,9,0,0,9,0.0,0.0,0.0
2023-07-24,__ALL__,All actors,856b0073fffffff,5,13.86803664339118,22.489423034857715,1,0,0,1,0,0,200,200,200,1.0,1.0,1.0
2023-07-24,__ALL__,All actors,856b032ffffffff,5,12.874105981248873,23.541366730640174,1,1,0,0,1,0,0,0,0,0.0,0.0,0.0
2023-07-24,__ALL__,All actors,856b5e1bfffffff,5,10.965939755270602,29.681033888773296,1,1,0,0,1,0,1,0,1,0.0,1.0,0.0
2023-07-24,__ALL__,All actors,856b6e37fffffff,5,15.523006487760396,32.57683706993741,3,3,0,0,3,0,6,0,6,0.0,1.0,0.0
2023-07-24,__ALL__,All actors,856b6ea3fffffff,5,15.81036943723314,32.44412721021031,1,1,0,0,1,0,0,0,0,0.0,0.0,0.0
2023-07-24,__ALL__,All actors,856b6eaffffffff,5,15.666591746948761,32.5105778563475,4,3,0,1,3,2,3,1,20,0.25,0.15,0.05
2023-07-31,__ALL__,All actors,856a2893fffffff,5,9.711114617198458,28.430779842131756,1,0,1,0,1,1,0,0,1,0.0,0.0,0.0
2023-07-31,__ALL__,All actors,856b0a0ffffffff,5,12.0101707938044,24.830215921368204,2,1,0,1,1,0,9,1,9,0.5,1.0,0.1111111111111111
2023-07-31,__ALL__,All actors,856b1d67fffffff,5,11.780299979695888,23.82447541618926,1,0,1,0,1,0,0,0,24,0.0,0.0,0.0
2023-07-31,__ALL__,All actors,856b4317fffffff,5,12.880972286537473,31.271603111564453,1,1,0,0,1,4,0,0,4,0.0,0.0,0.0
2023-07-31,__ALL__,All actors,856b6e37fffffff,5,15.523006487760396,32.57683706993741,1,1,0,0,1,15,0,0,15,0.0,0.0,0.0
2023-07-31,__ALL__,All actors,856b6eaffffffff,5,15.666591746948761,32.5105778563475,3,3,0,0,3,12,6,0,18,0.0,0.3333333333333333,0.0
2023-08-07,__ALL__,All actors,856a650bfffffff,5,10.54272399711851,34.21309112321549,1,0,0,1,0,0,4,4,4,1.0,1.0,1.0
2023-08-07,__ALL__,All actors,856b032ffffffff,5,12.874105981248873,23.541366730640174,1,1,0,0,1,0,0,0,42,0.0,0.0,0.0
2023-08-07,__ALL__,All actors,856b0a0ffffffff,5,12.0101707938044,24.830215921368204,6,5,1,0,6,0,50,0,197,0.0,0.25380710659898476,0.0
2023-08-07,__ALL__,All actors,856b1d67fffffff,5,11.780299979695888,23.82447541618926,1,0,1,0,1,0,0,0,49,0.0,0.0,0.0
2023-08-07,__ALL__,All actors,856b404bfffffff,5,13.355254129012573,30.248774237764447,1,1,0,0,1,26,0,0,26,0.0,0.0,0.0
2023-08-07,__ALL__,All actors,856b680bfffffff,5,15.339874169964126,33.13909489052418,1,0,0,1,0,0,1,1,1,1.0,1.0,1.0
2023-08-07,__ALL__,All actors,856b6eaffffffff,5,15.666591746948761,32.5105778563475,4,4,0,0,4,6,36,0,42,0.0,0.8571428571428571,0.0
2023-08-14,__ALL__,All actors,856b0a0ffffffff,5,12.0101707938044,24.830215921368204,3,3,0,0,3,0,5,0,7,0.0,0.7142857142857143,0.0
2023-08-14,__ALL__,All actors,856b0a3bfffffff,5,12.003275215866061,24.995598861904284,1,0,0,1,0,0,10,10,10,1.0,1.0,1.0
2023-08-14,__ALL__,All actors,856b51abfffffff,5,12.039791373119341,29.622342418404127,1,1,0,0,1,0,2,0,2,0.0,1.0,0.0
2023-08-14,__ALL__,All actors,856b5e1bfffffff,5,10.965939755270602,29.681033888773296,1,1,0,0,1,40,0,0,40,0.0,0.0,0.0
2023-08-14,__ALL__,All actors,856b6e37fffffff,5,15.523006487760396,32.57683706993741,3,3,0,0,3,2,9,0,11,0.0,0.8181818181818182,0.0
2023-08-14,__ALL__,All actors,856b6eaffffffff,5,15.666591746948761,32.5105778563475,3,3,0,0,3,5,4,0,9,0.0,0.4444444444444444,0.0
2023-08-21,__ALL__,All actors,856b0a0ffffffff,5,12.0101707938044,24.830215921368204,5,4,0,1,4,1,98,2,99,0.2,0.98989898989899,0.020202020202020204
2023-08-21,__ALL__,All actors,856b6e37fffffff,5,15.523006487760396,32.57683706993741,3,3,0,0,3,0,13,0,13,0.0,1.0,0.0
2023-08-21,__ALL__,All actors,856b6eaffffffff,5,15.666591746948761,32.5105778563475,2,2,0,0,2,0,7,0,7,0.0,1.0,0.0
2023-08-28,__ALL__,All actors,856a2883fffffff,5,9.576372955027766,28.499628856162758,1,0,1,0,1,0,0,0,4,0.0,0.0,0.0
2023-08-28,__ALL__,All actors,856b0a0ffffffff,5,12.0101707938044,24.830215921368204,3,3,0,0,3,0,41,0,58,0.0,0.7068965517241379,0.0
2023-08-28,__ALL__,All actors,856b4287fffffff,5,13.225245724503111,30.152617420328752,1,1,0,0,1,0,14,0,14,0.0,1.0,0.0
2023-08-28,__ALL__,All actors,856b5c03fffffff,5,11.852231191173376,30.50451296033223,1,1,0,0,1,0,0,0,2,0.0,0.0,0.0
2023-08-28,__ALL__,All actors,856b6e37fffffff,5,15.523006487760396,32.57683706993741,4,3,0,1,3,5,25,0,30,0.25,0.8333333333333334,0.0
2023-08-28,__ALL__,All actors,856b6eaffffffff,5,15.666591746948761,32.5105778563475,9,7,0,2,7,2,30,3,32,0.2222222222222222,0.9375,0.09375
2023-09-04,__ALL__,All actors,856b0897fffffff,5,13.617096818226427,25.424076053061942,1,1,0,0,1,0,2,0,2,0.0,1.0,0.0
2023-09-04,__ALL__,All actors,856b0a0ffffffff,5,12.0101707938044,24.830215921368204,1,1,0,0,1,0,1,0,1,0.0,1.0,0.0
2023-09-04,__ALL__,All actors,856b19d7fffffff,5,11.51181163746599,23.811978161112606,1,0,1,0,1,0,0,0,40,0.0,0.0,0.0
2023-09-04,__ALL__,All actors,856b6e37fffffff,5,15.523006487760396,32.57683706993741,3,3,0,0,3,0,2,0,49,0.0,0.04081632653061224,0.0
2023-09-04,__ALL__,All actors,856b6eaffffffff,5,15.666591746948761,32.5105778563475,4,4,0,0,4,0,37,0,50,0.0,0.74,0.0
2023-09-11,__ALL__,All actors,856b02a3fffffff,5,13.465387953201692,22.223469337348586,1,1,0,0,1,0,0,0,5,0.0,0.0,0.0
2023-09-11,__ALL__,All actors,856b0a0bfffffff,5,12.016970773017876,24.66478619053658,1,0,1,0,1,0,0,0,14,0.0,0.0,0.0
2023-09-11,__ALL__,All actors,856b0a0ffffffff,5,12.0101707938044,24.830215921368204,1,1,0,0,1,0,0,0,40,0.0,0.0,0.0
2023-09-11,__ALL__,All actors,856b19a7fffffff,5,11.479656537806651,24.635859312510853,2,0,2,0,2,0,0,0,9,0.0,0.0,0.0
2023-09-11,__ALL__,All actors,856b5077fffffff,5,11.707532226545537,28.359621421240988,1,1,0,0,1,2,0,0,2,0.0,0.0,0.0
2023-09-11,__ALL__,All actors,856b6eaffffffff,5,15.666591746948761,32.5105778563475,7,6,0,1,6,0,23,3,59,0.14285714285714285,0.3898305084745763,0.05084745762711865
2023-09-18,__ALL__,All actors,856b032ffffffff,5,12.874105981248873,23.541366730640174,1,1,0,0,1,0,9,0,9,0.0,1.0,0.0
2023-09-18,__ALL__,All actors,856b0a0ffffffff,5,12.0101707938044,24.830215921368204,1,1,0,0,1,0,1,0,1,0.0,1.0,0.0
2023-09-18,__ALL__,All actors,856b1d67fffffff,5,11.780299979695888,23.82447541618926,1,0,1,0,1,0,0,0,16,0.0,0.0,0.0
2023-09-18,__ALL__,All actors,856b5017fffffff,5,12.113834823442144,28.31224433044174,1,1,0,0,1,0,1,0,4,0.0,0.25,0.0
2023-09-18,__ALL__,All actors,856b6e37fffffff,5,15.523006487760396,32.57683706993741,7,7,0,0,7,0,10,0,10,0.0,1.0,0.0
2023-09-18,__ALL__,All actors,856b6eaffffffff,5,15.666591746948761,32.5105778563475,4,4,0,0,4,0,9,0,9,0.0,1.0,0.0
2023-09-25,__ALL__,All actors,856a247bfffffff,5,10.788802839134618,25.1728370179604,1,0,1,0,1,0,0,0,3,0.0,0.0,0.0
2023-09-25,__ALL__,All actors,856a2883fffffff,5,9.576372955027766,28.499628856162758,1,0,1,0,1,0,0,0,11,0.0,0.0,0.0
2023-09-25,__ALL__,All actors,856b032ffffffff,5,12.874105981248873,23.541366730640174,2,1,0,1,1,0,30,24,30,0.5,1.0,0.8
2023-09-25,__ALL__,All actors,856b0a0ffffffff,5,12.0101707938044,24.830215921368204,1,1,0,0,1,0,0,0,15,0.0,0.0,0.0
2023-09-25,__ALL__,All actors,856b4317fffffff,5,12.880972286537473,31.271603111564453,1,1,0,0,1,4,0,0,4,0.0,0.0,0.0
2023-09-25,__ALL__,All actors,856b43a7fffffff,5,12.987613726092313,31.694720542113796,1,1,0,0,1,0,8,0,8,0.0,1.0,0.0
2023-09-25,__ALL__,All actors,856b6e2ffffffff,5,15.249419818998454,32.54329883583084,1,1,0,0,1,0,0,0,35,0.0,0.0,0.0
2023-09-25,__ALL__,All actors,856b6e37fffffff,5,15.523006487760396,32.57683706993741,3,3,0,0,3,0,10,0,10,0.0,1.0,0.0
2023-09-25,__ALL__,All actors,856b6eaffffffff,5,15.666591746948761,32.5105778563475,6,6,0,0,6,0,36,0,36,0.0,1.0,0.0
2023-10-02,__ALL__,All actors,856b032ffffffff,5,12.874105981248873,23.541366730640174,1,0,0,1,0,0,1,1,1,1.0,1.0,1.0
2023-10-02,__ALL__,All actors,856b4287fffffff,5,13.225245724503111,30.152617420328752,2,2,0,0,2,2,1,0,7,0.0,0.14285714285714285,0.0
2023-10-02,__ALL__,All actors,856b51abfffffff,5,12.039791373119341,29.622342418404127,2,0,2,0,2,10,0,0,10,0.0,0.0,0.0
2023-10-02,__ALL__,All actors,856b6e2ffffffff,5,15.249419818998454,32.54329883583084,2,2,0,0,2,0,0,0,190,0.0,0.0,0.0
2023-10-02,__ALL__,All actors,856b6e37fffffff,5,15.523006487760396,32.57683706993741,1,1,0,0,1,0,3,0,3,0.0,1.0,0.0
2023-10-02,__ALL__,All actors,856b6eaffffffff,5,15.666591746948761,32.5105778563475,3,2,0,1,2,0,22,1,22,0.3333333333333333,1.0,0.045454545454545456
2023-10-09,__ALL__,All actors,856b4287fffffff,5,13.225245724503111,30.152617420328752,1,1,0,0,1,0,0,0,3,0.0,0.0,0.0
2023-10-09,__ALL__,All actors,856b51abfffffff,5,12.039791373119341,29.622342418404127,1,1,0,0,1,0,1,0,1,0.0,1.0,0.0
2023-10-09,__ALL__,All actors,856b6e37fffffff,5,15.523006487760396,32.57683706993741,1,1,0,0,1,1,0,0,1,0.0,0.0,0.0
2023-10-09,__ALL__,All actors,856b6eaffffffff,5,15.666591746948761,32.5105778563475,3,3,0,0,3,0,8,0,25,0.0,0.32,0.0
2023-10-16,__ALL__,All actors,856a2467fffffff,5,10.774954647265377,25.49985143595721,1,0,1,0,1,0,0,0,51,0.0,0.0,0.0
2023-10-16,__ALL__,All actors,856b032ffffffff,5,12.874105981248873,23.541366730640174,2,2,0,0,2,0,2,0,4,0.0,0.5,0.0
2023-10-16,__ALL__,All actors,856b43a7fffffff,5,12.987613726092313,31.694720542113796,1,0,0,1,0,0,2,2,2,1.0,1.0,1.0
2023-10-23,__ALL__,All actors,856a247bfffffff,5,10.788802839134618,25.1728370179604,2,0,2,0,2,0,0,0,91,0.0,0.0,0.0
2023-10-23,__ALL__,All actors,856b032ffffffff,5,12.874105981248873,23.541366730640174,2,2,0,0,2,0,0,0,5,0.0,0.0,0.0
2023-10-23,__ALL__,All actors,856b0897fffffff,5,13.617096818226427,25.424076053061942,1,1,0,0,1,0,0,0,10,0.0,0.0,0.0
2023-10-23,__ALL__,All actors,856b0a0ffffffff,5,12.0101707938044,24.830215921368204,4,3,0,1,3,3,13,10,59,0.25,0.22033898305084745,0.1694915254237288
2023-10-23,__ALL__,All actors,856b436ffffffff,5,12.205946599272277,31.2783539360464,1,1,0,0,1,0,1,0,1,0.0,1.0,0.0
2023-10-23,__ALL__,All actors,856b6e37fffffff,5,15.523006487760396,32.57683706993741,1,1,0,0,1,0,2,0,2,0.0,1.0,0.0
2023-10-23,__ALL__,All actors,856b6eaffffffff,5,15.666591746948761,32.5105778563475,2,2,0,0,2,24,3,0,27,0.0,0.1111111111111111,0.0
2023-10-30,__ALL__,All actors,856b02a7fffffff,5,13.45999398207289,22.391256500715567,1,1,0,0,1,0,0,0,15,0.0,0.0,0.0
2023-10-30,__ALL__,All actors,856b032ffffffff,5,12.874105981248873,23.541366730640174,1,1,0,0,1,0,1,0,1,0.0,1.0,0.0
2023-10-30,__ALL__,All actors,856b03d3fffffff,5,13.454488741595142,22.559037387434365,9,4,0,5,4,6,1050,1040,1795,0.5555555555555556,0.584958217270195,0.5793871866295265
2023-10-30,__ALL__,All actors,856b0897fffffff,5,13.617096818226427,25.424076053061942,1,1,0,0,1,0,0,0,1,0.0,0.0,0.0
2023-10-30,__ALL__,All actors,856b4287fffffff,5,13.225245724503111,30.152617420328752,1,1,0,0,1,0,1,0,1,0.0,1.0,0.0
2023-10-30,__ALL__,All actors,856b5077fffffff,5,11.707532226545537,28.359621421240988,1,1,0,0,1,0,0,0,0,0.0,0.0,0.0
2023-10-30,__ALL__,All actors,856b6e37fffffff,5,15.523006487760396,32.57683706993741,1,1,0,0,1,0,15,0,15,0.0,1.0,0.0
2023-10-30,__ALL__,All actors,856b6eaffffffff,5,15.666591746948761,32.5105778563475,2,2,0,0,2,0,0,0,14,0.0,0.0,0.0
2023-11-06,__ALL__,All actors,856a26b7fffffff,5,10.659372314732288,25.083376188202855,1,0,1,0,1,0,0,0,30,0.0,0.0,0.0
2023-11-06,__ALL__,All actors,856b03d3fffffff,5,13.454488741595142,22.559037387434365,2,0,0,2,0,0,60,60,60,1.0,1.0,1.0
2023-11-06,__ALL__,All actors,856b0897fffffff,5,13.617096818226427,25.424076053061942,3,3,0,0,3,1,2,0,8,0.0,0.25,0.0
2023-11-06,__ALL__,All actors,856b4313fffffff,5,12.891859824223866,31.10826413344214,1,0,0,1,0,0,9,9,9,1.0,1.0,1.0
2023-11-06,__ALL__,All actors,856b6e2ffffffff,5,15.249419818998454,32.54329883583084,2,2,0,0,2,0,71,0,71,0.0,1.0,0.0
2023-11-06,__ALL__,All actors,856b6eaffffffff,5,15.666591746948761,32.5105778563475,3,3,0,0,3,0,3,0,17,0.0,0.17647058823529413,0.0
2023-11-13,__ALL__,All actors,856b6e2ffffffff,5,15.249419818998454,32.54329883583084,1,1,0,0,1,3,0,0,7,0.0,0.0,0.0
2023-11-20,__ALL__,All actors,856a25d7fffffff,5,11.416072472580225,26.115900548809837,1,1,0,0,1,0,40,0,40,0.0,1.0,0.0
2023-11-20,__ALL__,All actors,856b6eaffffffff,5,15.666591746948761,32.5105778563475,3,3,0,0,3,0,2,0,16,0.0,0.125,0.0
2023-11-20,__ALL__,All actors,856b712ffffffff,5,14.496724675418257,29.527796281782496,1,1,0,0,1,0,0,0,7,0.0,0.0,0.0
2023-11-27,__ALL__,All actors,856a2883fffffff,5,9.576372955027766,28.499628856162758,1,0,1,0,1,0,0,0,6,0.0,0.0,0.0
2023-11-27,__ALL__,All actors,856b52bbfffffff,5,11.337018718490974,27.753918817936633,1,1,0,0,1,1,0,0,1,0.0,0.0,0.0
2023-11-27,__ALL__,All actors,856b6eaffffffff,5,15.666591746948761,32.5105778563475,1,1,0,0,1,0,4,0,4,0.0,1.0,0.0
2023-11-27,__ALL__,All actors,856b712ffffffff,5,14.496724675418257,29.527796281782496,1,1,0,0,1,0,4,0,4,0.0,1.0,0.0
2023-12-04,__ALL__,All actors,856b51affffffff,5,12.030134169840528,29.7855726535072,1,0,0,1,0,0,4,4,4,1.0,1.0,1.0
2023-12-04,__ALL__,All actors,856b6e37fffffff,5,15.523006487760396,32.57683706993741,1,1,0,0,1,0,2,0,2,0.0,1.0,0.0
2023-12-04,__ALL__,All actors,856b6eaffffffff,5,15.666591746948761,32.5105778563475,2,2,0,0,2,0,7,0,7,0.0,1.0,0.0
2023-12-04,__ALL__,All actors,856b7077fffffff,5,14.586735638130152,28.020551626896516,1,1,0,0,1,0,0,0,5,0.0,0.0,0.0
2023-12-11,__ALL__,All actors,856b0a0ffffffff,5,12.0101707938044,24.830215921368204,1,1,0,0,1,0,0,0,6,0.0,0.0,0.0
2023-12-11,__ALL__,All actors,856b0c2ffffffff,5,13.757616890803206,25.34844956941545,1,1,0,0,1,0,2,0,2,0.0,1.0,0.0
2023-12-11,__ALL__,All actors,856b5ccbfffffff,5,11.88192621135297,30.016732410402085,1,0,0,1,0,0,13,13,13,1.0,1.0,1.0
2023-12-11,__ALL__,All actors,856b6b1bfffffff,5,14.484353147764434,33.52660543136047,3,3,0,0,3,2,5,0,304,0.0,0.01644736842105263,0.0
2023-12-18,__ALL__,All actors,856b4287fffffff,5,13.225245724503111,30.152617420328752,1,1,0,0,1,0,2,0,2,0.0,1.0,0.0
2023-12-18,__ALL__,All actors,856b6b1bfffffff,5,14.484353147764434,33.52660543136047,1,0,0,1,0,0,1,1,1,1.0,1.0,1.0
2023-12-18,__ALL__,All actors,856b6bd3fffffff,5,14.781916997454012,33.234068187157774,1,0,0,1,0,0,2,2,2,1.0,1.0,1.0
2023-12-18,__ALL__,All actors,856b6bd7fffffff,5,14.768703203995601,33.398181540419955,1,0,0,1,0,0,2,2,2,1.0,1.0,1.0
2023-12-25,__ALL__,All actors,856a2883fffffff,5,9.576372955027766,28.499628856162758,1,0,1,0,1,0,0,0,6,0.0,0.0,0.0
2023-12-25,__ALL__,All actors,856b0a0ffffffff,5,12.0101707938044,24.830215921368204,1,1,0,0,1,0,30,0,30,0.0,1.0,0.0
2023-12-25,__ALL__,All actors,856b5ccbfffffff,5,11.88192621135297,30.016732410402085,1,0,0,1,0,0,8,8,8,1.0,1.0,1.0
2023-12-25,__ALL__,All actors,856b6b1bfffffff,5,14.484353147764434,33.52660543136047,1,0,0,1,0,0,1,1,1,1.0,1.0,1.0
2023-12-25,__ALL__,All actors,856b6b53fffffff,5,14.368587889587243,33.2637641534057,1,1,0,0,1,0,0,0,4,0.0,0.0,0.0
2023-12-25,__ALL__,All actors,856b6bc3fffffff,5,14.639599355537094,33.298646533523275,1,0,0,1,0,0,1,1,1,1.0,1.0,1.0
2024-01-01,__ALL__,All actors,856b40cffffffff,5,13.756528642419191,30.3731773839385,1,1,0,0,1,3,0,0,3,0.0,0.0,0.0
2024-01-01,__ALL__,All actors,856b51abfffffff,5,12.039791373119341,29.622342418404127,1,0,0,1,0,0,17,17,17,1.0,1.0,1.0
2024-01-01,__ALL__,All actors,856b51affffffff,5,12.030134169840528,29.7855726535072,1,0,0,1,0,0,4,4,4,1.0,1.0,1.0
2024-01-01,__ALL__,All actors,856b5c53fffffff,5,11.743680749110238,30.08460474265854,1,0,0,1,0,0,21,21,21,1.0,1.0,1.0
2024-01-01,__ALL__,All actors,856b5ccbfffffff,5,11.88192621135297,30.016732410402085,1,0,0,1,0,0,1,1,1,1.0,1.0,1.0
2024-01-01,__ALL__,All actors,856b6b1bfffffff,5,14.484353147764434,33.52660543136047,2,1,0,1,1,0,9,3,14,0.5,0.6428571428571429,0.21428571428571427
2024-01-01,__ALL__,All actors,856b6b6bfffffff,5,13.931167296261178,33.61876134125003,1,1,0,0,1,0,7,0,7,0.0,1.0,0.0
2024-01-01,__ALL__,All actors,856b6bd7fffffff,5,14.768703203995601,33.398181540419955,1,0,0,1,0,0,1,1,1,1.0,1.0,1.0
2024-01-01,__ALL__,All actors,856b6c73fffffff,5,16.202578508294817,32.744789763100805,2,2,0,0,2,0,3,0,3,0.0,1.0,0.0
2024-01-01,__ALL__,All actors,856b6e97fffffff,5,16.111653402951703,32.143513396531354,1,1,0,0,1,0,1,0,1,0.0,1.0,0.0
2024-01-01,__ALL__,All actors,856b6eabfffffff,5,15.679675700261631,32.344269579727474,1,0,0,1,0,0,9,9,9,1.0,1.0,1.0
2024-01-08,__ALL__,All actors,856b0a0ffffffff,5,12.0101707938044,24.830215921368204,2,2,0,0,2,0,7,0,7,0.0,1.0,0.0
2024-01-08,__ALL__,All actors,856b4ca7fffffff,5,13.802958103861757,33.51983570704063,1,1,0,0,1,0,2,0,2,0.0,1.0,0.0
2024-01-08,__ALL__,All actors,856b51abfffffff,5,12.039791373119341,29.622342418404127,1,1,0,0,1,3,0,0,3,0.0,0.0,0.0
2024-01-08,__ALL__,All actors,856b6853fffffff,5,15.366477555999683,32.80848485005667,1,0,0,1,0,0,1,1,1,1.0,1.0,1.0
2024-01-08,__ALL__,All actors,856b687bfffffff,5,15.067168834298581,33.104350983654285,1,0,0,1,0,0,6,6,6,1.0,1.0,1.0
2024-01-08,__ALL__,All actors,856b6a8bfffffff,5,14.84643178702341,32.410751731197266,1,1,0,0,1,0,7,0,7,0.0,1.0,0.0
2024-01-08,__ALL__,All actors,856b6b6bfffffff,5,13.931167296261178,33.61876134125003,1,1,0,0,1,0,10,0,10,0.0,1.0,0.0
2024-01-08,__ALL__,All actors,856b6e37fffffff,5,15.523006487760396,32.57683706993741,3,3,0,0,3,0,33,0,36,0.0,0.9166666666666666,0.0
2024-01-08,__ALL__,All actors,856b6e97fffffff,5,16.111653402951703,32.143513396531354,1,1,0,0,1,0,1,0,1,0.0,1.0,0.0
2024-01-08,__ALL__,All actors,856b6eaffffffff,5,15.666591746948761,32.5105778563475,2,2,0,0,2,0,1,0,4,0.0,0.25,0.0
2024-01-15,__ALL__,All actors,856b2a37fffffff,5,15.022363407245473,24.82888898186477,1,1,0,0,1,0,0,0,12,0.0,0.0,0.0
2024-01-15,__ALL__,All actors,856b4c33fffffff,5,13.546660813884062,33.32249344951398,1,1,0,0,1,0,0,0,9,0.0,0.0,0.0
2024-01-15,__ALL__,All actors,856b5207fffffff,5,11.07078885710619,27.732367857903256,1,1,0,0,1,0,9,0,11,0.0,0.8181818181818182,0.0
2024-01-15,__ALL__,All actors,856b68bbfffffff,5,15.729328193164328,33.439805035509984,1,1,0,0,1,0,10,0,10,0.0,1.0,0.0
2024-01-15,__ALL__,All actors,856b6eaffffffff,5,15.666591746948761,32.5105778563475,1,0,0,1,0,0,1,1,1,1.0,1.0,1.0
2024-01-22,__ALL__,All actors,8552b26bfffffff,5,12.858275146907221,35.17926353990695,1,0,1,0,1,0,0,0,5,0.0,0.0,0.0
2024-01-22,__ALL__,All actors,856a2817fffffff,5,9.307578202525233,28.636792160469263,2,0,2,0,2,0,0,0,54,0.0,0.0,0.0
2024-01-22,__ALL__,All actors,856b0c2ffffffff,5,13.757616890803206,25.34844956941545,1,1,0,0,1,0,0,0,2,0.0,0.0,0.0
2024-01-22,__ALL__,All actors,856b0dc3fffffff,5,14.157548064133358,25.625693667300094,2,2,0,0,2,0,0,0,9,0.0,0.0,0.0
2024-01-22,__ALL__,All actors,856b1b87fffffff,5,10.716934500846234,23.611112543659967,1,1,0,0,1,0,0,0,8,0.0,0.0,0.0
2024-01-22,__ALL__,All actors,856b5207fffffff,5,11.07078885710619,27.732367857903256,1,1,0,0,1,0,8,0,8,0.0,1.0,0.0
2024-01-22,__ALL__,All actors,856b52bbfffffff,5,11.337018718490974,27.753918817936633,3,3,0,0,3,0,16,0,43,0.0,0.37209302325581395,0.0
2024-01-22,__ALL__,All actors,856b6e37fffffff,5,15.523006487760396,32.57683706993741,2,2,0,0,2,0,1,0,2,0.0,0.5,0.0
2024-01-22,__ALL__,All actors,856b6e97fffffff,5,16.111653402951703,32.143513396531354,1,1,0,0,1,0,1,0,1,0.0,1.0,0.0
2024-01-22,__ALL__,All actors,856b6eaffffffff,5,15.666591746948761,32.5105778563475,3,3,0,0,3,6,4,0,14,0.0,0.2857142857142857,0.0
2024-01-29,__ALL__,All actors,856a2883fffffff,5,9.576372955027766,28.499628856162758,2,0,2,0,2,0,0,0,37,0.0,0.0,0.0
2024-01-29,__ALL__,All actors,856b0897fffffff,5,13.617096818226427,25.424076053061942,2,2,0,0,2,0,5,0,5,0.0,1.0,0.0
2024-01-29,__ALL__,All actors,856b6a23fffffff,5,14.394286067063872,32.93624621305424,1,0,0,1,0,0,12,12,12,1.0,1.0,1.0
2024-01-29,__ALL__,All actors,856b6a2ffffffff,5,14.252483117643951,33.00108234762603,1,0,0,1,0,0,5,5,5,1.0,1.0,1.0
2024-01-29,__ALL__,All actors,856b6a33fffffff,5,14.536297645561135,32.87122396847487,1,0,0,1,0,0,15,15,15,1.0,1.0,1.0
2024-01-29,__ALL__,All actors,856b6b4ffffffff,5,14.085344574226403,33.39216775081777,1,0,0,1,0,0,1,1,1,1.0,1.0,1.0
2024-01-29,__ALL__,All actors,856b6b57fffffff,5,14.355589874543668,33.42724592601439,1,0,0,1,0,0,2,2,2,1.0,1.0,1.0
2024-01-29,__ALL__,All actors,856b6bc3fffffff,5,14.639599355537094,33.298646533523275,6,0,0,6,0,0,22,22,22,1.0,1.0,1.0
2024-01-29,__ALL__,All actors,856b6bcbfffffff,5,14.510526404273525,33.199284904221805,2,0,0,2,0,0,7,7,7,1.0,1.0,1.0
2024-01-29,__ALL__,All actors,856b6eaffffffff,5,15.666591746948761,32.5105778563475,1,1,0,0,1,10,0,0,10,0.0,0.0,0.0
2024-02-05,__ALL__,All actors,856b0897fffffff,5,13.617096818226427,25.424076053061942,1,1,0,0,1,0,0,0,2,0.0,0.0,0.0
2024-02-05,__ALL__,All actors,856b2a37fffffff,5,15.022363407245473,24.82888898186477,1,1,0,0,1,0,0,0,5,0.0,0.0,0.0
2024-02-05,__ALL__,All actors,856b5137fffffff,5,11.891652933465702,29.853875873317154,1,0,0,1,0,0,3,3,3,1.0,1.0,1.0
2024-02-05,__ALL__,All actors,856b51abfffffff,5,12.039791373119341,29.622342418404127,1,0,0,1,0,0,22,22,22,1.0,1.0,1.0
2024-02-05,__ALL__,All actors,856b5c03fffffff,5,11.852231191173376,30.50451296033223,1,0,0,1,0,0,4,4,4,1.0,1.0,1.0
2024-02-05,__ALL__,All actors,856b5c53fffffff,5,11.743680749110238,30.08460474265854,1,0,0,1,0,0,12,12,12,1.0,1.0,1.0
2024-02-05,__ALL__,All actors,856b5c8bfffffff,5,12.12924913438355,30.36970805847137,1,0,0,1,0,0,24,24,24,1.0,1.0,1.0
2024-02-05,__ALL__,All actors,856b5ccbfffffff,5,11.88192621135297,30.016732410402085,1,0,0,1,0,0,23,23,23,1.0,1.0,1.0
2024-02-05,__ALL__,All actors,856b6bc3fffffff,5,14.639599355537094,33.298646533523275,2,0,0,2,0,0,6,6,6,1.0,1.0,1.0
2024-02-05,__ALL__,All actors,856b6eaffffffff,5,15.666591746948761,32.5105778563475,1,1,0,0,1,0,0,0,24,0.0,0.0,0.0
2024-02-12,__ALL__,All actors,856b434bfffffff,5,12.37639356682033,30.72372474091405,1,0,0,1,0,0,41,41,41,1.0,1.0,1.0
2024-02-12,__ALL__,All actors,856b5137fffffff,5,11.891652933465702,29.853875873317154,1,0,0,1,0,0,8,8,8,1.0,1.0,1.0
2024-02-12,__ALL__,All actors,856b5c03fffffff,5,11.852231191173376,30.50451296033223,1,0,0,1,0,0,8,8,8,1.0,1.0,1.0
2024-02-12,__ALL__,All actors,856b5ccbfffffff,5,11.88192621135297,30.016732410402085,1,0,0,1,0,0,8,8,8,1.0,1.0,1.0
2024-02-19,__ALL__,All actors,856a25d7fffffff,5,11.416072472580225,26.115900548809837,1,1,0,0,1,0,5,0,10,0.0,0.5,0.0
2024-02-19,__ALL__,All actors,856b5ccbfffffff,5,11.88192621135297,30.016732410402085,1,0,0,1,0,0,24,24,24,1.0,1.0,1.0
2024-02-19,__ALL__,All actors,856b6aa7fffffff,5,14.795028048612995,33.06976831916465,1,0,0,1,0,0,2,2,2,1.0,1.0,1.0
2024-02-19,__ALL__,All actors,856b6aaffffffff,5,14.665646171769,32.97040852436593,1,0,0,1,0,0,4,4,4,1.0,1.0,1.0
2024-02-19,__ALL__,All actors,856b6e37fffffff,5,15.523006487760396,32.57683706993741,2,2,0,0,2,0,11,0,14,0.0,0.7857142857142857,0.0
2024-02-19,__ALL__,All actors,856b6eaffffffff,5,15.666591746948761,32.5105778563475,2,2,0,0,2,1,0,0,5,0.0,0.0,0.0
2024-02-26,__ALL__,All actors,856b0857fffffff,5,12.946632048262824,25.13297413560665,1,0,0,1,0,0,1,1,1,1.0,1.0,1.0
2024-02-26,__ALL__,All actors,856b0ad3fffffff,5,12.438621624291777,24.27143746873513,1,0,0,1,0,0,0,0,0,1.0,0.0,0.0
2024-02-26,__ALL__,All actors,856b4cb7fffffff,5,13.94404335170838,33.4560933679697,1,0,0,1,0,0,16,16,16,1.0,1.0,1.0
2024-02-26,__ALL__,All actors,856b6eaffffffff,5,15.666591746948761,32.5105778563475,1,1,0,0,1,0,1,0,1,0.0,1.0,0.0
2024-03-04,__ALL__,All actors,856b0c2ffffffff,5,13.757616890803206,25.34844956941545,1,1,0,0,1,0,0,0,5,0.0,0.0,0.0
2024-03-04,__ALL__,All actors,856b5207fffffff,5,11.07078885710619,27.732367857903256,1,1,0,0,1,0,2,0,2,0.0,1.0,0.0
2024-03-04,__ALL__,All actors,856b52bbfffffff,5,11.337018718490974,27.753918817936633,1,1,0,0,1,0,0,0,3,0.0,0.0,0.0
2024-03-04,__ALL__,All actors,856b555bfffffff,5,12.652205894555758,28.358529475015647,1,0,0,1,0,0,5,5,5,1.0,1.0,1.0
2024-03-04,__ALL__,All actors,856b6aa7fffffff,5,14.795028048612995,33.06976831916465,2,0,0,2,0,0,9,9,9,1.0,1.0,1.0
2024-03-04,__ALL__,All actors,856b6bc3fffffff,5,14.639599355537094,33.298646533523275,1,0,0,1,0,0,4,4,4,1.0,1.0,1.0
2024-03-04,__ALL__,All actors,856b6bd3fffffff,5,14.781916997454012,33.234068187157774,1,0,0,1,0,0,3,3,3,1.0,1.0,1.0
2024-03-11,__ALL__,All actors,856b0897fffffff,5,13.617096818226427,25.424076053061942,1,1,0,0,1,0,1,0,1,0.0,1.0,0.0
2024-03-11,__ALL__,All actors,856b4227fffffff,5,12.6550107088778,30.588954548251603,1,0,0,1,0,0,0,0,4,1.0,0.0,0.0
2024-03-11,__ALL__,All actors,856b52bbfffffff,5,11.337018718490974,27.753918817936633,2,1,0,1,1,0,6,3,6,0.5,1.0,0.5
2024-03-11,__ALL__,All actors,856b5c4bfffffff,5,11.477514217775266,30.057683044979193,1,1,0,0,1,0,13,0,14,0.0,0.9285714285714286,0.0
2024-03-11,__ALL__,All actors,856b5e3bfffffff,5,10.81059109299894,30.07154217866512,1,1,0,0,1,0,5,0,5,0.0,1.0,0.0
2024-03-11,__ALL__,All actors,856b6853fffffff,5,15.366477555999683,32.80848485005667,1,0,0,1,0,0,1,1,1,1.0,1.0,1.0
2024-03-11,__ALL__,All actors,856b6aaffffffff,5,14.665646171769,32.97040852436593,1,0,0,1,0,0,8,8,8,1.0,1.0,1.0
2024-03-18,__ALL__,All actors,856b0897fffffff,5,13.617096818226427,25.424076053061942,2,2,0,0,2,0,2,0,6,0.0,0.3333333333333333,0.0
2024-03-18,__ALL__,All actors,856b52bbfffffff,5,11.337018718490974,27.753918817936633,2,2,0,0,2,0,7,0,7,0.0,1.0,0.0
2024-03-18,__ALL__,All actors,856b6aaffffffff,5,14.665646171769,32.97040852436593,1,0,0,1,0,0,1,1,1,1.0,1.0,1.0
2024-03-18,__ALL__,All actors,856b6b8bfffffff,5,14.755387329592146,33.56210600811757,1,0,0,1,0,0,1,1,1,1.0,1.0,1.0
2024-03-18,__ALL__,All actors,856b6bc3fffffff,5,14.639599355537094,33.298646533523275,1,0,0,1,0,0,1,1,1,1.0,1.0,1.0
2024-03-18,__ALL__,All actors,856b6bdbfffffff,5,14.652673737370709,33.1346198391187,2,0,0,2,0,0,3,3,3,1.0,1.0,1.0
2024-03-18,__ALL__,All actors,856b6e37fffffff,5,15.523006487760396,32.57683706993741,1,0,0,1,0,0,1,1,1,1.0,1.0,1.0
2024-03-18,__ALL__,All actors,856b6eaffffffff,5,15.666591746948761,32.5105778563475,3,2,0,1,2,27,4,4,31,0.3333333333333333,0.12903225806451613,0.12903225806451613
2024-03-25,__ALL__,All actors,856b0897fffffff,5,13.617096818226427,25.424076053061942,2,2,0,0,2,3,12,0,15,0.0,0.8,0.0
2024-03-25,__ALL__,All actors,856b0bcbfffffff,5,12.120289160732657,25.416979752220843,1,0,0,1,0,0,3,3,3,1.0,1.0,1.0
2024-03-25,__ALL__,All actors,856b4c3bfffffff,5,13.418577555213474,33.22407712044353,1,0,0,1,0,0,16,16,16,1.0,1.0,1.0
2024-03-25,__ALL__,All actors,856b4cb7fffffff,5,13.94404335170838,33.4560933679697,1,0,0,1,0,0,12,12,12,1.0,1.0,1.0
2024-03-25,__ALL__,All actors,856b4cbbfffffff,5,13.828344148496193,33.19448040827256,1,0,0,1,0,0,5,5,5,1.0,1.0,1.0
2024-03-25,__ALL__,All actors,856b6a37fffffff,5,14.523462598758716,33.035345802216696,1,0,0,1,0,0,1,1,1,1.0,1.0,1.0
2024-03-25,__ALL__,All actors,856b6b4bfffffff,5,14.098166026170027,33.229042472524036,1,0,0,1,0,0,13,13,13,1.0,1.0,1.0
2024-03-25,__ALL__,All actors,856b6eabfffffff,5,15.679675700261631,32.344269579727474,1,0,0,1,0,0,3,3,3,1.0,1.0,1.0
2024-03-25,__ALL__,All actors,856b6eaffffffff,5,15.666591746948761,32.5105778563475,3,2,0,1,2,33,1,1,34,0.3333333333333333,0.029411764705882353,0.029411764705882353
2024-04-01,__ALL__,All actors,855393b7fffffff,5,17.772085294404857,33.963720667814314,1,1,0,0,1,0,0,0,12,0.0,0.0,0.0
2024-04-01,__ALL__,All actors,856b0897fffffff,5,13.617096818226427,25.424076053061942,4,2,0,2,2,0,17,15,40,0.5,0.425,0.375
2024-04-01,__ALL__,All actors,856b0e93fffffff,5,13.673401348561217,24.081628252479913,1,1,0,0,1,0,0,0,2,0.0,0.0,0.0
2024-04-01,__ALL__,All actors,856b437bfffffff,5,12.355454071552648,31.049391526807625,1,0,0,1,0,0,24,24,24,1.0,1.0,1.0
2024-04-01,__ALL__,All actors,856b6b0ffffffff,5,14.329299208427093,33.75364336693428,1,1,0,0,1,0,2,0,2,0.0,1.0,0.0
2024-04-01,__ALL__,All actors,856b6b1bfffffff,5,14.484353147764434,33.52660543136047,1,1,0,0,1,0,0,0,0,0.0,0.0,0.0
2024-04-01,__ALL__,All actors,856b6bdbfffffff,5,14.652673737370709,33.1346198391187,1,0,0,1,0,0,28,28,28,1.0,1.0,1.0
2024-04-01,__ALL__,All actors,856b6e37fffffff,5,15.523006487760396,32.57683706993741,1,1,0,0,1,0,3,0,24,0.0,0.125,0.0
2024-04-08,__ALL__,All actors,856b0897fffffff,5,13.617096818226427,25.424076053061942,5,3,0,2,3,0,30,17,55,0.4,0.5454545454545454,0.3090909090909091
2024-04-08,__ALL__,All actors,856b0dc3fffffff,5,14.157548064133358,25.625693667300094,2,2,0,0,2,0,0,0,4,0.0,0.0,0.0
2024-04-08,__ALL__,All actors,856b2b4ffffffff,5,14.58940264044183,25.228894662485818,1,1,0,0,1,0,1,0,1,0.0,1.0,0.0
2024-04-08,__ALL__,All actors,856b4287fffffff,5,13.225245724503111,30.152617420328752,1,1,0,0,1,0,5,0,5,0.0,1.0,0.0
2024-04-08,__ALL__,All actors,856b68a3fffffff,5,15.715431120031816,33.60509094769738,1,1,0,0,1,0,0,0,13,0.0,0.0,0.0
2024-04-15,__ALL__,All actors,856b0897fffffff,5,13.617096818226427,25.424076053061942,1,1,0,0,1,0,0,0,18,0.0,0.0,0.0
2024-04-15,__ALL__,All actors,856b0a0ffffffff,5,12.0101707938044,24.830215921368204,1,1,0,0,1,0,4,0,4,0.0,1.0,0.0
2024-04-15,__ALL__,All actors,856b0c27fffffff,5,13.890820641102401,25.440659577064963,1,0,0,1,0,0,4,4,4,1.0,1.0,1.0
2024-04-15,__ALL__,All actors,856b0cc7fffffff,5,14.201760031416846,24.61463456526655,1,1,0,0,1,0,13,0,13,0.0,1.0,0.0
2024-04-15,__ALL__,All actors,856b4287fffffff,5,13.225245724503111,30.152617420328752,3,3,0,0,3,0,7,0,8,0.0,0.875,0.0
2024-04-15,__ALL__,All actors,856b4343fffffff,5,12.505145215491595,30.819590790473818,2,1,0,1,1,2,18,18,20,0.5,0.9,0.9
2024-04-15,__ALL__,All actors,856b434bfffffff,5,12.37639356682033,30.72372474091405,1,0,0,1,0,0,23,23,23,1.0,1.0,1.0
2024-04-15,__ALL__,All actors,856b6853fffffff,5,15.366477555999683,32.80848485005667,1,0,0,1,0,0,1,1,1,1.0,1.0,1.0
2024-04-15,__ALL__,All actors,856b6aa7fffffff,5,14.795028048612995,33.06976831916465,1,1,0,0,1,0,0,0,5,0.0,0.0,0.0
2024-04-15,__ALL__,All actors,856b6b1bfffffff,5,14.484353147764434,33.52660543136047,1,1,0,0,1,0,2,0,2,0.0,1.0,0.0
2024-04-15,__ALL__,All actors,856b6e37fffffff,5,15.523006487760396,32.57683706993741,1,1,0,0,1,0,1,0,1,0.0,1.0,0.0
2024-04-22,__ALL__,All actors,856b0dc3fffffff,5,14.157548064133358,25.625693667300094,1,1,0,0,1,0,7,0,7,0.0,1.0,0.0
2024-04-22,__ALL__,All actors,856b52bbfffffff,5,11.337018718490974,27.753918817936633,1,1,0,0,1,5,0,0,5,0.0,0.0,0.0
2024-04-22,__ALL__,All actors,856b6e37fffffff,5,15.523006487760396,32.57683706993741,1,0,0,1,0,0,1,1,1,1.0,1.0,1.0
2024-04-29,__ALL__,All actors,856b0897fffffff,5,13.617096818226427,25.424076053061942,2,1,0,1,1,0,4,1,4,0.5,1.0,0.25
2024-04-29,__ALL__,All actors,856b4287fffffff,5,13.225245724503111,30.152617420328752,1,1,0,0,1,7,0,0,7,0.0,0.0,0.0
2024-04-29,__ALL__,All actors,856b42b3fffffff,5,13.214789671223274,30.317184588701977,1,0,0,1,0,0,16,16,16,1.0,1.0,1.0
2024-04-29,__ALL__,All actors,856b52bbfffffff,5,11.337018718490974,27.753918817936633,1,1,0,0,1,0,4,0,4,0.0,1.0,0.0
2024-05-06,__ALL__,All actors,856b088bfffffff,5,13.351412988099886,25.240335793837772,1,0,0,1,0,0,1,1,1,1.0,1.0,1.0
2024-05-06,__ALL__,All actors,856b0897fffffff,5,13.617096818226427,25.424076053061942,8,8,0,0,8,0,77,0,147,0.0,0.5238095238095238,0.0
2024-05-06,__ALL__,All actors,856b0c27fffffff,5,13.890820641102401,25.440659577064963,1,0,0,1,0,0,8,8,8,1.0,1.0,1.0
2024-05-06,__ALL__,All actors,856b1993fffffff,5,11.774016815712397,23.989708911220024,1,0,1,0,1,4,0,0,4,0.0,0.0,0.0
2024-05-06,__ALL__,All actors,856b428ffffffff,5,13.095312599951582,30.056645183307552,1,1,0,0,1,0,14,0,14,0.0,1.0,0.0
2024-05-06,__ALL__,All actors,856b43a3fffffff,5,12.998804957433652,31.531584207941805,1,1,0,0,1,5,0,0,5,0.0,0.0,0.0
2024-05-06,__ALL__,All actors,856b56abfffffff,5,12.165534654186953,27.325244816559575,1,1,0,0,1,0,0,0,8,0.0,0.0,0.0
2024-05-06,__ALL__,All actors,856b6b0bfffffff,5,14.342493431432745,33.59053977194792,1,0,0,1,0,0,1,1,1,1.0,1.0,1.0
2024-05-06,__ALL__,All actors,856b6b1bfffffff,5,14.484353147764434,33.52660543136047,1,0,0,1,0,0,13,13,13,1.0,1.0,1.0
2024-05-06,__ALL__,All actors,856b6e37fffffff,5,15.523006487760396,32.57683706993741,1,1,0,0,1,0,0,0,6,0.0,0.0,0.0
2024-05-06,__ALL__,All actors,856b6e97fffffff,5,16.111653402951703,32.143513396531354,1,1,0,0,1,0,1,0,1,0.0,1.0,0.0
2024-05-06,__ALL__,All actors,856b6eaffffffff,5,15.666591746948761,32.5105778563475,2,1,0,1,1,0,4,2,4,0.5,1.0,0.5
2024-05-13,__ALL__,All actors,856b0897fffffff,5,13.617096818226427,25.424076053061942,2,2,0,0,2,0,5,0,5,0.0,1.0,0.0
2024-05-13,__ALL__,All actors,856b0a0ffffffff,5,12.0101707938044,24.830215921368204,1,1,0,0,1,0,3,0,3,0.0,1.0,0.0
2024-05-13,__ALL__,All actors,856b4317fffffff,5,12.880972286537473,31.271603111564453,1,0,0,1,0,0,15,15,15,1.0,1.0,1.0
2024-05-13,__ALL__,All actors,856b448bfffffff,5,15.012737341499482,30.083281550987248,1,1,0,0,1,1,0,0,1,0.0,0.0,0.0
2024-05-13,__ALL__,All actors,856b5c03fffffff,5,11.852231191173376,30.50451296033223,1,1,0,0,1,0,0,0,3,0.0,0.0,0.0
2024-05-13,__ALL__,All actors,856b5e07fffffff,5,10.947343875005515,30.004209042627032,1,0,0,1,0,0,1,1,1,1.0,1.0,1.0
2024-05-13,__ALL__,All actors,856b5e9bfffffff,5,11.368349205348665,29.638867754388812,1,1,0,0,1,0,1,0,1,0.0,1.0,0.0
2024-05-13,__ALL__,All actors,856b6aa7fffffff,5,14.795028048612995,33.06976831916465,1,0,0,1,0,0,1,1,1,1.0,1.0,1.0
2024-05-13,__ALL__,All actors,856b6b7bfffffff,5,14.072426891978031,33.555106511045736,1,0,0,1,0,0,8,8,8,1.0,1.0,1.0
2024-05-13,__ALL__,All actors,856b6bcbfffffff,5,14.510526404273525,33.199284904221805,1,0,0,1,0,0,1,1,1,1.0,1.0,1.0
2024-05-13,__ALL__,All actors,856b6bd3fffffff,5,14.781916997454012,33.234068187157774,1,1,0,0,1,0,5,0,5,0.0,1.0,0.0
2024-05-13,__ALL__,All actors,856b6eaffffffff,5,15.666591746948761,32.5105778563475,1,1,0,0,1,0,11,0,11,0.0,1.0,0.0
2024-05-20,__ALL__,All actors,856b0897fffffff,5,13.617096818226427,25.424076053061942,7,7,0,0,7,0,34,0,59,0.0,0.576271186440678,0.0
2024-05-20,__ALL__,All actors,856b0c2ffffffff,5,13.757616890803206,25.34844956941545,3,2,0,1,2,0,17,2,17,0.3333333333333333,1.0,0.11764705882352941
2024-05-20,__ALL__,All actors,856b0cc7fffffff,5,14.201760031416846,24.61463456526655,1,1,0,0,1,0,3,0,3,0.0,1.0,0.0
2024-05-20,__ALL__,All actors,856b0e93fffffff,5,13.673401348561217,24.081628252479913,2,1,0,1,1,0,20,8,24,0.5,0.8333333333333334,0.3333333333333333
2024-05-20,__ALL__,All actors,856b52bbfffffff,5,11.337018718490974,27.753918817936633,2,2,0,0,2,22,0,0,22,0.0,0.0,0.0
2024-05-20,__ALL__,All actors,856b5567fffffff,5,12.475687006505684,29.087277575226075,1,0,1,0,1,0,0,0,2,0.0,0.0,0.0
2024-05-20,__ALL__,All actors,856b687bfffffff,5,15.067168834298581,33.104350983654285,2,0,0,2,0,0,18,18,18,1.0,1.0,1.0
2024-05-20,__ALL__,All actors,856b6eaffffffff,5,15.666591746948761,32.5105778563475,3,2,0,1,2,0,13,1,18,0.3333333333333333,0.7222222222222222,0.05555555555555555
2024-05-20,__ALL__,All actors,856b712ffffffff,5,14.496724675418257,29.527796281782496,1,0,0,1,0,0,1,1,1,1.0,1.0,1.0
2024-05-27,__ALL__,All actors,856b0897fffffff,5,13.617096818226427,25.424076053061942,4,4,0,0,4,0,12,0,96,0.0,0.125,0.0
2024-05-27,__ALL__,All actors,856b0cc7fffffff,5,14.201760031416846,24.61463456526655,1,1,0,0,1,0,0,0,3,0.0,0.0,0.0
2024-05-27,__ALL__,All actors,856b0e93fffffff,5,13.673401348561217,24.081628252479913,1,1,0,0,1,0,2,0,4,0.0,0.5,0.0
2024-05-27,__ALL__,All actors,856b4287fffffff,5,13.225245724503111,30.152617420328752,1,1,0,0,1,18,0,0,18,0.0,0.0,0.0
2024-05-27,__ALL__,All actors,856b53bbfffffff,5,11.276575316672206,28.89512688802662,1,0,0,1,0,0,1,1,1,1.0,1.0,1.0
2024-05-27,__ALL__,All actors,856b6b57fffffff,5,14.355589874543668,33.42724592601439,2,2,0,0,2,0,13,0,13,0.0,1.0,0.0
2024-05-27,__ALL__,All actors,856b6bcffffffff,5,14.49748970471835,33.363038899710936,1,1,0,0,1,0,7,0,7,0.0,1.0,0.0
2024-05-27,__ALL__,All actors,856b6eaffffffff,5,15.666591746948761,32.5105778563475,3,2,0,1,2,7,3,1,10,0.3333333333333333,0.3,0.1
2024-06-03,__ALL__,All actors,856b0897fffffff,5,13.617096818226427,25.424076053061942,3,3,0,0,3,0,16,0,16,0.0,1.0,0.0
2024-06-03,__ALL__,All actors,856b0a0ffffffff,5,12.0101707938044,24.830215921368204,1,0,0,1,0,0,1,1,1,1.0,1.0,1.0
2024-06-03,__ALL__,All actors,856b0c2ffffffff,5,13.757616890803206,25.34844956941545,1,1,0,0,1,0,0,0,2,0.0,0.0,0.0
2024-06-03,__ALL__,All actors,856b0d03fffffff,5,14.000739280646407,26.03730252413982,2,2,0,0,2,0,14,0,14,0.0,1.0,0.0
2024-06-03,__ALL__,All actors,856b2837fffffff,5,15.968086034801278,25.482079364743772,1,1,0,0,1,0,11,0,11,0.0,1.0,0.0
2024-06-03,__ALL__,All actors,856b4127fffffff,5,13.479351368370795,32.41064970757232,1,1,0,0,1,0,4,0,4,0.0,1.0,0.0
2024-06-03,__ALL__,All actors,856b52bbfffffff,5,11.337018718490974,27.753918817936633,1,0,0,1,0,0,2,2,2,1.0,1.0,1.0
2024-06-03,__ALL__,All actors,856b53b7fffffff,5,11.396048397714381,29.151376088782317,2,1,0,1,1,8,8,8,16,0.5,0.5,0.5
2024-06-03,__ALL__,All actors,856b6a03fffffff,5,14.561661751600138,32.54244169118677,1,1,0,0,1,0,0,0,180,0.0,0.0,0.0
2024-06-03,__ALL__,All actors,856b6acbfffffff,5,14.598933540415864,32.04795814185922,1,1,0,0,1,0,9,0,9,0.0,1.0,0.0
2024-06-03,__ALL__,All actors,856b6bdbfffffff,5,14.652673737370709,33.1346198391187,1,0,0,1,0,0,2,2,2,1.0,1.0,1.0
2024-06-03,__ALL__,All actors,856b6e37fffffff,5,15.523006487760396,32.57683706993741,1,0,0,1,0,0,1,1,1,1.0,1.0,1.0
2024-06-03,__ALL__,All actors,856b6e97fffffff,5,16.111653402951703,32.143513396531354,2,1,0,1,1,0,41,1,41,0.5,1.0,0.024390243902439025
2024-06-03,__ALL__,All actors,856b6eaffffffff,5,15.666591746948761,32.5105778563475,2,2,0,0,2,0,38,0,38,0.0,1.0,0.0
2024-06-10,__ALL__,All actors,856b02a7fffffff,5,13.45999398207289,22.391256500715567,1,0,0,1,0,0,3,3,3,1.0,1.0,1.0
2024-06-10,__ALL__,All actors,856b0897fffffff,5,13.617096818226427,25.424076053061942,4,4,0,0,4,6,35,0,41,0.0,0.8536585365853658,0.0
2024-06-10,__ALL__,All actors,856b0a0ffffffff,5,12.0101707938044,24.830215921368204,1,0,0,1,0,0,3,3,3,1.0,1.0,1.0
2024-06-10,__ALL__,All actors,856b4d6bfffffff,5,12.948519546699035,34.059262054202875,1,1,0,0,1,0,20,0,20,0.0,1.0,0.0
2024-06-10,__ALL__,All actors,856b6e37fffffff,5,15.523006487760396,32.57683706993741,1,0,0,1,0,0,2,2,2,1.0,1.0,1.0
2024-06-10,__ALL__,All actors,856b6eaffffffff,5,15.666591746948761,32.5105778563475,1,1,0,0,1,0,1,0,1,0.0,1.0,0.0
2024-06-17,__ALL__,All actors,856b0897fffffff,5,13.617096818226427,25.424076053061942,3,3,0,0,3,0,15,0,15,0.0,1.0,0.0
2024-06-17,__ALL__,All actors,856b0c2ffffffff,5,13.757616890803206,25.34844956941545,1,1,0,0,1,0,20,0,20,0.0,1.0,0.0
2024-06-17,__ALL__,All actors,856b0cc7fffffff,5,14.201760031416846,24.61463456526655,1,1,0,0,1,0,4,0,4,0.0,1.0,0.0
2024-06-17,__ALL__,All actors,856b2a37fffffff,5,15.022363407245473,24.82888898186477,1,1,0,0,1,3,0,0,3,0.0,0.0,0.0
2024-06-17,__ALL__,All actors,856b5077fffffff,5,11.707532226545537,28.359621421240988,2,2,0,0,2,0,20,0,20,0.0,1.0,0.0
2024-06-17,__ALL__,All actors,856b6a33fffffff,5,14.536297645561135,32.87122396847487,2,1,0,1,1,0,25,24,25,0.5,1.0,0.96
2024-06-17,__ALL__,All actors,856b6b3bfffffff,5,14.31600785842787,33.91655440444772,1,0,0,1,0,0,50,50,50,1.0,1.0,1.0
2024-06-17,__ALL__,All actors,856b6b43fffffff,5,14.226860013127116,33.32805822381812,1,0,0,1,0,0,18,18,18,1.0,1.0,1.0
2024-06-17,__ALL__,All actors,856b6e37fffffff,5,15.523006487760396,32.57683706993741,2,1,0,1,1,2,1,1,3,0.5,0.3333333333333333,0.3333333333333333
2024-06-17,__ALL__,All actors,856b6e97fffffff,5,16.111653402951703,32.143513396531354,1,1,0,0,1,0,1,0,1,0.0,1.0,0.0
2024-06-17,__ALL__,All actors,856b6eaffffffff,5,15.666591746948761,32.5105778563475,3,3,0,0,3,0,5,0,5,0.0,1.0,0.0
2024-06-24,__ALL__,All actors,856a2ccffffffff,5,10.140942323917526,27.738565870114794,1,1,0,0,1,3,0,0,3,0.0,0.0,0.0
2024-06-24,__ALL__,All actors,856b0897fffffff,5,13.617096818226427,25.424076053061942,8,8,0,0,8,6,14,0,20,0.0,0.7,0.0
2024-06-24,__ALL__,All actors,856b0c2ffffffff,5,13.757616890803206,25.34844956941545,3,3,0,0,3,0,12,0,12,0.0,1.0,0.0
2024-06-24,__ALL__,All actors,856b4c33fffffff,5,13.546660813884062,33.32249344951398,2,1,0,1,1,2,55,40,57,0.5,0.9649122807017544,0.7017543859649122
2024-06-24,__ALL__,All actors,856b4c37fffffff,5,13.53409727111366,33.48472627177144,1,1,0,0,1,3,0,0,3,0.0,0.0,0.0
2024-06-24,__ALL__,All actors,856b4d47fffffff,5,13.228157557741207,33.93430613370238,1,1,0,0,1,2,2,0,4,0.0,0.5,0.0
2024-06-24,__ALL__,All actors,856b6bd3fffffff,5,14.781916997454012,33.234068187157774,1,0,0,1,0,0,5,5,5,1.0,1.0,1.0
2024-07-01,__ALL__,All actors,856a2ccffffffff,5,10.140942323917526,27.738565870114794,1,1,0,0,1,8,0,0,68,0.0,0.0,0.0
2024-07-01,__ALL__,All actors,856b0897fffffff,5,13.617096818226427,25.424076053061942,4,4,0,0,4,0,34,0,37,0.0,0.918918918918919,0.0
2024-07-01,__ALL__,All actors,856b0c2ffffffff,5,13.757616890803206,25.34844956941545,1,1,0,0,1,0,3,0,3,0.0,1.0,0.0
2024-07-01,__ALL__,All actors,856b4d6bfffffff,5,12.948519546699035,34.059262054202875,1,1,0,0,1,0,1,0,1,0.0,1.0,0.0
2024-07-01,__ALL__,All actors,856b4d73fffffff,5,13.215416498203888,34.095436055373085,2,1,0,1,1,0,1,1,1,0.5,1.0,1.0
2024-07-01,__ALL__,All actors,856b5ca3fffffff,5,12.098643219434368,30.85775787181509,1,0,0,1,0,0,2,2,2,1.0,1.0,1.0
2024-07-01,__ALL__,All actors,856b5ccffffffff,5,11.872113389448195,30.17945907966461,1,1,0,0,1,0,1,0,1,0.0,1.0,0.0
2024-07-08,__ALL__,All actors,856b02a7fffffff,5,13.45999398207289,22.391256500715567,1,1,0,0,1,0,3,0,3,0.0,1.0,0.0
2024-07-08,__ALL__,All actors,856b4227fffffff,5,12.6550107088778,30.588954548251603,1,0,0,1,0,0,23,23,23,1.0,1.0,1.0
2024-07-08,__ALL__,All actors,856b4983fffffff,5,12.910338987770533,34.540458524968706,1,0,0,1,0,0,3,3,3,1.0,1.0,1.0
2024-07-08,__ALL__,All actors,856b4d53fffffff,5,13.381015482796718,33.70996934636946,2,2,0,0,2,2,11,0,13,0.0,0.8461538461538461,0.0
2024-07-08,__ALL__,All actors,856b4d6bfffffff,5,12.948519546699035,34.059262054202875,1,1,0,0,1,0,1,0,1,0.0,1.0,0.0
2024-07-08,__ALL__,All actors,856b4d73fffffff,5,13.215416498203888,34.095436055373085,1,0,0,1,0,0,2,2,2,1.0,1.0,1.0
2024-07-08,__ALL__,All actors,856b5077fffffff,5,11.707532226545537,28.359621421240988,1,1,0,0,1,0,1,0,1,0.0,1.0,0.0
2024-07-08,__ALL__,All actors,856b52bbfffffff,5,11.337018718490974,27.753918817936633,1,1,0,0,1,17,0,0,17,0.0,0.0,0.0
2024-07-08,__ALL__,All actors,856b6e37fffffff,5,15.523006487760396,32.57683706993741,1,1,0,0,1,0,0,0,101,0.0,0.0,0.0
2024-07-15,__ALL__,All actors,856a2ccffffffff,5,10.140942323917526,27.738565870114794,2,2,0,0,2,0,6,0,6,0.0,1.0,0.0
2024-07-15,__ALL__,All actors,856b0897fffffff,5,13.617096818226427,25.424076053061942,2,1,1,0,2,0,8,0,11,0.0,0.7272727272727273,0.0
2024-07-15,__ALL__,All actors,856b43d3fffffff,5,13.053366767371962,30.713615745759736,1,0,0,1,0,0,12,12,12,1.0,1.0,1.0
2024-07-15,__ALL__,All actors,856b4d6bfffffff,5,12.948519546699035,34.059262054202875,1,1,0,0,1,1,0,0,1,0.0,0.0,0.0
2024-07-15,__ALL__,All actors,856b55a3fffffff,5,13.145564367420294,29.23245224782049,1,1,0,0,1,22,18,0,40,0.0,0.45,0.0
2024-07-22,__ALL__,All actors,856a2503fffffff,5,11.134074176240555,26.425575660258765,1,1,0,0,1,1,0,0,2,0.0,0.0,0.0
2024-07-22,__ALL__,All actors,856b0897fffffff,5,13.617096818226427,25.424076053061942,6,4,0,2,4,0,29,2,66,0.3333333333333333,0.4393939393939394,0.030303030303030304
2024-07-22,__ALL__,All actors,856b0c2ffffffff,5,13.757616890803206,25.34844956941545,1,1,0,0,1,0,2,0,2,0.0,1.0,0.0
2024-07-22,__ALL__,All actors,856b4193fffffff,5,14.209126450542835,31.75291148233113,1,0,0,1,0,0,26,26,26,1.0,1.0,1.0
2024-07-22,__ALL__,All actors,856b4d57fffffff,5,13.368315419745215,33.87155899503859,1,1,0,0,1,0,0,0,0,0.0,0.0,0.0
2024-07-22,__ALL__,All actors,856b5003fffffff,5,11.98409272024042,28.218719000477183,1,1,0,0,1,3,0,0,3,0.0,0.0,0.0
2024-07-22,__ALL__,All actors,856b55a3fffffff,5,13.145564367420294,29.23245224782049,1,0,0,1,0,0,10,10,10,1.0,1.0,1.0
2024-07-22,__ALL__,All actors,856b6bd3fffffff,5,14.781916997454012,33.234068187157774,1,0,0,1,0,0,1,1,1,1.0,1.0,1.0
2024-07-22,__ALL__,All actors,856b6e37fffffff,5,15.523006487760396,32.57683706993741,1,0,0,1,0,0,2,2,2,1.0,1.0,1.0
2024-07-29,__ALL__,All actors,85538e53fffffff,5,18.882738970037874,36.83983316717179,1,1,0,0,1,1,0,0,5,0.0,0.0,0.0
2024-07-29,__ALL__,All actors,856b0897fffffff,5,13.617096818226427,25.424076053061942,5,5,0,0,5,4,33,0,73,0.0,0.4520547945205479,0.0
2024-07-29,__ALL__,All actors,856b4bc3fffffff,5,11.78468719025789,33.50000693480772,1,1,0,0,1,24,0,0,24,0.0,0.0,0.0
2024-07-29,__ALL__,All actors,856b4c4ffffffff,5,13.18662025068854,32.703264847585366,1,1,0,0,1,1,1,0,2,0.0,0.5,0.0
2024-07-29,__ALL__,All actors,856b6a23fffffff,5,14.394286067063872,32.93624621305424,1,0,0,1,0,0,23,23,23,1.0,1.0,1.0
2024-07-29,__ALL__,All actors,856b6b57fffffff,5,14.355589874543668,33.42724592601439,1,0,0,1,0,0,11,11,11,1.0,1.0,1.0
2024-07-29,__ALL__,All actors,856b6e37fffffff,5,15.523006487760396,32.57683706993741,1,1,0,0,1,0,0,0,2,0.0,0.0,0.0
2024-07-29,__ALL__,All actors,856b6eaffffffff,5,15.666591746948761,32.5105778563475,1,1,0,0,1,24,0,0,24,0.0,0.0,0.0
2024-08-05,__ALL__,All actors,856b0883fffffff,5,13.484198335604699,25.3321041769971,1,1,0,0,1,0,4,0,4,0.0,1.0,0.0
2024-08-05,__ALL__,All actors,856b0897fffffff,5,13.617096818226427,25.424076053061942,5,4,0,1,4,3,61,28,64,0.2,0.953125,0.4375
2024-08-05,__ALL__,All actors,856b55a3fffffff,5,13.145564367420294,29.23245224782049,1,1,0,0,1,1,0,0,1,0.0,0.0,0.0
2024-08-05,__ALL__,All actors,856b56abfffffff,5,12.165534654186953,27.325244816559575,1,1,0,0,1,0,1,0,1,0.0,1.0,0.0
2024-08-05,__ALL__,All actors,856b6b83fffffff,5,14.884378170950331,33.661898064941,1,0,0,1,0,0,1,1,1,1.0,1.0,1.0
2024-08-05,__ALL__,All actors,856b6b9bfffffff,5,14.897835459079364,33.49788977675424,1,0,0,1,0,0,2,2,2,1.0,1.0,1.0
2024-08-05,__ALL__,All actors,856b6e37fffffff,5,15.523006487760396,32.57683706993741,1,1,0,0,1,0,2,0,2,0.0,1.0,0.0
2024-08-05,__ALL__,All actors,856b6e97fffffff,5,16.111653402951703,32.143513396531354,2,2,0,0,2,0,2,0,8,0.0,0.25,0.0
2024-08-05,__ALL__,All actors,856b6eaffffffff,5,15.666591746948761,32.5105778563475,3,3,0,0,3,0,1,0,7,0.0,0.14285714285714285,0.0
2024-08-12,__ALL__,All actors,856b0897fffffff,5,13.617096818226427,25.424076053061942,1,1,0,0,1,0,2,0,2,0.0,1.0,0.0
2024-08-12,__ALL__,All actors,856b0d03fffffff,5,14.000739280646407,26.03730252413982,1,1,0,0,1,0,2,0,2,0.0,1.0,0.0
2024-08-12,__ALL__,All actors,856b4157fffffff,5,13.537775025789019,31.59296755371061,1,0,0,1,0,0,2,2,2,1.0,1.0,1.0
2024-08-12,__ALL__,All actors,856b4287fffffff,5,13.225245724503111,30.152617420328752,1,1,0,0,1,5,11,0,20,0.0,0.55,0.0
2024-08-12,__ALL__,All actors,856b4953fffffff,5,12.40435634113296,34.14731649794796,1,0,0,1,0,0,80,80,80,1.0,1.0,1.0
2024-08-12,__ALL__,All actors,856b4983fffffff,5,12.910338987770533,34.540458524968706,1,0,0,1,0,0,6,6,6,1.0,1.0,1.0
2024-08-12,__ALL__,All actors,856b6a87fffffff,5,14.963565641674332,32.67503422333285,1,0,0,1,0,0,20,20,20,1.0,1.0,1.0
2024-08-12,__ALL__,All actors,856b6bc3fffffff,5,14.639599355537094,33.298646533523275,1,0,0,1,0,0,2,2,2,1.0,1.0,1.0
2024-08-12,__ALL__,All actors,856b6e37fffffff,5,15.523006487760396,32.57683706993741,1,1,0,0,1,0,2,0,2,0.0,1.0,0.0
2024-08-12,__ALL__,All actors,856b6eaffffffff,5,15.666591746948761,32.5105778563475,2,2,0,0,2,0,12,0,12,0.0,1.0,0.0
2024-08-19,__ALL__,All actors,856a25d7fffffff,5,11.416072472580225,26.115900548809837,1,1,0,0,1,0,18,0,18,0.0,1.0,0.0
2024-08-19,__ALL__,All actors,856b0897fffffff,5,13.617096818226427,25.424076053061942,3,3,0,0,3,0,11,0,15,0.0,0.7333333333333333,0.0
2024-08-19,__ALL__,All actors,856b0cc7fffffff,5,14.201760031416846,24.61463456526655,2,0,0,2,0,0,2,2,2,1.0,1.0,1.0
2024-08-19,__ALL__,All actors,856b0d03fffffff,5,14.000739280646407,26.03730252413982,1,1,0,0,1,0,5,0,5,0.0,1.0,0.0
2024-08-19,__ALL__,All actors,856b56abfffffff,5,12.165534654186953,27.325244816559575,1,1,0,0,1,6,0,0,6,0.0,0.0,0.0
2024-08-19,__ALL__,All actors,856b56d3fffffff,5,12.33689541596909,26.592422984542345,1,1,0,0,1,0,2,0,2,0.0,1.0,0.0
2024-08-19,__ALL__,All actors,856b5ccffffffff,5,11.872113389448195,30.17945907966461,1,0,0,1,0,0,1,1,1,1.0,1.0,1.0
2024-08-19,__ALL__,All actors,856b6bd3fffffff,5,14.781916997454012,33.234068187157774,1,0,0,1,0,0,1,1,1,1.0,1.0,1.0
2024-08-19,__ALL__,All actors,856b6eabfffffff,5,15.679675700261631,32.344269579727474,1,1,0,0,1,0,3,0,3,0.0,1.0,0.0
2024-08-26,__ALL__,All actors,856b02a7fffffff,5,13.45999398207289,22.391256500715567,1,1,0,0,1,0,1,0,1,0.0,1.0,0.0
2024-08-26,__ALL__,All actors,856b032ffffffff,5,12.874105981248873,23.541366730640174,1,1,0,0,1,0,5,0,5,0.0,1.0,0.0
2024-08-26,__ALL__,All actors,856b0897fffffff,5,13.617096818226427,25.424076053061942,1,1,0,0,1,0,2,0,2,0.0,1.0,0.0
2024-08-26,__ALL__,All actors,856b0c2ffffffff,5,13.757616890803206,25.34844956941545,1,1,0,0,1,0,0,0,25,0.0,0.0,0.0
2024-08-26,__ALL__,All actors,856b0cc7fffffff,5,14.201760031416846,24.61463456526655,1,0,0,1,0,0,1,1,1,1.0,1.0,1.0
2024-08-26,__ALL__,All actors,856b0dc3fffffff,5,14.157548064133358,25.625693667300094,2,2,0,0,2,0,0,0,18,0.0,0.0,0.0
2024-08-26,__ALL__,All actors,856b4c37fffffff,5,13.53409727111366,33.48472627177144,1,1,0,0,1,0,0,0,2,0.0,0.0,0.0
2024-08-26,__ALL__,All actors,856b5257fffffff,5,10.958199315275097,27.314297100725064,1,0,0,1,0,0,3,3,3,1.0,1.0,1.0
2024-08-26,__ALL__,All actors,856b6b1bfffffff,5,14.484353147764434,33.52660543136047,1,1,0,0,1,0,2,0,2,0.0,1.0,0.0
2024-08-26,__ALL__,All actors,856b6eaffffffff,5,15.666591746948761,32.5105778563475,2,2,0,0,2,0,19,0,19,0.0,1.0,0.0
2024-09-02,__ALL__,All actors,856a25d7fffffff,5,11.416072472580225,26.115900548809837,1,1,0,0,1,0,1,0,1,0.0,1.0,0.0
2024-09-02,__ALL__,All actors,856b0897fffffff,5,13.617096818226427,25.424076053061942,2,2,0,0,2,0,13,0,15,0.0,0.8666666666666667,0.0
2024-09-02,__ALL__,All actors,856b0dc3fffffff,5,14.157548064133358,25.625693667300094,1,1,0,0,1,0,12,0,14,0.0,0.8571428571428571,0.0
2024-09-02,__ALL__,All actors,856b1807fffffff,5,11.26802799517525,23.141430557946666,1,0,0,1,0,0,1,1,1,1.0,1.0,1.0
2024-09-02,__ALL__,All actors,856b4287fffffff,5,13.225245724503111,30.152617420328752,2,1,0,1,1,0,1,1,2,0.5,0.5,0.5
2024-09-02,__ALL__,All actors,856b4c37fffffff,5,13.53409727111366,33.48472627177144,1,1,0,0,1,0,0,0,40,0.0,0.0,0.0
2024-09-02,__ALL__,All actors,856b4d57fffffff,5,13.368315419745215,33.87155899503859,1,1,0,0,1,0,0,0,4,0.0,0.0,0.0
2024-09-02,__ALL__,All actors,856b6a2ffffffff,5,14.252483117643951,33.00108234762603,1,0,0,1,0,0,1,1,1,1.0,1.0,1.0
2024-09-02,__ALL__,All actors,856b6bd3fffffff,5,14.781916997454012,33.234068187157774,2,0,0,2,0,0,2,2,2,1.0,1.0,1.0
2024-09-02,__ALL__,All actors,856b6eaffffffff,5,15.666591746948761,32.5105778563475,1,1,0,0,1,0,0,0,2,0.0,0.0,0.0
2024-09-09,__ALL__,All actors,856a25d7fffffff,5,11.416072472580225,26.115900548809837,1,1,0,0,1,0,10,0,10,0.0,1.0,0.0
2024-09-09,__ALL__,All actors,856b0897fffffff,5,13.617096818226427,25.424076053061942,5,5,0,0,5,84,14,0,98,0.0,0.14285714285714285,0.0
2024-09-09,__ALL__,All actors,856b0dc3fffffff,5,14.157548064133358,25.625693667300094,2,2,0,0,2,0,2,0,2,0.0,1.0,0.0
2024-09-09,__ALL__,All actors,856b0dd7fffffff,5,14.291066980915462,25.718518145367558,1,1,0,0,1,0,2,0,2,0.0,1.0,0.0
2024-09-09,__ALL__,All actors,856b448bfffffff,5,15.012737341499482,30.083281550987248,1,0,0,1,0,0,1,1,1,1.0,1.0,1.0
2024-09-09,__ALL__,All actors,856b55a3fffffff,5,13.145564367420294,29.23245224782049,1,0,0,1,0,0,1,1,1,1.0,1.0,1.0
2024-09-09,__ALL__,All actors,856b6a87fffffff,5,14.963565641674332,32.67503422333285,1,0,0,1,0,0,40,40,40,1.0,1.0,1.0
2024-09-09,__ALL__,All actors,856b6eaffffffff,5,15.666591746948761,32.5105778563475,1,1,0,0,1,0,3,0,3,0.0,1.0,0.0
2024-09-16,__ALL__,All actors,856b0897fffffff,5,13.617096818226427,25.424076053061942,7,7,0,0,7,1,10,0,50,0.0,0.2,0.0
2024-09-16,__ALL__,All actors,856b0a0ffffffff,5,12.0101707938044,24.830215921368204,1,1,0,0,1,0,18,0,18,0.0,1.0,0.0
2024-09-16,__ALL__,All actors,856b0d03fffffff,5,14.000739280646407,26.03730252413982,1,1,0,0,1,0,1,0,1,0.0,1.0,0.0
2024-09-16,__ALL__,All actors,856b0e93fffffff,5,13.673401348561217,24.081628252479913,1,0,0,1,0,0,1,1,1,1.0,1.0,1.0
2024-09-16,__ALL__,All actors,856b4317fffffff,5,12.880972286537473,31.271603111564453,1,0,0,1,0,0,1,1,1,1.0,1.0,1.0
2024-09-16,__ALL__,All actors,856b52bbfffffff,5,11.337018718490974,27.753918817936633,1,1,0,0,1,1,0,0,1,0.0,0.0,0.0
2024-09-16,__ALL__,All actors,856b6a2ffffffff,5,14.252483117643951,33.00108234762603,1,0,0,1,0,0,7,7,7,1.0,1.0,1.0
2024-09-16,__ALL__,All actors,856b6b1bfffffff,5,14.484353147764434,33.52660543136047,1,0,0,1,0,0,1,1,1,1.0,1.0,1.0
2024-09-16,__ALL__,All actors,856b6bc3fffffff,5,14.639599355537094,33.298646533523275,1,0,0,1,0,0,4,4,4,1.0,1.0,1.0
2024-09-16,__ALL__,All actors,856b6e23fffffff,5,15.392643793788992,32.477146551575075,1,1,0,0,1,0,45,0,45,0.0,1.0,0.0
2024-09-16,__ALL__,All actors,856b6e97fffffff,5,16.111653402951703,32.143513396531354,1,1,0,0,1,0,0,0,2,0.0,0.0,0.0
2024-09-16,__ALL__,All actors,856b6eaffffffff,5,15.666591746948761,32.5105778563475,1,1,0,0,1,0,2,0,2,0.0,1.0,0.0
2024-09-23,__ALL__,All actors,856b0897fffffff,5,13.617096818226427,25.424076053061942,7,7,0,0,7,11,0,0,120,0.0,0.0,0.0
2024-09-23,__ALL__,All actors,856b0cc7fffffff,5,14.201760031416846,24.61463456526655,1,0,0,1,0,0,1,1,1,1.0,1.0,1.0
2024-09-23,__ALL__,All actors,856b0dc3fffffff,5,14.157548064133358,25.625693667300094,1,1,0,0,1,0,2,0,2,0.0,1.0,0.0
2024-09-23,__ALL__,All actors,856b4287fffffff,5,13.225245724503111,30.152617420328752,1,1,0,0,1,0,1,0,1,0.0,1.0,0.0
2024-09-23,__ALL__,All actors,856b51d3fffffff,5,12.21629482771309,28.89849230738843,1,1,0,0,1,0,9,0,9,0.0,1.0,0.0
2024-09-23,__ALL__,All actors,856b687bfffffff,5,15.067168834298581,33.104350983654285,2,0,0,2,0,0,2,2,2,1.0,1.0,1.0
2024-09-23,__ALL__,All actors,856b6c03fffffff,5,16.47796030856572,32.77907194724002,1,1,0,0,1,0,0,0,0,0.0,0.0,0.0
2024-09-23,__ALL__,All actors,856b6e37fffffff,5,15.523006487760396,32.57683706993741,3,3,0,0,3,4,6,0,10,0.0,0.6,0.0
2024-09-23,__ALL__,All actors,856b6e97fffffff,5,16.111653402951703,32.143513396531354,1,1,0,0,1,0,6,0,6,0.0,1.0,0.0
2024-09-23,__ALL__,All actors,856b6eaffffffff,5,15.666591746948761,32.5105778563475,3,3,0,0,3,0,2,0,87,0.0,0.022988505747126436,0.0
2024-09-30,__ALL__,All actors,856b0073fffffff,5,13.86803664339118,22.489423034857715,1,0,0,1,0,0,1,1,1,1.0,1.0,1.0
2024-09-30,__ALL__,All actors,856b008ffffffff,5,14.418085663411349,22.508617506692236,1,1,0,0,1,1,0,0,1,0.0,0.0,0.0
2024-09-30,__ALL__,All actors,856b0897fffffff,5,13.617096818226427,25.424076053061942,1,1,0,0,1,2,0,0,2,0.0,0.0,0.0
2024-09-30,__ALL__,All actors,856b08d7fffffff,5,13.358673703577482,25.07304525293461,1,1,0,0,1,0,3,0,5,0.0,0.6,0.0
2024-09-30,__ALL__,All actors,856b0c2ffffffff,5,13.757616890803206,25.34844956941545,1,1,0,0,1,0,0,0,10,0.0,0.0,0.0
2024-09-30,__ALL__,All actors,856b0c8bfffffff,5,14.335794350970474,24.70641585409657,2,1,0,1,1,3,40,40,43,0.5,0.9302325581395349,0.9302325581395349
2024-09-30,__ALL__,All actors,856b0cc7fffffff,5,14.201760031416846,24.61463456526655,2,2,0,0,2,0,5,0,8,0.0,0.625,0.0
2024-09-30,__ALL__,All actors,856b0d03fffffff,5,14.000739280646407,26.03730252413982,1,1,0,0,1,0,45,0,65,0.0,0.6923076923076923,0.0
2024-09-30,__ALL__,All actors,856b0dc3fffffff,5,14.157548064133358,25.625693667300094,2,2,0,0,2,0,31,0,31,0.0,1.0,0.0
2024-09-30,__ALL__,All actors,856b4287fffffff,5,13.225245724503111,30.152617420328752,1,1,0,0,1,15,1,0,16,0.0,0.0625,0.0
2024-09-30,__ALL__,All actors,856b4ca7fffffff,5,13.802958103861757,33.51983570704063,1,0,0,1,0,0,1,1,1,1.0,1.0,1.0
2024-09-30,__ALL__,All actors,856b6e37fffffff,5,15.523006487760396,32.57683706993741,1,1,0,0,1,0,8,0,8,0.0,1.0,0.0
2024-09-30,__ALL__,All actors,856b6eaffffffff,5,15.666591746948761,32.5105778563475,3,3,0,0,3,0,2,0,5,0.0,0.4,0.0
2024-09-30,__ALL__,All actors,856b7077fffffff,5,14.586735638130152,28.020551626896516,1,1,0,0,1,0,0,0,30,0.0,0.0,0.0
2024-09-30,__ALL__,All actors,856b76dbfffffff,5,15.102509059792393,26.110234776485783,1,1,0,0,1,0,0,0,0,0.0,0.0,0.0
2024-10-07,__ALL__,All actors,856b000ffffffff,5,14.002520241715795,22.57849748095755,1,1,0,0,1,0,2,0,2,0.0,1.0,0.0
2024-10-07,__ALL__,All actors,856b032ffffffff,5,12.874105981248873,23.541366730640174,1,0,0,1,0,0,1,1,1,1.0,1.0,1.0
2024-10-07,__ALL__,All actors,856b0807fffffff,5,13.064257572973435,25.557929310595892,1,1,0,0,1,4,3,0,7,0.0,0.42857142857142855,0.0
2024-10-07,__ALL__,All actors,856b0897fffffff,5,13.617096818226427,25.424076053061942,6,6,0,0,6,7,3,0,36,0.0,0.08333333333333333,0.0
2024-10-07,__ALL__,All actors,856b42b7fffffff,5,13.204236398740148,30.481614097331278,1,0,0,1,0,0,30,30,30,1.0,1.0,1.0
2024-10-07,__ALL__,All actors,856b48a7fffffff,5,12.821552035467402,33.96095298308895,1,1,0,0,1,0,0,0,30,0.0,0.0,0.0
2024-10-07,__ALL__,All actors,856b4d67fffffff,5,13.06275472354985,34.31840295632013,1,0,0,1,0,0,1,1,1,1.0,1.0,1.0
2024-10-07,__ALL__,All actors,856b51abfffffff,5,12.039791373119341,29.622342418404127,1,1,0,0,1,0,1,0,1,0.0,1.0,0.0
2024-10-07,__ALL__,All actors,856b54abfffffff,5,13.08061790172604,27.979380563365407,1,1,0,0,1,7,0,0,7,0.0,0.0,0.0
2024-10-07,__ALL__,All actors,856b54b3fffffff,5,13.352114932783444,28.001892723803138,1,1,0,0,1,0,3,0,3,0.0,1.0,0.0
2024-10-07,__ALL__,All actors,856b5dd7fffffff,5,12.06726231875785,31.344519151666947,1,0,0,1,0,0,7,7,7,1.0,1.0,1.0
2024-10-07,__ALL__,All actors,856b6a37fffffff,5,14.523462598758716,33.035345802216696,1,0,0,1,0,0,6,6,6,1.0,1.0,1.0
2024-10-07,__ALL__,All actors,856b6b47fffffff,5,14.213901674098475,33.491268250908675,1,0,0,1,0,0,1,1,1,1.0,1.0,1.0
2024-10-07,__ALL__,All actors,856b6bd3fffffff,5,14.781916997454012,33.234068187157774,1,1,0,0,1,0,50,0,50,0.0,1.0,0.0
2024-10-07,__ALL__,All actors,856b6c03fffffff,5,16.47796030856572,32.77907194724002,1,0,0,1,0,0,2,2,2,1.0,1.0,1.0
2024-10-07,__ALL__,All actors,856b6e37fffffff,5,15.523006487760396,32.57683706993741,2,2,0,0,2,0,1,0,24,0.0,0.041666666666666664,0.0
2024-10-14,__ALL__,All actors,856b0007fffffff,5,14.137133743398717,22.66778407962769,1,1,0,0,1,24,0,0,24,0.0,0.0,0.0
2024-10-14,__ALL__,All actors,856b000ffffffff,5,14.002520241715795,22.57849748095755,1,1,0,0,1,0,3,0,3,0.0,1.0,0.0
2024-10-14,__ALL__,All actors,856b008ffffffff,5,14.418085663411349,22.508617506692236,1,1,0,0,1,0,0,0,30,0.0,0.0,0.0
2024-10-14,__ALL__,All actors,856b0897fffffff,5,13.617096818226427,25.424076053061942,1,1,0,0,1,0,2,0,2,0.0,1.0,0.0
2024-10-14,__ALL__,All actors,856b4d6ffffffff,5,12.935876513793493,34.219855913363816,1,1,0,0,1,0,15,0,15,0.0,1.0,0.0
2024-10-14,__ALL__,All actors,856b52bbfffffff,5,11.337018718490974,27.753918817936633,1,1,0,0,1,1,0,0,1,0.0,0.0,0.0
2024-10-14,__ALL__,All actors,856b5523fffffff,5,12.735451950346159,29.276809691703694,1,0,0,1,0,0,13,13,13,1.0,1.0,1.0
2024-10-14,__ALL__,All actors,856b6b1bfffffff,5,14.484353147764434,33.52660543136047,1,1,0,0,1,0,31,0,31,0.0,1.0,0.0
2024-10-14,__ALL__,All actors,856b6b9bfffffff,5,14.897835459079364,33.49788977675424,1,0,0,1,0,0,11,11,11,1.0,1.0,1.0
2024-10-14,__ALL__,All actors,856b6bd7fffffff,5,14.768703203995601,33.398181540419955,1,0,0,1,0,0,10,10,10,1.0,1.0,1.0
2024-10-14,__ALL__,All actors,856b6e37fffffff,5,15.523006487760396,32.57683706993741,2,1,0,1,1,0,2,2,6,0.5,0.3333333333333333,0.3333333333333333
2024-10-21,__ALL__,All actors,856b0897fffffff,5,13.617096818226427,25.424076053061942,4,4,0,0,4,0,29,0,29,0.0,1.0,0.0
2024-10-21,__ALL__,All actors,856b0c2ffffffff,5,13.757616890803206,25.34844956941545,1,1,0,0,1,0,0,0,3,0.0,0.0,0.0
2024-10-21,__ALL__,All actors,856b0dc3fffffff,5,14.157548064133358,25.625693667300094,1,1,0,0,1,0,9,0,9,0.0,1.0,0.0
2024-10-21,__ALL__,All actors,856b4317fffffff,5,12.880972286537473,31.271603111564453,1,0,0,1,0,0,5,5,5,1.0,1.0,1.0
2024-10-21,__ALL__,All actors,856b4d6bfffffff,5,12.948519546699035,34.059262054202875,1,0,0,1,0,0,120,120,120,1.0,1.0,1.0
2024-10-21,__ALL__,All actors,856b4d73fffffff,5,13.215416498203888,34.095436055373085,1,0,0,1,0,0,350,350,350,1.0,1.0,1.0
2024-10-21,__ALL__,All actors,856b4ed3fffffff,5,12.976330754522891,31.85769874594637,1,0,0,1,0,0,9,9,9,1.0,1.0,1.0
2024-10-21,__ALL__,All actors,856b684ffffffff,5,15.080350142429761,32.93950335008769,3,3,0,0,3,0,0,0,133,0.0,0.0,0.0
2024-10-21,__ALL__,All actors,856b686ffffffff,5,14.911189885871337,33.3336907050502,3,0,0,3,0,0,29,29,29,1.0,1.0,1.0
2024-10-21,__ALL__,All actors,856b6b9bfffffff,5,14.897835459079364,33.49788977675424,3,1,0,2,1,1,20,20,21,0.6666666666666666,0.9523809523809523,0.9523809523809523
2024-10-21,__ALL__,All actors,856b6e37fffffff,5,15.523006487760396,32.57683706993741,1,1,0,0,1,0,6,0,25,0.0,0.24,0.0
2024-10-28,__ALL__,All actors,856b0897fffffff,5,13.617096818226427,25.424076053061942,1,1,0,0,1,0,2,0,2,0.0,1.0,0.0
2024-10-28,__ALL__,All actors,856b0c2ffffffff,5,13.757616890803206,25.34844956941545,1,1,0,0,1,0,0,0,2,0.0,0.0,0.0
2024-10-28,__ALL__,All actors,856b0d03fffffff,5,14.000739280646407,26.03730252413982,1,1,0,0,1,0,2,0,2,0.0,1.0,0.0
2024-10-28,__ALL__,All actors,856b0dc3fffffff,5,14.157548064133358,25.625693667300094,1,1,0,0,1,0,0,0,15,0.0,0.0,0.0
2024-10-28,__ALL__,All actors,856b1807fffffff,5,11.26802799517525,23.141430557946666,1,0,0,1,0,0,3,3,3,1.0,1.0,1.0
2024-10-28,__ALL__,All actors,856b2a2ffffffff,5,14.74583451233657,24.81361045110372,1,1,0,0,1,0,0,0,12,0.0,0.0,0.0
2024-10-28,__ALL__,All actors,856b4ed3fffffff,5,12.976330754522891,31.85769874594637,1,1,0,0,1,0,1,0,9,0.0,0.1111111111111111,0.0
2024-10-28,__ALL__,All actors,856b6867fffffff,5,15.04048990201878,33.43348724680458,2,0,0,2,0,0,7,7,7,1.0,1.0,1.0
2024-10-28,__ALL__,All actors,856b686bfffffff,5,14.924440780495845,33.16930321850691,1,0,0,1,0,0,24,24,24,1.0,1.0,1.0
2024-10-28,__ALL__,All actors,856b686ffffffff,5,14.911189885871337,33.3336907050502,1,0,0,1,0,0,1,1,1,1.0,1.0,1.0
2024-10-28,__ALL__,All actors,856b687bfffffff,5,15.067168834298581,33.104350983654285,1,0,0,1,0,0,2,2,2,1.0,1.0,1.0
2024-10-28,__ALL__,All actors,856b6b13fffffff,5,14.613147362425343,33.62613658745852,1,0,0,1,0,0,11,11,11,1.0,1.0,1.0
2024-10-28,__ALL__,All actors,856b6b83fffffff,5,14.884378170950331,33.661898064941,1,0,0,1,0,0,8,8,8,1.0,1.0,1.0
2024-10-28,__ALL__,All actors,856b6bc3fffffff,5,14.639599355537094,33.298646533523275,1,0,0,1,0,0,13,13,13,1.0,1.0,1.0
2024-10-28,__ALL__,All actors,856b6bd3fffffff,5,14.781916997454012,33.234068187157774,1,0,0,1,0,0,20,20,20,1.0,1.0,1.0
2024-10-28,__ALL__,All actors,856b6e37fffffff,5,15.523006487760396,32.57683706993741,2,2,0,0,2,0,0,0,15,0.0,0.0,0.0
2024-10-28,__ALL__,All actors,856b6eabfffffff,5,15.679675700261631,32.344269579727474,1,1,0,0,1,0,11,0,11,0.0,1.0,0.0
2024-10-28,__ALL__,All actors,856b6eaffffffff,5,15.666591746948761,32.5105778563475,1,1,0,0,1,0,51,0,51,0.0,1.0,0.0
2024-11-04,__ALL__,All actors,856b032ffffffff,5,12.874105981248873,23.541366730640174,1,0,0,1,0,0,1,1,1,1.0,1.0,1.0
2024-11-04,__ALL__,All actors,856b03b3fffffff,5,13.565050185907548,23.319647799029408,1,1,0,0,1,0,12,0,12,0.0,1.0,0.0
2024-11-04,__ALL__,All actors,856b0897fffffff,5,13.617096818226427,25.424076053061942,3,3,0,0,3,0,17,0,17,0.0,1.0,0.0
2024-11-04,__ALL__,All actors,856b0a0ffffffff,5,12.0101707938044,24.830215921368204,2,1,0,1,1,0,17,1,17,0.5,1.0,0.058823529411764705
2024-11-04,__ALL__,All actors,856b0a23fffffff,5,11.99628428109655,25.160932277349875,1,1,0,0,1,0,5,0,5,0.0,1.0,0.0
2024-11-04,__ALL__,All actors,856b0c2ffffffff,5,13.757616890803206,25.34844956941545,1,1,0,0,1,0,4,0,4,0.0,1.0,0.0
2024-11-04,__ALL__,All actors,856b0e93fffffff,5,13.673401348561217,24.081628252479913,2,2,0,0,2,0,1,0,10,0.0,0.1,0.0
2024-11-04,__ALL__,All actors,856b6847fffffff,5,15.21009926814756,33.039210836879604,1,0,0,1,0,0,2,2,2,1.0,1.0,1.0
2024-11-04,__ALL__,All actors,856b6863fffffff,5,15.053881864210267,33.269013083326975,1,0,0,1,0,0,11,11,11,1.0,1.0,1.0
2024-11-04,__ALL__,All actors,856b6bc3fffffff,5,14.639599355537094,33.298646533523275,2,1,0,1,1,0,4,2,4,0.5,1.0,0.5
2024-11-04,__ALL__,All actors,856b6eaffffffff,5,15.666591746948761,32.5105778563475,1,1,0,0,1,0,0,0,1,0.0,0.0,0.0
2024-11-11,__ALL__,All actors,856b0883fffffff,5,13.484198335604699,25.3321041769971,1,1,0,0,1,0,2,0,2,0.0,1.0,0.0
2024-11-11,__ALL__,All actors,856b0897fffffff,5,13.617096818226427,25.424076053061942,8,6,0,2,6,161,17,16,188,0.25,0.09042553191489362,0.0851063829787234
2024-11-11,__ALL__,All actors,856b0c8bfffffff,5,14.335794350970474,24.70641585409657,1,0,0,1,0,0,4,4,4,1.0,1.0,1.0
2024-11-11,__ALL__,All actors,856b68a3fffffff,5,15.715431120031816,33.60509094769738,1,1,0,0,1,0,0,0,1,0.0,0.0,0.0
2024-11-11,__ALL__,All actors,856b6b6bfffffff,5,13.931167296261178,33.61876134125003,1,1,0,0,1,0,0,0,1,0.0,0.0,0.0
2024-11-11,__ALL__,All actors,856b6b7bfffffff,5,14.072426891978031,33.555106511045736,1,1,0,0,1,0,0,0,14,0.0,0.0,0.0
2024-11-11,__ALL__,All actors,856b6bc3fffffff,5,14.639599355537094,33.298646533523275,1,1,0,0,1,0,3,0,3,0.0,1.0,0.0
2024-11-11,__ALL__,All actors,856b6e37fffffff,5,15.523006487760396,32.57683706993741,1,0,0,1,0,0,1,1,1,1.0,1.0,1.0
2024-11-11,__ALL__,All actors,856b6e97fffffff,5,16.111653402951703,32.143513396531354,1,1,0,0,1,0,5,0,5,0.0,1.0,0.0
2024-11-18,__ALL__,All actors,856b0897fffffff,5,13.617096818226427,25.424076053061942,1,1,0,0,1,0,15,0,15,0.0,1.0,0.0
2024-11-18,__ALL__,All actors,856b0c2ffffffff,5,13.757616890803206,25.34844956941545,1,1,0,0,1,0,5,0,5,0.0,1.0,0.0
2024-11-18,__ALL__,All actors,856b0d03fffffff,5,14.000739280646407,26.03730252413982,1,1,0,0,1,0,0,0,5,0.0,0.0,0.0
2024-11-18,__ALL__,All actors,856b0dc3fffffff,5,14.157548064133358,25.625693667300094,2,2,0,0,2,0,0,0,12,0.0,0.0,0.0
2024-11-18,__ALL__,All actors,856b0e93fffffff,5,13.673401348561217,24.081628252479913,1,1,0,0,1,0,3,0,6,0.0,0.5,0.0
2024-11-18,__ALL__,All actors,856b5e53fffffff,5,10.847385940416137,29.425667419853948,1,1,0,0,1,0,2,0,2,0.0,1.0,0.0
2024-11-18,__ALL__,All actors,856b6847fffffff,5,15.21009926814756,33.039210836879604,2,0,0,2,0,0,14,14,14,1.0,1.0,1.0
2024-11-18,__ALL__,All actors,856b684ffffffff,5,15.080350142429761,32.93950335008769,1,1,0,0,1,0,0,0,1,0.0,0.0,0.0
2024-11-18,__ALL__,All actors,856b687bfffffff,5,15.067168834298581,33.104350983654285,1,0,0,1,0,0,42,42,42,1.0,1.0,1.0
2024-11-18,__ALL__,All actors,856b6a9bfffffff,5,14.989119162011951,32.34462370689703,1,0,0,1,0,0,4,4,4,1.0,1.0,1.0
2024-11-25,__ALL__,All actors,856b0883fffffff,5,13.484198335604699,25.3321041769971,1,1,0,0,1,0,9,0,9,0.0,1.0,0.0
2024-11-25,__ALL__,All actors,856b0897fffffff,5,13.617096818226427,25.424076053061942,2,0,0,2,0,0,9,9,9,1.0,1.0,1.0
2024-11-25,__ALL__,All actors,856b0dc3fffffff,5,14.157548064133358,25.625693667300094,1,1,0,0,1,0,0,0,7,0.0,0.0,0.0
2024-11-25,__ALL__,All actors,856b0e93fffffff,5,13.673401348561217,24.081628252479913,3,3,0,0,3,0,2,0,11,0.0,0.18181818181818182,0.0
2024-11-25,__ALL__,All actors,856b4bc3fffffff,5,11.78468719025789,33.50000693480772,1,0,0,1,0,0,120,120,120,1.0,1.0,1.0
2024-11-25,__ALL__,All actors,856b6bd3fffffff,5,14.781916997454012,33.234068187157774,1,1,0,0,1,2,2,0,4,0.0,0.5,0.0
2024-12-02,__ALL__,All actors,856a2ccffffffff,5,10.140942323917526,27.738565870114794,1,1,0,0,1,0,5,0,5,0.0,1.0,0.0
2024-12-02,__ALL__,All actors,856b0807fffffff,5,13.064257572973435,25.557929310595892,1,0,1,0,1,0,0,0,2,0.0,0.0,0.0
2024-12-02,__ALL__,All actors,856b0883fffffff,5,13.484198335604699,25.3321041769971,1,1,0,0,1,0,0,0,8,0.0,0.0,0.0
2024-12-02,__ALL__,All actors,856b088bfffffff,5,13.351412988099886,25.240335793837772,1,0,0,1,0,0,20,20,20,1.0,1.0,1.0
2024-12-02,__ALL__,All actors,856b0897fffffff,5,13.617096818226427,25.424076053061942,1,1,0,0,1,0,15,0,15,0.0,1.0,0.0
2024-12-02,__ALL__,All actors,856b0a2bfffffff,5,11.865248818369675,25.070530842383363,1,0,0,1,0,0,3,3,3,1.0,1.0,1.0
2024-12-02,__ALL__,All actors,856b0c2ffffffff,5,13.757616890803206,25.34844956941545,1,1,0,0,1,0,0,0,1,0.0,0.0,0.0
2024-12-02,__ALL__,All actors,856b0d03fffffff,5,14.000739280646407,26.03730252413982,1,1,0,0,1,0,9,0,9,0.0,1.0,0.0
2024-12-02,__ALL__,All actors,856b0d9bfffffff,5,14.42468617252928,25.811547836688913,1,0,0,1,0,0,1,1,1,1.0,1.0,1.0
2024-12-02,__ALL__,All actors,856b0dc3fffffff,5,14.157548064133358,25.625693667300094,1,1,0,0,1,0,7,0,7,0.0,1.0,0.0
2024-12-02,__ALL__,All actors,856b0e93fffffff,5,13.673401348561217,24.081628252479913,1,1,0,0,1,0,0,0,1,0.0,0.0,0.0
2024-12-02,__ALL__,All actors,856b28b3fffffff,5,16.398735142261142,25.25009764548636,1,0,0,1,0,0,1,1,1,1.0,1.0,1.0
2024-12-02,__ALL__,All actors,856b448bfffffff,5,15.012737341499482,30.083281550987248,1,0,0,1,0,0,3,3,3,1.0,1.0,1.0
2024-12-02,__ALL__,All actors,856b48cbfffffff,5,12.62774443976066,32.96023647059505,1,0,0,1,0,0,20,20,20,1.0,1.0,1.0
2024-12-02,__ALL__,All actors,856b6a33fffffff,5,14.536297645561135,32.87122396847487,1,0,0,1,0,0,3,3,3,1.0,1.0,1.0
2024-12-02,__ALL__,All actors,856b6e37fffffff,5,15.523006487760396,32.57683706993741,2,1,0,1,1,0,29,1,29,0.5,1.0,0.034482758620689655
2024-12-02,__ALL__,All actors,856b6e97fffffff,5,16.111653402951703,32.143513396531354,1,1,0,0,1,0,2,0,2,0.0,1.0,0.0
2024-12-02,__ALL__,All actors,856b6eaffffffff,5,15.666591746948761,32.5105778563475,2,2,0,0,2,0,8,0,8,0.0,1.0,0.0
2024-12-02,__ALL__,All actors,856b76dbfffffff,5,15.102509059792393,26.110234776485783,1,0,0,1,0,0,2,2,2,1.0,1.0,1.0
2024-12-09,__ALL__,All actors,856b0883fffffff,5,13.484198335604699,25.3321041769971,1,1,0,0,1,0,0,0,8,0.0,0.0,0.0
2024-12-09,__ALL__,All actors,856b0897fffffff,5,13.617096818226427,25.424076053061942,6,6,0,0,6,0,105,0,120,0.0,0.875,0.0
2024-12-09,__ALL__,All actors,856b0a0ffffffff,5,12.0101707938044,24.830215921368204,2,2,0,0,2,0,7,0,7,0.0,1.0,0.0
2024-12-09,__ALL__,All actors,856b0e93fffffff,5,13.673401348561217,24.081628252479913,1,1,0,0,1,0,0,0,101,0.0,0.0,0.0
2024-12-09,__ALL__,All actors,856b416bfffffff,5,13.116370458394414,31.791793424958705,1,0,0,1,0,0,13,13,13,1.0,1.0,1.0
2024-12-09,__ALL__,All actors,856b4517fffffff,5,14.777705523071544,31.4845988139711,1,1,0,0,1,0,15,0,15,0.0,1.0,0.0
2024-12-09,__ALL__,All actors,856b6b1bfffffff,5,14.484353147764434,33.52660543136047,1,1,0,0,1,0,9,0,9,0.0,1.0,0.0
2024-12-09,__ALL__,All actors,856b6b57fffffff,5,14.355589874543668,33.42724592601439,1,0,0,1,0,0,2,2,2,1.0,1.0,1.0
2024-12-09,__ALL__,All actors,856b6bcbfffffff,5,14.510526404273525,33.199284904221805,2,1,0,1,1,0,5,2,5,0.5,1.0,0.4
2024-12-09,__ALL__,All actors,856b6bdbfffffff,5,14.652673737370709,33.1346198391187,1,0,0,1,0,0,1,1,1,1.0,1.0,1.0
2024-12-09,__ALL__,All actors,856b6e97fffffff,5,16.111653402951703,32.143513396531354,1,1,0,0,1,0,0,0,65,0.0,0.0,0.0
2024-12-16,__ALL__,All actors,853eca97fffffff,5,19.26827369495008,29.472831070752537,1,1,0,0,1,5,0,0,5,0.0,0.0,0.0
2024-12-16,__ALL__,All actors,856a61dbfffffff,5,9.889587219986621,34.20258459740573,1,1,0,0,1,0,3,0,3,0.0,1.0,0.0
2024-12-16,__ALL__,All actors,856b088bfffffff,5,13.351412988099886,25.240335793837772,1,0,0,1,0,0,50,50,50,1.0,1.0,1.0
2024-12-16,__ALL__,All actors,856b0897fffffff,5,13.617096818226427,25.424076053061942,4,4,0,0,4,0,25,0,35,0.0,0.7142857142857143,0.0
2024-12-16,__ALL__,All actors,856b0a0ffffffff,5,12.0101707938044,24.830215921368204,2,2,0,0,2,0,5,0,6,0.0,0.8333333333333334,0.0
2024-12-16,__ALL__,All actors,856b0c67fffffff,5,13.631838696479218,25.08875652166804,1,0,0,1,0,0,1,1,1,1.0,1.0,1.0
2024-12-16,__ALL__,All actors,856b0cc7fffffff,5,14.201760031416846,24.61463456526655,1,1,0,0,1,0,0,0,87,0.0,0.0,0.0
2024-12-16,__ALL__,All actors,856b28b3fffffff,5,16.398735142261142,25.25009764548636,1,1,0,0,1,1,0,0,1,0.0,0.0,0.0
2024-12-16,__ALL__,All actors,856b2a37fffffff,5,15.022363407245473,24.82888898186477,2,1,0,1,1,2,39,39,41,0.5,0.9512195121951219,0.9512195121951219
2024-12-16,__ALL__,All actors,856b43a7fffffff,5,12.987613726092313,31.694720542113796,1,1,0,0,1,1,0,0,1,0.0,0.0,0.0
2024-12-16,__ALL__,All actors,856b43cbfffffff,5,12.784145919110161,30.68495769510305,1,0,0,1,0,0,3,3,3,1.0,1.0,1.0
2024-12-16,__ALL__,All actors,856b6a87fffffff,5,14.963565641674332,32.67503422333285,1,0,0,1,0,0,2,2,2,1.0,1.0,1.0
2024-12-16,__ALL__,All actors,856b6eaffffffff,5,15.666591746948761,32.5105778563475,1,1,0,0,1,17,0,0,17,0.0,0.0,0.0
2024-12-23,__ALL__,All actors,856b0173fffffff,5,13.82654865176715,23.66776162445098,1,1,0,0,1,0,0,0,7,0.0,0.0,0.0
2024-12-23,__ALL__,All actors,856b0897fffffff,5,13.617096818226427,25.424076053061942,3,3,0,0,3,0,21,0,25,0.0,0.84,0.0
2024-12-23,__ALL__,All actors,856b0a0ffffffff,5,12.0101707938044,24.830215921368204,2,2,0,0,2,1,4,0,8,0.0,0.5,0.0
2024-12-23,__ALL__,All actors,856b0c2ffffffff,5,13.757616890803206,25.34844956941545,2,1,0,1,1,0,7,1,9,0.5,0.7777777777777778,0.1111111111111111
2024-12-23,__ALL__,All actors,856b0cc7fffffff,5,14.201760031416846,24.61463456526655,4,2,0,2,2,0,7,3,24,0.5,0.2916666666666667,0.125
2024-12-23,__ALL__,All actors,856b0cd3fffffff,5,14.349763633361787,24.368644657856713,1,0,0,1,0,0,2,2,2,1.0,1.0,1.0
2024-12-23,__ALL__,All actors,856b4b53fffffff,5,11.52095054197654,33.46556353562259,1,1,0,0,1,0,0,0,0,0.0,0.0,0.0
2024-12-23,__ALL__,All actors,856b6dc7fffffff,5,16.537835160936922,33.71380175759378,1,1,0,0,1,10,0,0,10,0.0,0.0,0.0
2024-12-23,__ALL__,All actors,856b6e37fffffff,5,15.523006487760396,32.57683706993741,1,1,0,0,1,0,7,0,7,0.0,1.0,0.0
2024-12-30,__ALL__,All actors,856b0883fffffff,5,13.484198335604699,25.3321041769971,2,2,0,0,2,0,4,0,6,0.0,0.6666666666666666,0.0
2024-12-30,__ALL__,All actors,856b088bfffffff,5,13.351412988099886,25.240335793837772,1,1,0,0,1,0,0,0,100,0.0,0.0,0.0
2024-12-30,__ALL__,All actors,856b0897fffffff,5,13.617096818226427,25.424076053061942,2,2,0,0,2,2,1,0,3,0.0,0.3333333333333333,0.0
2024-12-30,__ALL__,All actors,856b0a0ffffffff,5,12.0101707938044,24.830215921368204,1,1,0,0,1,0,6,0,6,0.0,1.0,0.0
2024-12-30,__ALL__,All actors,856b0c2ffffffff,5,13.757616890803206,25.34844956941545,4,4,0,0,4,0,6,0,66,0.0,0.09090909090909091,0.0
2024-12-30,__ALL__,All actors,856b0c67fffffff,5,13.631838696479218,25.08875652166804,1,0,0,1,0,0,16,16,16,1.0,1.0,1.0
2024-12-30,__ALL__,All actors,856b0cc7fffffff,5,14.201760031416846,24.61463456526655,1,1,0,0,1,0,4,0,8,0.0,0.5,0.0
2024-12-30,__ALL__,All actors,856b2a2ffffffff,5,14.74583451233657,24.81361045110372,1,0,0,1,0,0,4,4,4,1.0,1.0,1.0
2024-12-30,__ALL__,All actors,856b6873fffffff,5,15.196777259014647,33.204148028134846,1,0,0,1,0,0,5,5,5,1.0,1.0,1.0
2024-12-30,__ALL__,All actors,856b6b3bfffffff,5,14.31600785842787,33.91655440444772,1,0,0,1,0,0,1,1,1,1.0,1.0,1.0
2024-12-30,__ALL__,All actors,856b6b63fffffff,5,14.059413613930325,33.71785644201067,1,0,0,1,0,0,1,1,1,1.0,1.0,1.0
2024-12-30,__ALL__,All actors,856b6bd3fffffff,5,14.781916997454012,33.234068187157774,1,0,0,1,0,0,2,2,2,1.0,1.0,1.0
2024-12-30,__ALL__,All actors,856b6e37fffffff,5,15.523006487760396,32.57683706993741,2,1,0,1,1,0,15,5,15,0.5,1.0,0.3333333333333333
2024-12-30,__ALL__,All actors,856b6eaffffffff,5,15.666591746948761,32.5105778563475,2,2,0,0,2,21,0,0,25,0.0,0.0,0.0
2025-01-06,__ALL__,All actors,856b0883fffffff,5,13.484198335604699,25.3321041769971,1,1,0,0,1,0,17,0,17,0.0,1.0,0.0
2025-01-06,__ALL__,All actors,856b0897fffffff,5,13.617096818226427,25.424076053061942,4,4,0,0,4,0,25,0,31,0.0,0.8064516129032258,0.0
2025-01-06,__ALL__,All actors,856b0a0ffffffff,5,12.0101707938044,24.830215921368204,2,1,0,1,1,0,13,4,13,0.5,1.0,0.3076923076923077
2025-01-06,__ALL__,All actors,856b0c2ffffffff,5,13.757616890803206,25.34844956941545,1,1,0,0,1,0,0,0,8,0.0,0.0,0.0
2025-01-06,__ALL__,All actors,856b0d03fffffff,5,14.000739280646407,26.03730252413982,1,1,0,0,1,0,1,0,1,0.0,1.0,0.0
2025-01-06,__ALL__,All actors,856b4d67fffffff,5,13.06275472354985,34.31840295632013,1,0,0,1,0,0,45,45,45,1.0,1.0,1.0
2025-01-06,__ALL__,All actors,856b6b03fffffff,5,14.471117386034031,33.689982159462915,2,0,0,2,0,0,42,42,42,1.0,1.0,1.0
2025-01-06,__ALL__,All actors,856b6b1bfffffff,5,14.484353147764434,33.52660543136047,3,1,0,2,1,0,57,57,308,0.6666666666666666,0.18506493506493507,0.18506493506493507
2025-01-06,__ALL__,All actors,856b6b53fffffff,5,14.368587889587243,33.2637641534057,1,0,0,1,0,0,13,13,13,1.0,1.0,1.0
2025-01-06,__ALL__,All actors,856b6bd3fffffff,5,14.781916997454012,33.234068187157774,1,0,0,1,0,0,3,3,3,1.0,1.0,1.0
2025-01-06,__ALL__,All actors,856b6e37fffffff,5,15.523006487760396,32.57683706993741,2,2,0,0,2,0,11,0,15,0.0,0.7333333333333333,0.0
2025-01-06,__ALL__,All actors,856b6eabfffffff,5,15.679675700261631,32.344269579727474,1,0,0,1,0,0,1,1,1,1.0,1.0,1.0
2025-01-06,__ALL__,All actors,856b6eaffffffff,5,15.666591746948761,32.5105778563475,1,1,0,0,1,0,0,0,1,0.0,0.0,0.0
2025-01-06,__ALL__,All actors,856b724bfffffff,5,13.553751358777026,26.762798849591622,1,1,0,0,1,0,0,0,2,0.0,0.0,0.0
2025-01-13,__ALL__,All actors,856b0897fffffff,5,13.617096818226427,25.424076053061942,6,6,0,0,6,88,7,0,120,0.0,0.058333333333333334,0.0
2025-01-13,__ALL__,All actors,856b0a0ffffffff,5,12.0101707938044,24.830215921368204,1,1,0,0,1,0,4,0,4,0.0,1.0,0.0
2025-01-13,__ALL__,All actors,856b0dc3fffffff,5,14.157548064133358,25.625693667300094,1,1,0,0,1,0,25,0,25,0.0,1.0,0.0
2025-01-13,__ALL__,All actors,856b0e93fffffff,5,13.673401348561217,24.081628252479913,1,0,1,0,1,0,0,0,120,0.0,0.0,0.0
2025-01-13,__ALL__,All actors,856b2837fffffff,5,15.968086034801278,25.482079364743772,1,1,0,0,1,200,0,0,200,0.0,0.0,0.0
2025-01-13,__ALL__,All actors,856b6847fffffff,5,15.21009926814756,33.039210836879604,1,0,0,1,0,0,4,4,4,1.0,1.0,1.0
2025-01-13,__ALL__,All actors,856b6873fffffff,5,15.196777259014647,33.204148028134846,1,0,0,1,0,0,4,4,4,1.0,1.0,1.0
2025-01-13,__ALL__,All actors,856b6a87fffffff,5,14.963565641674332,32.67503422333285,2,0,0,2,0,0,11,11,11,1.0,1.0,1.0
2025-01-13,__ALL__,All actors,856b6abbfffffff,5,14.820939304661387,32.74061861046105,1,0,0,1,0,0,20,20,20,1.0,1.0,1.0
2025-01-13,__ALL__,All actors,856b6b1bfffffff,5,14.484353147764434,33.52660543136047,4,2,0,2,2,0,65,65,67,0.5,0.9701492537313433,0.9701492537313433
2025-01-13,__ALL__,All actors,856b6b83fffffff,5,14.884378170950331,33.661898064941,1,0,0,1,0,0,2,2,2,1.0,1.0,1.0
2025-01-13,__ALL__,All actors,856b6e37fffffff,5,15.523006487760396,32.57683706993741,1,1,0,0,1,0,0,0,8,0.0,0.0,0.0
2025-01-13,__ALL__,All actors,856b6eaffffffff,5,15.666591746948761,32.5105778563475,1,1,0,0,1,0,120,0,120,0.0,1.0,0.0
2025-01-13,__ALL__,All actors,856b724ffffffff,5,13.545345875209348,26.929805309590613,2,1,0,1,1,0,29,29,48,0.5,0.6041666666666666,0.6041666666666666
2025-01-20,__ALL__,All actors,856b0897fffffff,5,13.617096818226427,25.424076053061942,3,3,0,0,3,0,31,0,81,0.0,0.38271604938271603,0.0
2025-01-20,__ALL__,All actors,856b0c2ffffffff,5,13.757616890803206,25.34844956941545,3,3,0,0,3,0,23,0,34,0.0,0.6764705882352942,0.0
2025-01-20,__ALL__,All actors,856b1c3bfffffff,5,12.09103515012432,22.67698079992028,1,0,0,1,0,0,1,1,1,1.0,1.0,1.0
2025-01-20,__ALL__,All actors,856b687bfffffff,5,15.067168834298581,33.104350983654285,1,1,0,0,1,0,3,0,3,0.0,1.0,0.0
2025-01-20,__ALL__,All actors,856b6bd3fffffff,5,14.781916997454012,33.234068187157774,1,1,0,0,1,0,3,0,3,0.0,1.0,0.0
2025-01-20,__ALL__,All actors,856b6eaffffffff,5,15.666591746948761,32.5105778563475,1,0,0,1,0,0,18,18,18,1.0,1.0,1.0
2025-01-20,__ALL__,All actors,856b724ffffffff,5,13.545345875209348,26.929805309590613,1,1,0,0,1,0,0,0,80,0.0,0.0,0.0
2025-01-27,__ALL__,All actors,856b0007fffffff,5,14.137133743398717,22.66778407962769,1,0,0,1,0,0,2,2,2,1.0,1.0,1.0
2025-01-27,__ALL__,All actors,856b032ffffffff,5,12.874105981248873,23.541366730640174,1,0,0,1,0,0,1,1,1,1.0,1.0,1.0
2025-01-27,__ALL__,All actors,856b084bfffffff,5,12.682291556655446,24.95092036788911,1,1,0,0,1,0,3,0,6,0.0,0.5,0.0
2025-01-27,__ALL__,All actors,856b0897fffffff,5,13.617096818226427,25.424076053061942,7,5,0,2,5,140,69,14,285,0.2857142857142857,0.24210526315789474,0.04912280701754386
2025-01-27,__ALL__,All actors,856b0a0ffffffff,5,12.0101707938044,24.830215921368204,2,2,0,0,2,0,0,0,17,0.0,0.0,0.0
2025-01-27,__ALL__,All actors,856b0c2ffffffff,5,13.757616890803206,25.34844956941545,3,3,0,0,3,0,11,0,28,0.0,0.39285714285714285,0.0
2025-01-27,__ALL__,All actors,856b0cc7fffffff,5,14.201760031416846,24.61463456526655,1,1,0,0,1,0,13,0,13,0.0,1.0,0.0
2025-01-27,__ALL__,All actors,856b0d03fffffff,5,14.000739280646407,26.03730252413982,1,1,0,0,1,0,0,0,3,0.0,0.0,0.0
2025-01-27,__ALL__,All actors,856b4287fffffff,5,13.225245724503111,30.152617420328752,1,1,0,0,1,0,7,0,7,0.0,1.0,0.0
2025-01-27,__ALL__,All actors,856b4317fffffff,5,12.880972286537473,31.271603111564453,1,0,0,1,0,0,1,1,1,1.0,1.0,1.0
2025-01-27,__ALL__,All actors,856b6e2ffffffff,5,15.249419818998454,32.54329883583084,1,0,0,1,0,0,8,8,8,1.0,1.0,1.0
2025-01-27,__ALL__,All actors,856b6e37fffffff,5,15.523006487760396,32.57683706993741,1,1,0,0,1,0,2,0,2,0.0,1.0,0.0
2025-01-27,__ALL__,All actors,856b6e97fffffff,5,16.111653402951703,32.143513396531354,1,1,0,0,1,0,0,0,61,0.0,0.0,0.0
2025-01-27,__ALL__,All actors,856b6eaffffffff,5,15.666591746948761,32.5105778563475,2,1,0,1,1,1,1,1,3,0.5,0.3333333333333333,0.3333333333333333
2025-02-03,__ALL__,All actors,856b032ffffffff,5,12.874105981248873,23.541366730640174,1,1,0,0,1,0,3,0,3,0.0,1.0,0.0
2025-02-03,__ALL__,All actors,856b0883fffffff,5,13.484198335604699,25.3321041769971,1,1,0,0,1,0,30,0,39,0.0,0.7692307692307693,0.0
2025-02-03,__ALL__,All actors,856b0893fffffff,5,13.624522926904898,25.25644398413446,1,1,0,0,1,0,0,0,6,0.0,0.0,0.0
2025-02-03,__ALL__,All actors,856b0a0ffffffff,5,12.0101707938044,24.830215921368204,2,2,0,0,2,0,0,0,62,0.0,0.0,0.0
2025-02-03,__ALL__,All actors,856b4287fffffff,5,13.225245724503111,30.152617420328752,1,1,0,0,1,0,3,0,3,0.0,1.0,0.0
2025-02-03,__ALL__,All actors,856b5e1bfffffff,5,10.965939755270602,29.681033888773296,1,1,0,0,1,0,0,0,80,0.0,0.0,0.0
2025-02-03,__ALL__,All actors,856b687bfffffff,5,15.067168834298581,33.104350983654285,1,1,0,0,1,1,0,0,1,0.0,0.0,0.0
2025-02-03,__ALL__,All actors,856b6b53fffffff,5,14.368587889587243,33.2637641534057,1,0,0,1,0,0,2,2,2,1.0,1.0,1.0
2025-02-03,__ALL__,All actors,856b6e27fffffff,5,15.379615652468702,32.642905500554456,1,0,0,1,0,0,1,1,1,1.0,1.0,1.0
2025-02-03,__ALL__,All actors,856b6e2ffffffff,5,15.249419818998454,32.54329883583084,1,0,0,1,0,0,4,4,4,1.0,1.0,1.0
2025-02-03,__ALL__,All actors,856b6eaffffffff,5,15.666591746948761,32.5105778563475,1,1,0,0,1,0,1,0,6,0.0,0.16666666666666666,0.0
2025-02-10,__ALL__,All actors,856b0883fffffff,5,13.484198335604699,25.3321041769971,2,2,0,0,2,0,8,0,31,0.0,0.25806451612903225,0.0
2025-02-10,__ALL__,All actors,856b0897fffffff,5,13.617096818226427,25.424076053061942,1,1,0,0,1,0,0,0,5,0.0,0.0,0.0
2025-02-10,__ALL__,All actors,856b08affffffff,5,13.188959856700944,25.81668681795176,1,0,0,1,0,0,3,3,3,1.0,1.0,1.0
2025-02-10,__ALL__,All actors,856b0dc3fffffff,5,14.157548064133358,25.625693667300094,1,1,0,0,1,0,0,0,5,0.0,0.0,0.0
2025-02-10,__ALL__,All actors,856b4033fffffff,5,13.712635814953709,31.03301129215613,1,0,0,1,0,0,6,6,6,1.0,1.0,1.0
2025-02-10,__ALL__,All actors,856b68a3fffffff,5,15.715431120031816,33.60509094769738,1,0,0,1,0,0,6,6,6,1.0,1.0,1.0
2025-02-10,__ALL__,All actors,856b6a8bfffffff,5,14.84643178702341,32.410751731197266,1,0,0,1,0,0,176,176,176,1.0,1.0,1.0
2025-02-10,__ALL__,All actors,856b6acffffffff,5,14.586613686710924,32.21295741336476,2,0,0,2,0,0,30,30,30,1.0,1.0,1.0
2025-02-17,__ALL__,All actors,856b082bfffffff,5,12.78517862931551,25.707521290167957,1,1,0,0,1,0,0,0,1,0.0,0.0,0.0
2025-02-17,__ALL__,All actors,856b0883fffffff,5,13.484198335604699,25.3321041769971,1,1,0,0,1,0,0,0,1,0.0,0.0,0.0
2025-02-17,__ALL__,All actors,856b0897fffffff,5,13.617096818226427,25.424076053061942,2,2,0,0,2,70,0,0,70,0.0,0.0,0.0
2025-02-17,__ALL__,All actors,856b0b93fffffff,5,12.645909742661816,25.78203127655221,2,2,0,0,2,0,18,0,18,0.0,1.0,0.0
2025-02-17,__ALL__,All actors,856b0d03fffffff,5,14.000739280646407,26.03730252413982,3,3,0,0,3,0,9,0,9,0.0,1.0,0.0
2025-02-17,__ALL__,All actors,856b4247fffffff,5,12.566479137498533,29.838570501682415,1,1,0,0,1,0,6,0,6,0.0,1.0,0.0
2025-02-17,__ALL__,All actors,856b4287fffffff,5,13.225245724503111,30.152617420328752,1,1,0,0,1,0,0,0,3,0.0,0.0,0.0
2025-02-17,__ALL__,All actors,856b43cbfffffff,5,12.784145919110161,30.68495769510305,2,0,0,2,0,0,6,6,6,1.0,1.0,1.0
2025-02-17,__ALL__,All actors,856b52bbfffffff,5,11.337018718490974,27.753918817936633,1,1,0,0,1,1,0,0,1,0.0,0.0,0.0
2025-02-17,__ALL__,All actors,856b6a8bfffffff,5,14.84643178702341,32.410751731197266,3,0,0,3,0,0,24,24,24,1.0,1.0,1.0
2025-02-17,__ALL__,All actors,856b6e37fffffff,5,15.523006487760396,32.57683706993741,1,1,0,0,1,17,0,0,17,0.0,0.0,0.0
2025-02-17,__ALL__,All actors,856b6eaffffffff,5,15.666591746948761,32.5105778563475,1,1,0,0,1,0,8,0,8,0.0,1.0,0.0
2025-02-24,__ALL__,All actors,856b0897fffffff,5,13.617096818226427,25.424076053061942,2,2,0,0,2,34,0,0,34,0.0,0.0,0.0
2025-02-24,__ALL__,All actors,856b08affffffff,5,13.188959856700944,25.81668681795176,3,0,0,3,0,0,31,31,31,1.0,1.0,1.0
2025-02-24,__ALL__,All actors,856b0a0ffffffff,5,12.0101707938044,24.830215921368204,1,1,0,0,1,7,0,0,7,0.0,0.0,0.0
2025-02-24,__ALL__,All actors,856b0c2ffffffff,5,13.757616890803206,25.34844956941545,1,1,0,0,1,0,0,0,6,0.0,0.0,0.0
2025-02-24,__ALL__,All actors,856b40cffffffff,5,13.756528642419191,30.3731773839385,1,1,0,0,1,12,0,0,12,0.0,0.0,0.0
2025-02-24,__ALL__,All actors,856b463bfffffff,5,13.65769449353888,29.78059274433886,1,1,0,0,1,0,7,0,7,0.0,1.0,0.0
2025-02-24,__ALL__,All actors,856b6eaffffffff,5,15.666591746948761,32.5105778563475,1,1,0,0,1,10,0,0,10,0.0,0.0,0.0
2025-02-24,__ALL__,All actors,856b73d3fffffff,5,14.179916519541083,27.902684953731235,1,1,0,0,1,0,70,0,70,0.0,1.0,0.0
2025-03-03,__ALL__,All actors,856b0c2ffffffff,5,13.757616890803206,25.34844956941545,2,2,0,0,2,0,0,0,7,0.0,0.0,0.0
2025-03-03,__ALL__,All actors,856b40cffffffff,5,13.756528642419191,30.3731773839385,1,1,0,0,1,4,0,0,4,0.0,0.0,0.0
2025-03-03,__ALL__,All actors,856b4287fffffff,5,13.225245724503111,30.152617420328752,2,2,0,0,2,0,0,0,20,0.0,0.0,0.0
2025-03-03,__ALL__,All actors,856b428bfffffff,5,13.105558348942102,29.89206293818998,1,1,0,0,1,0,62,0,62,0.0,1.0,0.0
2025-03-03,__ALL__,All actors,856b55a3fffffff,5,13.145564367420294,29.23245224782049,1,0,0,1,0,0,7,7,7,1.0,1.0,1.0
2025-03-03,__ALL__,All actors,856b55abfffffff,5,13.01516189734286,29.137286581064554,1,0,0,1,0,0,7,7,7,1.0,1.0,1.0
2025-03-03,__ALL__,All actors,856b6eaffffffff,5,15.666591746948761,32.5105778563475,1,1,0,0,1,0,1,0,1,0.0,1.0,0.0
2025-03-03,__ALL__,All actors,856b76dbfffffff,5,15.102509059792393,26.110234776485783,2,2,0,0,2,2,0,0,15,0.0,0.0,0.0
2025-03-10,__ALL__,All actors,856b004ffffffff,5,13.739089786819877,22.2323702962997,1,0,0,1,0,0,5,5,5,1.0,1.0,1.0
2025-03-10,__ALL__,All actors,856b0897fffffff,5,13.617096818226427,25.424076053061942,5,4,0,1,4,8,27,23,45,0.2,0.6,0.5111111111111111
2025-03-10,__ALL__,All actors,856b4287fffffff,5,13.225245724503111,30.152617420328752,3,3,0,0,3,0,4,0,9,0.0,0.4444444444444444,0.0
2025-03-10,__ALL__,All actors,856b6e37fffffff,5,15.523006487760396,32.57683706993741,2,0,0,2,0,0,54,54,54,1.0,1.0,1.0
2025-03-10,__ALL__,All actors,856b6e97fffffff,5,16.111653402951703,32.143513396531354,2,2,0,0,2,0,10,0,11,0.0,0.9090909090909091,0.0
2025-03-10,__ALL__,All actors,856b7077fffffff,5,14.586735638130152,28.020551626896516,1,1,0,0,1,0,2,0,2,0.0,1.0,0.0
2025-03-17,__ALL__,All actors,856b0883fffffff,5,13.484198335604699,25.3321041769971,1,0,0,1,0,0,9,9,9,1.0,1.0,1.0
2025-03-17,__ALL__,All actors,856b0897fffffff,5,13.617096818226427,25.424076053061942,1,1,0,0,1,0,8,0,8,0.0,1.0,0.0
2025-03-17,__ALL__,All actors,856b0c2ffffffff,5,13.757616890803206,25.34844956941545,1,1,0,0,1,0,0,0,5,0.0,0.0,0.0
2025-03-17,__ALL__,All actors,856b4287fffffff,5,13.225245724503111,30.152617420328752,1,1,0,0,1,0,4,0,4,0.0,1.0,0.0
2025-03-17,__ALL__,All actors,856b684bfffffff,5,15.093425124179449,32.77447260263137,1,0,0,1,0,0,2,2,2,1.0,1.0,1.0
2025-03-17,__ALL__,All actors,856b685bfffffff,5,15.236421213766233,32.708783796067145,1,0,0,1,0,0,12,12,12,1.0,1.0,1.0
2025-03-17,__ALL__,All actors,856b6e27fffffff,5,15.379615652468702,32.642905500554456,1,0,0,1,0,0,4,4,4,1.0,1.0,1.0
2025-03-17,__ALL__,All actors,856b6e37fffffff,5,15.523006487760396,32.57683706993741,2,2,0,0,2,0,9,0,15,0.0,0.6,0.0
2025-03-17,__ALL__,All actors,856b6e97fffffff,5,16.111653402951703,32.143513396531354,2,2,0,0,2,0,11,0,11,0.0,1.0,0.0
2025-03-17,__ALL__,All actors,856b6eaffffffff,5,15.666591746948761,32.5105778563475,1,1,0,0,1,0,5,0,10,0.0,0.5,0.0
2025-03-17,__ALL__,All actors,856b76dbfffffff,5,15.102509059792393,26.110234776485783,2,0,0,2,0,0,94,94,94,1.0,1.0,1.0
2025-03-24,__ALL__,All actors,856b0883fffffff,5,13.484198335604699,25.3321041769971,1,0,0,1,0,0,10,10,10,1.0,1.0,1.0
2025-03-24,__ALL__,All actors,856b0897fffffff,5,13.617096818226427,25.424076053061942,3,3,0,0,3,7,359,0,366,0.0,0.9808743169398907,0.0
2025-03-24,__ALL__,All actors,856b09b3fffffff,5,13.41324860345307,26.836375890569293,1,1,0,0,1,0,4,0,4,0.0,1.0,0.0
2025-03-24,__ALL__,All actors,856b0c2ffffffff,5,13.757616890803206,25.34844956941545,1,1,0,0,1,0,1,0,1,0.0,1.0,0.0
2025-03-24,__ALL__,All actors,856b4287fffffff,5,13.225245724503111,30.152617420328752,1,1,0,0,1,0,1,0,1,0.0,1.0,0.0
2025-03-24,__ALL__,All actors,856b6e2ffffffff,5,15.249419818998454,32.54329883583084,1,1,0,0,1,0,0,0,6,0.0,0.0,0.0
2025-03-24,__ALL__,All actors,856b6e37fffffff,5,15.523006487760396,32.57683706993741,2,0,0,2,0,0,21,21,21,1.0,1.0,1.0
2025-03-24,__ALL__,All actors,856b6eabfffffff,5,15.679675700261631,32.344269579727474,1,0,0,1,0,0,96,96,96,1.0,1.0,1.0
2025-03-24,__ALL__,All actors,856b6eaffffffff,5,15.666591746948761,32.5105778563475,1,0,0,1,0,0,1,1,1,1.0,1.0,1.0
2025-03-31,__ALL__,All actors,856b0897fffffff,5,13.617096818226427,25.424076053061942,2,2,0,0,2,21,0,0,21,0.0,0.0,0.0
2025-03-31,__ALL__,All actors,856b0a0ffffffff,5,12.0101707938044,24.830215921368204,2,1,0,1,1,1,1,1,3,0.5,0.3333333333333333,0.3333333333333333
2025-03-31,__ALL__,All actors,856b0b4bfffffff,5,11.713254932445702,25.475012178219302,1,0,0,1,0,0,1,1,1,1.0,1.0,1.0
2025-03-31,__ALL__,All actors,856b0c2ffffffff,5,13.757616890803206,25.34844956941545,1,1,0,0,1,0,0,0,7,0.0,0.0,0.0
2025-03-31,__ALL__,All actors,856b4287fffffff,5,13.225245724503111,30.152617420328752,1,1,0,0,1,0,5,0,5,0.0,1.0,0.0
2025-03-31,__ALL__,All actors,856b4d53fffffff,5,13.381015482796718,33.70996934636946,1,1,0,0,1,0,0,0,38,0.0,0.0,0.0
2025-03-31,__ALL__,All actors,856b5ca3fffffff,5,12.098643219434368,30.85775787181509,2,2,0,0,2,3,0,0,3,0.0,0.0,0.0
2025-03-31,__ALL__,All actors,856b659bfffffff,5,18.02838683939146,30.911157047180804,2,2,0,0,2,0,6,0,10,0.0,0.6,0.0
2025-03-31,__ALL__,All actors,856b6eabfffffff,5,15.679675700261631,32.344269579727474,2,2,0,0,2,0,151,0,151,0.0,1.0,0.0
2025-03-31,__ALL__,All actors,856b6eaffffffff,5,15.666591746948761,32.5105778563475,1,0,0,1,0,0,2,2,2,1.0,1.0,1.0
2025-04-07,__ALL__,All actors,856b0883fffffff,5,13.484198335604699,25.3321041769971,19,6,0,13,6,2,309,309,1888,0.6842105263157895,0.16366525423728814,0.16366525423728814
2025-04-07,__ALL__,All actors,856b0893fffffff,5,13.624522926904898,25.25644398413446,3,2,0,1,2,0,16,10,16,0.3333333333333333,1.0,0.625
2025-04-07,__ALL__,All actors,856b0897fffffff,5,13.617096818226427,25.424076053061942,1,1,0,0,1,0,2,0,2,0.0,1.0,0.0
2025-04-07,__ALL__,All actors,856b09b3fffffff,5,13.41324860345307,26.836375890569293,1,1,0,0,1,3,0,0,3,0.0,0.0,0.0
2025-04-07,__ALL__,All actors,856b0c2ffffffff,5,13.757616890803206,25.34844956941545,2,2,0,0,2,0,2,0,38,0.0,0.05263157894736842,0.0
2025-04-07,__ALL__,All actors,856b4193fffffff,5,14.209126450542835,31.75291148233113,1,0,0,1,0,0,101,101,101,1.0,1.0,1.0
2025-04-07,__ALL__,All actors,856b4287fffffff,5,13.225245724503111,30.152617420328752,3,1,0,2,1,0,43,36,43,0.6666666666666666,1.0,0.8372093023255814
2025-04-07,__ALL__,All actors,856b52bbfffffff,5,11.337018718490974,27.753918817936633,1,1,0,0,1,5,0,0,5,0.0,0.0,0.0
2025-04-07,__ALL__,All actors,856b5c37fffffff,5,11.821773181829444,30.99105851598481,1,0,0,1,0,0,2,2,2,1.0,1.0,1.0
2025-04-07,__ALL__,All actors,856b659bfffffff,5,18.02838683939146,30.911157047180804,1,1,0,0,1,0,6,0,6,0.0,1.0,0.0
2025-04-07,__ALL__,All actors,856b6e37fffffff,5,15.523006487760396,32.57683706993741,2,1,0,1,1,0,62,62,64,0.5,0.96875,0.96875
2025-04-07,__ALL__,All actors,856b724bfffffff,5,13.553751358777026,26.762798849591622,2,0,0,2,0,0,56,56,56,1.0,1.0,1.0
2025-04-14,__ALL__,All actors,856b0897fffffff,5,13.617096818226427,25.424076053061942,5,5,0,0,5,0,103,0,138,0.0,0.7463768115942029,0.0
2025-04-14,__ALL__,All actors,856b09abfffffff,5,13.141127402387099,26.816573499644893,1,1,0,0,1,0,7,0,7,0.0,1.0,0.0
2025-04-14,__ALL__,All actors,856b09b3fffffff,5,13.41324860345307,26.836375890569293,1,0,0,1,0,0,20,20,20,1.0,1.0,1.0
2025-04-14,__ALL__,All actors,856b0c2ffffffff,5,13.757616890803206,25.34844956941545,2,2,0,0,2,0,17,0,17,0.0,1.0,0.0
2025-04-14,__ALL__,All actors,856b40cffffffff,5,13.756528642419191,30.3731773839385,1,1,0,0,1,50,0,0,50,0.0,0.0,0.0
2025-04-14,__ALL__,All actors,856b4247fffffff,5,12.566479137498533,29.838570501682415,1,1,0,0,1,0,0,0,2,0.0,0.0,0.0
2025-04-14,__ALL__,All actors,856b687bfffffff,5,15.067168834298581,33.104350983654285,1,0,0,1,0,0,1,1,1,1.0,1.0,1.0
2025-04-14,__ALL__,All actors,856b6ebbfffffff,5,15.823479645408375,32.27754359818576,1,1,0,0,1,5,0,0,5,0.0,0.0,0.0
2025-04-14,__ALL__,All actors,856b7243fffffff,5,13.686042359350044,26.8562724132047,1,0,0,1,0,0,23,23,23,1.0,1.0,1.0
2025-04-14,__ALL__,All actors,856b724ffffffff,5,13.545345875209348,26.929805309590613,1,0,0,1,0,0,22,22,22,1.0,1.0,1.0
2025-04-21,__ALL__,All actors,855393a7fffffff,5,17.625994771553472,34.02881997996949,1,1,0,0,1,0,8,0,11,0.0,0.7272727272727273,0.0
2025-04-21,__ALL__,All actors,856b0897fffffff,5,13.617096818226427,25.424076053061942,5,5,0,0,5,70,75,0,152,0.0,0.4934210526315789,0.0
2025-04-21,__ALL__,All actors,856b0c2ffffffff,5,13.757616890803206,25.34844956941545,1,1,0,0,1,0,0,0,14,0.0,0.0,0.0
2025-04-21,__ALL__,All actors,856b5013fffffff,5,12.122682454032907,28.147988390499638,2,0,0,2,0,0,144,144,144,1.0,1.0,1.0
2025-04-21,__ALL__,All actors,856b52bbfffffff,5,11.337018718490974,27.753918817936633,1,1,0,0,1,0,1,0,1,0.0,1.0,0.0
2025-04-21,__ALL__,All actors,856b6ea3fffffff,5,15.81036943723314,32.44412721021031,1,1,0,0,1,2,0,0,2,0.0,0.0,0.0
2025-04-21,__ALL__,All actors,856b6eaffffffff,5,15.666591746948761,32.5105778563475,1,1,0,0,1,0,0,0,31,0.0,0.0,0.0
2025-04-21,__ALL__,All actors,856b7077fffffff,5,14.586735638130152,28.020551626896516,1,1,0,0,1,2,0,0,2,0.0,0.0,0.0
2025-04-28,__ALL__,All actors,856b0897fffffff,5,13.617096818226427,25.424076053061942,6,6,0,0,6,19,13,0,143,0.0,0.09090909090909091,0.0
2025-04-28,__ALL__,All actors,856b0a3bfffffff,5,12.003275215866061,24.995598861904284,1,1,0,0,1,200,0,0,200,0.0,0.0,0.0
2025-04-28,__ALL__,All actors,856b0c2ffffffff,5,13.757616890803206,25.34844956941545,1,1,0,0,1,0,0,0,5,0.0,0.0,0.0
2025-04-28,__ALL__,All actors,856b4c4ffffffff,5,13.18662025068854,32.703264847585366,1,1,0,0,1,0,0,0,0,0.0,0.0,0.0
2025-04-28,__ALL__,All actors,856b555bfffffff,5,12.652205894555758,28.358529475015647,8,4,0,4,4,2,62,56,327,0.5,0.18960244648318042,0.1712538226299694
2025-05-05,__ALL__,All actors,856b0897fffffff,5,13.617096818226427,25.424076053061942,1,1,0,0,1,0,3,0,3,0.0,1.0,0.0
2025-05-05,__ALL__,All actors,856b0c2ffffffff,5,13.757616890803206,25.34844956941545,4,4,0,0,4,0,10,0,48,0.0,0.20833333333333334,0.0
2025-05-05,__ALL__,All actors,856b4287fffffff,5,13.225245724503111,30.152617420328752,2,1,0,1,1,0,6,6,27,0.5,0.2222222222222222,0.2222222222222222
2025-05-05,__ALL__,All actors,856b6eaffffffff,5,15.666591746948761,32.5105778563475,1,1,0,0,1,0,3,0,3,0.0,1.0,0.0
2025-05-12,__ALL__,All actors,856b0883fffffff,5,13.484198335604699,25.3321041769971,1,0,0,1,0,0,1,1,1,1.0,1.0,1.0
2025-05-12,__ALL__,All actors,856b0897fffffff,5,13.617096818226427,25.424076053061942,3,3,0,0,3,2,20,0,22,0.0,0.9090909090909091,0.0
2025-05-12,__ALL__,All actors,856b0c2ffffffff,5,13.757616890803206,25.34844956941545,1,1,0,0,1,0,14,0,14,0.0,1.0,0.0
2025-05-12,__ALL__,All actors,856b426bfffffff,5,12.28809125734853,29.97548104344701,2,0,0,2,0,0,26,26,26,1.0,1.0,1.0
2025-05-12,__ALL__,All actors,856b4287fffffff,5,13.225245724503111,30.152617420328752,3,2,0,1,2,0,8,4,12,0.3333333333333333,0.6666666666666666,0.3333333333333333
2025-05-12,__ALL__,All actors,856b52bbfffffff,5,11.337018718490974,27.753918817936633,2,2,0,0,2,2,0,0,2,0.0,0.0,0.0
2025-05-12,__ALL__,All actors,856b5523fffffff,5,12.735451950346159,29.276809691703694,1,0,0,1,0,0,1,1,1,1.0,1.0,1.0
2025-05-12,__ALL__,All actors,856b55a3fffffff,5,13.145564367420294,29.23245224782049,1,1,0,0,1,0,0,0,800,0.0,0.0,0.0
2025-05-12,__ALL__,All actors,856b5e1bfffffff,5,10.965939755270602,29.681033888773296,1,1,0,0,1,0,10,0,10,0.0,1.0,0.0
2025-05-12,__ALL__,All actors,856b6b8ffffffff,5,14.741970040675216,33.72583923723972,1,1,0,0,1,200,1,0,201,0.0,0.004975124378109453,0.0
2025-05-12,__ALL__,All actors,856b6eaffffffff,5,15.666591746948761,32.5105778563475,1,1,0,0,1,0,10,0,10,0.0,1.0,0.0
2025-05-19,__ALL__,All actors,856b0883fffffff,5,13.484198335604699,25.3321041769971,1,0,0,1,0,0,3,3,3,1.0,1.0,1.0
2025-05-19,__ALL__,All actors,856b0897fffffff,5,13.617096818226427,25.424076053061942,3,3,0,0,3,0,0,0,16,0.0,0.0,0.0
2025-05-19,__ALL__,All actors,856b0a0ffffffff,5,12.0101707938044,24.830215921368204,1,0,0,1,0,0,3,3,3,1.0,1.0,1.0
2025-05-19,__ALL__,All actors,856b5523fffffff,5,12.735451950346159,29.276809691703694,1,1,0,0,1,1,0,0,1,0.0,0.0,0.0
2025-05-26,__ALL__,All actors,856b0a3bfffffff,5,12.003275215866061,24.995598861904284,1,1,0,0,1,200,0,0,200,0.0,0.0,0.0
2025-05-26,__ALL__,All actors,856b0d03fffffff,5,14.000739280646407,26.03730252413982,1,1,0,0,1,0,40,0,40,0.0,1.0,0.0
2025-05-26,__ALL__,All actors,856b4227fffffff,5,12.6550107088778,30.588954548251603,1,1,0,0,1,0,0,0,3,0.0,0.0,0.0
2025-05-26,__ALL__,All actors,856b4247fffffff,5,12.566479137498533,29.838570501682415,3,3,0,0,3,2,2,0,4,0.0,0.5,0.0
2025-05-26,__ALL__,All actors,856b4287fffffff,5,13.225245724503111,30.152617420328752,1,1,0,0,1,0,22,0,22,0.0,1.0,0.0
2025-05-26,__ALL__,All actors,856b43abfffffff,5,12.869992839252635,31.434790621324144,1,1,0,0,1,0,4,0,4,0.0,1.0,0.0
2025-05-26,__ALL__,All actors,856b52bbfffffff,5,11.337018718490974,27.753918817936633,1,1,0,0,1,2,0,0,2,0.0,0.0,0.0
2025-05-26,__ALL__,All actors,856b55a3fffffff,5,13.145564367420294,29.23245224782049,1,1,0,0,1,0,8,0,8,0.0,1.0,0.0
2025-06-02,__ALL__,All actors,8552b42ffffffff,5,14.954584355815603,35.97749843510975,1,0,0,1,0,0,4,4,4,1.0,1.0,1.0
2025-06-02,__ALL__,All actors,856b0c2ffffffff,5,13.757616890803206,25.34844956941545,2,2,0,0,2,0,0,0,20,0.0,0.0,0.0
2025-06-02,__ALL__,All actors,856b0d03fffffff,5,14.000739280646407,26.03730252413982,1,1,0,0,1,0,5,0,5,0.0,1.0,0.0
2025-06-09,__ALL__,All actors,856a2893fffffff,5,9.711114617198458,28.430779842131756,2,0,2,0,2,10,0,0,10,0.0,0.0,0.0
2025-06-09,__ALL__,All actors,856b0897fffffff,5,13.617096818226427,25.424076053061942,3,3,0,0,3,24,21,0,45,0.0,0.4666666666666667,0.0
2025-06-09,__ALL__,All actors,856b0c2ffffffff,5,13.757616890803206,25.34844956941545,1,1,0,0,1,0,8,0,8,0.0,1.0,0.0
2025-06-09,__ALL__,All actors,856b0cc7fffffff,5,14.201760031416846,24.61463456526655,1,1,0,0,1,0,0,0,1,0.0,0.0,0.0
2025-06-09,__ALL__,All actors,856b40cffffffff,5,13.756528642419191,30.3731773839385,1,0,0,1,0,0,4,4,4,1.0,1.0,1.0
2025-06-09,__ALL__,All actors,856b4247fffffff,5,12.566479137498533,29.838570501682415,1,1,0,0,1,1,0,0,1,0.0,0.0,0.0
2025-06-09,__ALL__,All actors,856b4287fffffff,5,13.225245724503111,30.152617420328752,2,2,0,0,2,0,13,0,13,0.0,1.0,0.0
2025-06-09,__ALL__,All actors,856b519bfffffff,5,12.33652955941342,29.15687542218849,1,1,0,0,1,0,8,0,8,0.0,1.0,0.0
2025-06-09,__ALL__,All actors,856b52bbfffffff,5,11.337018718490974,27.753918817936633,3,3,0,0,3,17,0,0,17,0.0,0.0,0.0
2025-06-09,__ALL__,All actors,856b52dbfffffff,5,11.240268161534814,27.00786558087213,1,1,0,0,1,10,0,0,10,0.0,0.0,0.0
2025-06-16,__ALL__,All actors,856b4247fffffff,5,12.566479137498533,29.838570501682415,1,1,0,0,1,1,0,0,1,0.0,0.0,0.0
2025-06-16,__ALL__,All actors,856b5207fffffff,5,11.07078885710619,27.732367857903256,1,1,0,0,1,0,41,0,41,0.0,1.0,0.0
2025-06-16,__ALL__,All actors,856b528ffffffff,5,11.345314241499032,27.590494735213827,1,1,0,0,1,0,25,0,25,0.0,1.0,0.0
2025-06-16,__ALL__,All actors,856b52bbfffffff,5,11.337018718490974,27.753918817936633,1,1,0,0,1,0,0,0,2,0.0,0.0,0.0
2025-06-23,__ALL__,All actors,856b02a7fffffff,5,13.45999398207289,22.391256500715567,1,1,0,0,1,3,0,0,3,0.0,0.0,0.0
2025-06-23,__ALL__,All actors,856b0897fffffff,5,13.617096818226427,25.424076053061942,3,2,0,1,2,0,5,2,19,0.3333333333333333,0.2631578947368421,0.10526315789473684
2025-06-23,__ALL__,All actors,856b4637fffffff,5,13.777865413423747,30.042411042390217,1,0,0,1,0,0,23,23,23,1.0,1.0,1.0
2025-06-23,__ALL__,All actors,856b519bfffffff,5,12.33652955941342,29.15687542218849,1,1,0,0,1,25,10,0,35,0.0,0.2857142857142857,0.0
2025-06-23,__ALL__,All actors,856b51abfffffff,5,12.039791373119341,29.622342418404127,2,1,0,1,1,0,17,13,17,0.5,1.0,0.7647058823529411
2025-06-23,__ALL__,All actors,856b5207fffffff,5,11.07078885710619,27.732367857903256,1,1,0,0,1,1,0,0,1,0.0,0.0,0.0
2025-06-23,__ALL__,All actors,856b528ffffffff,5,11.345314241499032,27.590494735213827,1,1,0,0,1,0,4,0,4,0.0,1.0,0.0
2025-06-23,__ALL__,All actors,856b52bbfffffff,5,11.337018718490974,27.753918817936633,1,1,0,0,1,0,0,0,0,0.0,0.0,0.0
2025-06-30,__ALL__,All actors,856b0897fffffff,5,13.617096818226427,25.424076053061942,1,1,0,0,1,0,7,0,7,0.0,1.0,0.0
2025-06-30,__ALL__,All actors,856b0c2ffffffff,5,13.757616890803206,25.34844956941545,1,1,0,0,1,0,7,0,7,0.0,1.0,0.0
2025-06-30,__ALL__,All actors,856b519bfffffff,5,12.33652955941342,29.15687542218849,1,1,0,0,1,1,0,0,1,0.0,0.0,0.0
2025-07-07,__ALL__,All actors,856b0897fffffff,5,13.617096818226427,25.424076053061942,3,3,0,0,3,3,8,0,14,0.0,0.5714285714285714,0.0
2025-07-07,__ALL__,All actors,856b40cffffffff,5,13.756528642419191,30.3731773839385,2,0,0,2,0,0,450,450,450,1.0,1.0,1.0
2025-07-07,__ALL__,All actors,856b4287fffffff,5,13.225245724503111,30.152617420328752,2,2,0,0,2,0,1,0,1,0.0,1.0,0.0
2025-07-07,__ALL__,All actors,856b42d3fffffff,5,13.125757675573361,29.562508776636854,1,1,0,0,1,233,0,0,233,0.0,0.0,0.0
2025-07-07,__ALL__,All actors,856b5077fffffff,5,11.707532226545537,28.359621421240988,1,1,0,0,1,0,16,0,16,0.0,1.0,0.0
2025-07-07,__ALL__,All actors,856b519bfffffff,5,12.33652955941342,29.15687542218849,2,2,0,0,2,0,35,0,35,0.0,1.0,0.0
2025-07-14,__ALL__,All actors,856b0897fffffff,5,13.617096818226427,25.424076053061942,3,3,0,0,3,203,5,0,208,0.0,0.02403846153846154,0.0
2025-07-14,__ALL__,All actors,856b0c2ffffffff,5,13.757616890803206,25.34844956941545,2,2,0,0,2,0,14,0,14,0.0,1.0,0.0
2025-07-14,__ALL__,All actors,856b5193fffffff,5,12.466170398871483,29.251489420979606,1,1,0,0,1,0,3,0,3,0.0,1.0,0.0
2025-07-14,__ALL__,All actors,856b55a3fffffff,5,13.145564367420294,29.23245224782049,1,1,0,0,1,3,0,0,3,0.0,0.0,0.0
2025-07-21,__ALL__,All actors,856b416bfffffff,5,13.116370458394414,31.791793424958705,1,1,0,0,1,0,0,0,8,0.0,0.0,0.0
2025-07-21,__ALL__,All actors,856b5077fffffff,5,11.707532226545537,28.359621421240988,1,1,0,0,1,0,0,0,1,0.0,0.0,0.0
2025-07-21,__ALL__,All actors,856b519bfffffff,5,12.33652955941342,29.15687542218849,3,3,0,0,3,3,19,0,22,0.0,0.8636363636363636,0.0
2025-07-21,__ALL__,All actors,856b5523fffffff,5,12.735451950346159,29.276809691703694,1,1,0,0,1,0,0,0,45,0.0,0.0,0.0
2025-07-21,__ALL__,All actors,856b555bfffffff,5,12.652205894555758,28.358529475015647,1,0,0,1,0,0,30,30,30,1.0,1.0,1.0
2025-07-28,__ALL__,All actors,856b0897fffffff,5,13.617096818226427,25.424076053061942,3,1,0,2,1,3,18,18,21,0.6666666666666666,0.8571428571428571,0.8571428571428571
2025-07-28,__ALL__,All actors,856b0a0ffffffff,5,12.0101707938044,24.830215921368204,2,1,0,1,1,0,1,1,1,0.5,1.0,1.0
2025-07-28,__ALL__,All actors,856b0c2ffffffff,5,13.757616890803206,25.34844956941545,1,1,0,0,1,0,0,0,5,0.0,0.0,0.0
2025-07-28,__ALL__,All actors,856b0c67fffffff,5,13.631838696479218,25.08875652166804,1,0,0,1,0,0,2,2,2,1.0,1.0,1.0
2025-07-28,__ALL__,All actors,856b0cc7fffffff,5,14.201760031416846,24.61463456526655,1,1,0,0,1,0,4,0,4,0.0,1.0,0.0
2025-07-28,__ALL__,All actors,856b42d3fffffff,5,13.125757675573361,29.562508776636854,1,1,0,0,1,24,0,0,24,0.0,0.0,0.0
2025-07-28,__ALL__,All actors,856b4547fffffff,5,14.386206913776032,31.1902669510297,2,2,0,0,2,0,9,0,9,0.0,1.0,0.0
2025-07-28,__ALL__,All actors,856b5523fffffff,5,12.735451950346159,29.276809691703694,1,1,0,0,1,0,9,0,9,0.0,1.0,0.0
2025-07-28,__ALL__,All actors,856b5e1bfffffff,5,10.965939755270602,29.681033888773296,1,1,0,0,1,0,2,0,2,0.0,1.0,0.0
2025-08-04,__ALL__,All actors,8552b667fffffff,5,13.95194355374476,35.01278654862688,1,0,0,1,0,0,5,5,5,1.0,1.0,1.0
2025-08-04,__ALL__,All actors,856b0897fffffff,5,13.617096818226427,25.424076053061942,1,1,0,0,1,255,0,0,255,0.0,0.0,0.0
2025-08-04,__ALL__,All actors,856b09b3fffffff,5,13.41324860345307,26.836375890569293,1,1,0,0,1,4,0,0,4,0.0,0.0,0.0
2025-08-04,__ALL__,All actors,856b0a0ffffffff,5,12.0101707938044,24.830215921368204,3,2,0,1,2,43,1,1,44,0.3333333333333333,0.022727272727272728,0.022727272727272728
2025-08-04,__ALL__,All actors,856b428bfffffff,5,13.105558348942102,29.89206293818998,1,1,0,0,1,101,0,0,101,0.0,0.0,0.0
2025-08-04,__ALL__,All actors,856b463bfffffff,5,13.65769449353888,29.78059274433886,1,0,0,1,0,0,18,18,18,1.0,1.0,1.0
2025-08-04,__ALL__,All actors,856b4863fffffff,5,12.187479394968305,33.47187528860926,1,0,0,1,0,0,4,4,4,1.0,1.0,1.0
2025-08-04,__ALL__,All actors,856b52bbfffffff,5,11.337018718490974,27.753918817936633,1,1,0,0,1,4,0,0,4,0.0,0.0,0.0
2025-08-04,__ALL__,All actors,856b555bfffffff,5,12.652205894555758,28.358529475015647,3,0,0,3,0,0,35,35,35,1.0,1.0,1.0
2025-08-04,__ALL__,All actors,856b5c07fffffff,5,11.842162699790666,30.666835276082423,1,0,0,1,0,0,3,3,3,1.0,1.0,1.0
2025-08-11,__ALL__,All actors,856b0557fffffff,5,14.959324583377416,22.86801728124806,1,1,0,0,1,0,9,0,10,0.0,0.9,0.0
2025-08-11,__ALL__,All actors,856b0897fffffff,5,13.617096818226427,25.424076053061942,4,3,0,1,3,201,40,12,253,0.25,0.15810276679841898,0.04743083003952569
2025-08-11,__ALL__,All actors,856b0c2ffffffff,5,13.757616890803206,25.34844956941545,2,2,0,0,2,0,43,0,43,0.0,1.0,0.0
2025-08-11,__ALL__,All actors,856b0dc3fffffff,5,14.157548064133358,25.625693667300094,2,2,0,0,2,3,2,0,5,0.0,0.4,0.0
2025-08-11,__ALL__,All actors,856b40cffffffff,5,13.756528642419191,30.3731773839385,1,1,0,0,1,26,0,0,26,0.0,0.0,0.0
2025-08-11,__ALL__,All actors,856b448bfffffff,5,15.012737341499482,30.083281550987248,1,0,0,1,0,0,1,1,1,1.0,1.0,1.0
2025-08-11,__ALL__,All actors,856b6b9bfffffff,5,14.897835459079364,33.49788977675424,1,1,0,0,1,0,1,0,5,0.0,0.2,0.0
2025-08-18,__ALL__,All actors,856b0897fffffff,5,13.617096818226427,25.424076053061942,2,2,0,0,2,3,9,0,12,0.0,0.75,0.0
2025-08-18,__ALL__,All actors,856b0c2ffffffff,5,13.757616890803206,25.34844956941545,1,1,0,0,1,0,0,0,5,0.0,0.0,0.0
2025-08-18,__ALL__,All actors,856b0c67fffffff,5,13.631838696479218,25.08875652166804,1,0,0,1,0,0,13,13,13,1.0,1.0,1.0
2025-08-18,__ALL__,All actors,856b4287fffffff,5,13.225245724503111,30.152617420328752,2,1,0,1,1,3,7,7,10,0.5,0.7,0.7
2025-08-18,__ALL__,All actors,856b5003fffffff,5,11.98409272024042,28.218719000477183,1,1,0,0,1,10,0,0,10,0.0,0.0,0.0
2025-08-18,__ALL__,All actors,856b712ffffffff,5,14.496724675418257,29.527796281782496,1,1,0,0,1,10,0,0,10,0.0,0.0,0.0
2025-08-25,__ALL__,All actors,856a2d07fffffff,5,10.057555504154955,29.350301079203568,1,1,0,0,1,0,1,0,1,0.0,1.0,0.0
2025-08-25,__ALL__,All actors,856b0897fffffff,5,13.617096818226427,25.424076053061942,3,3,0,0,3,0,43,0,51,0.0,0.8431372549019608,0.0
2025-08-25,__ALL__,All actors,856b0a0ffffffff,5,12.0101707938044,24.830215921368204,1,1,0,0,1,0,0,0,35,0.0,0.0,0.0
2025-08-25,__ALL__,All actors,856b0c2ffffffff,5,13.757616890803206,25.34844956941545,2,2,0,0,2,0,0,0,14,0.0,0.0,0.0
2025-08-25,__ALL__,All actors,856b4207fffffff,5,12.815348740922873,30.193542590150138,1,1,0,0,1,30,0,0,30,0.0,0.0,0.0
2025-08-25,__ALL__,All actors,856b52bbfffffff,5,11.337018718490974,27.753918817936633,1,1,0,0,1,5,0,0,5,0.0,0.0,0.0
2025-08-25,__ALL__,All actors,856b6e7bfffffff,5,15.157182276494044,31.946658074517842,1,1,0,0,1,0,5,0,5,0.0,1.0,0.0
2025-09-01,__ALL__,All actors,856b084bfffffff,5,12.682291556655446,24.95092036788911,1,1,0,0,1,0,1,0,2,0.0,0.5,0.0
2025-09-01,__ALL__,All actors,856b0897fffffff,5,13.617096818226427,25.424076053061942,3,3,0,0,3,2,27,0,37,0.0,0.7297297297297297,0.0
2025-09-01,__ALL__,All actors,856b0c2ffffffff,5,13.757616890803206,25.34844956941545,1,1,0,0,1,0,0,0,4,0.0,0.0,0.0
2025-09-01,__ALL__,All actors,856b0dc3fffffff,5,14.157548064133358,25.625693667300094,1,1,0,0,1,0,18,0,18,0.0,1.0,0.0
2025-09-08,__ALL__,All actors,856b0897fffffff,5,13.617096818226427,25.424076053061942,3,2,0,1,2,0,26,10,26,0.3333333333333333,1.0,0.38461538461538464
2025-09-08,__ALL__,All actors,856b0a0ffffffff,5,12.0101707938044,24.830215921368204,1,1,0,0,1,0,4,0,4,0.0,1.0,0.0
2025-09-08,__ALL__,All actors,856b0c2ffffffff,5,13.757616890803206,25.34844956941545,1,1,0,0,1,0,0,0,10,0.0,0.0,0.0
2025-09-08,__ALL__,All actors,856b1bc7fffffff,5,10.46326879760168,23.272466569333982,2,0,0,2,0,0,7,7,7,1.0,1.0,1.0
2025-09-08,__ALL__,All actors,856b40cffffffff,5,13.756528642419191,30.3731773839385,3,3,0,0,3,24,3,0,27,0.0,0.1111111111111111,0.0
2025-09-08,__ALL__,All actors,856b4207fffffff,5,12.815348740922873,30.193542590150138,2,2,0,0,2,7,0,0,7,0.0,0.0,0.0
2025-09-08,__ALL__,All actors,856b4287fffffff,5,13.225245724503111,30.152617420328752,2,2,0,0,2,0,2,0,2,0.0,1.0,0.0
2025-09-08,__ALL__,All actors,856b6bd3fffffff,5,14.781916997454012,33.234068187157774,1,0,0,1,0,0,1,1,1,1.0,1.0,1.0
2025-09-08,__ALL__,All actors,856b6eaffffffff,5,15.666591746948761,32.5105778563475,1,1,0,0,1,1,0,0,1,0.0,0.0,0.0
2025-09-15,__ALL__,All actors,856b0897fffffff,5,13.617096818226427,25.424076053061942,9,6,0,3,6,218,107,40,329,0.3333333333333333,0.3252279635258359,0.12158054711246201
2025-09-15,__ALL__,All actors,856b0dc3fffffff,5,14.157548064133358,25.625693667300094,1,1,0,0,1,0,4,0,4,0.0,1.0,0.0
2025-09-15,__ALL__,All actors,856b2a37fffffff,5,15.022363407245473,24.82888898186477,1,1,0,0,1,0,5,0,5,0.0,1.0,0.0
2025-09-22,__ALL__,All actors,856b0897fffffff,5,13.617096818226427,25.424076053061942,5,5,0,0,5,5,23,0,35,0.0,0.6571428571428571,0.0
2025-09-22,__ALL__,All actors,856b0c67fffffff,5,13.631838696479218,25.08875652166804,1,0,0,1,0,0,3,3,3,1.0,1.0,1.0
2025-09-22,__ALL__,All actors,856b42d3fffffff,5,13.125757675573361,29.562508776636854,2,2,0,0,2,200,0,0,200,0.0,0.0,0.0
2025-09-22,__ALL__,All actors,856b519bfffffff,5,12.33652955941342,29.15687542218849,1,1,0,0,1,3,0,0,3,0.0,0.0,0.0
2025-09-29,__ALL__,All actors,856b0897fffffff,5,13.617096818226427,25.424076053061942,5,5,0,0,5,9,47,0,56,0.0,0.8392857142857143,0.0
2025-09-29,__ALL__,All actors,856b0a7bfffffff,5,11.747944159375983,24.65028873565474,1,1,0,0,1,1,0,0,1,0.0,0.0,0.0
2025-09-29,__ALL__,All actors,856b0c2ffffffff,5,13.757616890803206,25.34844956941545,1,1,0,0,1,0,23,0,23,0.0,1.0,0.0
2025-09-29,__ALL__,All actors,856b1d23fffffff,5,12.043210103268356,24.002654217865953,1,0,0,1,0,0,3,3,3,1.0,1.0,1.0
2025-09-29,__ALL__,All actors,856b4287fffffff,5,13.225245724503111,30.152617420328752,1,1,0,0,1,0,2,0,4,0.0,0.5,0.0
2025-10-06,__ALL__,All actors,856b0897fffffff,5,13.617096818226427,25.424076053061942,6,6,0,0,6,125,92,0,217,0.0,0.423963133640553,0.0
2025-10-06,__ALL__,All actors,856b0c2ffffffff,5,13.757616890803206,25.34844956941545,2,1,0,1,1,0,22,7,22,0.5,1.0,0.3181818181818182
2025-10-06,__ALL__,All actors,856b0c67fffffff,5,13.631838696479218,25.08875652166804,1,0,0,1,0,0,1,1,1,1.0,1.0,1.0
2025-10-06,__ALL__,All actors,856b0d03fffffff,5,14.000739280646407,26.03730252413982,1,1,0,0,1,0,16,0,16,0.0,1.0,0.0
2025-10-06,__ALL__,All actors,856b4247fffffff,5,12.566479137498533,29.838570501682415,1,0,0,1,0,0,3,3,3,1.0,1.0,1.0
2025-10-06,__ALL__,All actors,856b42d3fffffff,5,13.125757675573361,29.562508776636854,1,1,0,0,1,40,0,0,40,0.0,0.0,0.0
2025-10-06,__ALL__,All actors,856b5003fffffff,5,11.98409272024042,28.218719000477183,1,1,0,0,1,12,0,0,12,0.0,0.0,0.0
2025-10-06,__ALL__,All actors,856b5077fffffff,5,11.707532226545537,28.359621421240988,1,0,0,1,0,0,1,1,1,1.0,1.0,1.0
2025-10-06,__ALL__,All actors,856b52bbfffffff,5,11.337018718490974,27.753918817936633,2,2,0,0,2,4,1,0,5,0.0,0.2,0.0
2025-10-06,__ALL__,All actors,856b555bfffffff,5,12.652205894555758,28.358529475015647,1,1,0,0,1,0,1,0,1,0.0,1.0,0.0
2025-10-06,__ALL__,All actors,856b56abfffffff,5,12.165534654186953,27.325244816559575,1,1,0,0,1,3,0,0,3,0.0,0.0,0.0
2025-10-06,__ALL__,All actors,856b5c03fffffff,5,11.852231191173376,30.50451296033223,2,2,0,0,2,0,8,0,8,0.0,1.0,0.0
2025-10-06,__ALL__,All actors,856b5d4bfffffff,5,11.408147459609452,31.189646032758013,1,1,0,0,1,3,0,0,3,0.0,0.0,0.0
2025-10-06,__ALL__,All actors,856b712ffffffff,5,14.496724675418257,29.527796281782496,1,1,0,0,1,12,0,0,12,0.0,0.0,0.0
2025-10-13,__ALL__,All actors,855393b7fffffff,5,17.772085294404857,33.963720667814314,1,0,0,1,0,0,3,3,3,1.0,1.0,1.0
2025-10-13,__ALL__,All actors,856b0073fffffff,5,13.86803664339118,22.489423034857715,1,1,0,0,1,0,4,0,4,0.0,1.0,0.0
2025-10-13,__ALL__,All actors,856b02a7fffffff,5,13.45999398207289,22.391256500715567,1,1,0,0,1,0,0,0,3,0.0,0.0,0.0
2025-10-13,__ALL__,All actors,856b03b3fffffff,5,13.565050185907548,23.319647799029408,1,1,0,0,1,0,7,0,7,0.0,1.0,0.0
2025-10-13,__ALL__,All actors,856b0507fffffff,5,15.082870741032226,23.298757394547266,1,1,0,0,1,12,0,0,12,0.0,0.0,0.0
2025-10-13,__ALL__,All actors,856b0897fffffff,5,13.617096818226427,25.424076053061942,5,5,0,0,5,97,0,0,97,0.0,0.0,0.0
2025-10-13,__ALL__,All actors,856b0a77fffffff,5,11.872166256253683,24.905365676143003,1,1,0,0,1,2,0,0,2,0.0,0.0,0.0
2025-10-13,__ALL__,All actors,856b0cc7fffffff,5,14.201760031416846,24.61463456526655,1,0,0,1,0,0,3,3,3,1.0,1.0,1.0
2025-10-13,__ALL__,All actors,856b2a37fffffff,5,15.022363407245473,24.82888898186477,1,1,0,0,1,0,0,0,24,0.0,0.0,0.0
2025-10-13,__ALL__,All actors,856b46c7fffffff,5,13.960607995993755,29.309098330174606,1,1,0,0,1,0,18,0,18,0.0,1.0,0.0
2025-10-13,__ALL__,All actors,856b51abfffffff,5,12.039791373119341,29.622342418404127,1,1,0,0,1,0,1,0,1,0.0,1.0,0.0
2025-10-13,__ALL__,All actors,856b5207fffffff,5,11.07078885710619,27.732367857903256,1,1,0,0,1,10,0,0,10,0.0,0.0,0.0
2025-10-13,__ALL__,All actors,856b555bfffffff,5,12.652205894555758,28.358529475015647,1,1,0,0,1,0,2,0,2,0.0,1.0,0.0
2025-10-13,__ALL__,All actors,856b5d4bfffffff,5,11.408147459609452,31.189646032758013,1,1,0,0,1,7,0,0,7,0.0,0.0,0.0
2025-10-13,__ALL__,All actors,856b659bfffffff,5,18.02838683939146,30.911157047180804,1,1,0,0,1,5,0,0,5,0.0,0.0,0.0
2025-10-13,__ALL__,All actors,856b6eaffffffff,5,15.666591746948761,32.5105778563475,2,2,0,0,2,26,2,0,28,0.0,0.07142857142857142,0.0
2025-10-20,__ALL__,All actors,856b0897fffffff,5,13.617096818226427,25.424076053061942,38,9,0,29,9,54,58633,58620,58707,0.7631578947368421,0.9987395029553545,0.9985180642853493
2025-10-20,__ALL__,All actors,856b0a0ffffffff,5,12.0101707938044,24.830215921368204,1,1,0,0,1,0,0,0,1,0.0,0.0,0.0
2025-10-20,__ALL__,All actors,856b0c0bfffffff,5,13.920078384693667,24.7682141927665,1,1,0,0,1,0,18,0,18,0.0,1.0,0.0
2025-10-20,__ALL__,All actors,856b0c2ffffffff,5,13.757616890803206,25.34844956941545,4,2,0,2,2,0,402,102,409,0.5,0.9828850855745721,0.24938875305623473
2025-10-20,__ALL__,All actors,856b0c67fffffff,5,13.631838696479218,25.08875652166804,1,0,0,1,0,0,1,1,1,1.0,1.0,1.0
2025-10-20,__ALL__,All actors,856b0e93fffffff,5,13.673401348561217,24.081628252479913,2,2,0,0,2,9,4,0,13,0.0,0.3076923076923077,0.0
2025-10-20,__ALL__,All actors,856b40cbfffffff,5,13.767248257265772,30.207862855564212,1,1,0,0,1,0,0,0,3,0.0,0.0,0.0
2025-10-20,__ALL__,All actors,856b40cffffffff,5,13.756528642419191,30.3731773839385,4,3,0,1,3,0,57,23,334,0.25,0.17065868263473055,0.0688622754491018
2025-10-20,__ALL__,All actors,856b4227fffffff,5,12.6550107088778,30.588954548251603,1,1,0,0,1,2,0,0,2,0.0,0.0,0.0
2025-10-20,__ALL__,All actors,856b4287fffffff,5,13.225245724503111,30.152617420328752,1,1,0,0,1,24,0,0,24,0.0,0.0,0.0
2025-10-20,__ALL__,All actors,856b43cbfffffff,5,12.784145919110161,30.68495769510305,1,1,0,0,1,0,3,0,3,0.0,1.0,0.0
2025-10-20,__ALL__,All actors,856b6e37fffffff,5,15.523006487760396,32.57683706993741,1,1,0,0,1,0,0,0,2,0.0,0.0,0.0
2025-10-27,__ALL__,All actors,856b0897fffffff,5,13.617096818226427,25.424076053061942,14,1,0,13,1,0,1189,1189,1196,0.9285714285714286,0.9941471571906354,0.9941471571906354
2025-10-27,__ALL__,All actors,856b4007fffffff,5,13.723760139934884,30.868271547046653,1,1,0,0,1,0,2,0,2,0.0,1.0,0.0
2025-10-27,__ALL__,All actors,856b40cffffffff,5,13.756528642419191,30.3731773839385,1,0,0,1,0,0,5,5,5,1.0,1.0,1.0
2025-10-27,__ALL__,All actors,856b4287fffffff,5,13.225245724503111,30.152617420328752,1,1,0,0,1,3,0,0,3,0.0,0.0,0.0
2025-10-27,__ALL__,All actors,856b436ffffffff,5,12.205946599272277,31.2783539360464,1,1,0,0,1,0,7,0,7,0.0,1.0,0.0
2025-10-27,__ALL__,All actors,856b54abfffffff,5,13.08061790172604,27.979380563365407,1,1,0,0,1,0,6,0,6,0.0,1.0,0.0
2025-10-27,__ALL__,All actors,856b555bfffffff,5,12.652205894555758,28.358529475015647,1,1,0,0,1,0,0,0,2,0.0,0.0,0.0
2025-10-27,__ALL__,All actors,856b55a3fffffff,5,13.145564367420294,29.23245224782049,1,1,0,0,1,1,0,0,1,0.0,0.0,0.0
2025-10-27,__ALL__,All actors,856b5e1bfffffff,5,10.965939755270602,29.681033888773296,1,1,0,0,1,0,12,0,12,0.0,1.0,0.0
2025-11-03,__ALL__,All actors,856b032ffffffff,5,12.874105981248873,23.541366730640174,1,1,0,0,1,13,0,0,13,0.0,0.0,0.0
2025-11-03,__ALL__,All actors,856b0507fffffff,5,15.082870741032226,23.298757394547266,1,1,0,0,1,0,0,0,7,0.0,0.0,0.0
2025-11-03,__ALL__,All actors,856b4287fffffff,5,13.225245724503111,30.152617420328752,3,3,0,0,3,0,61,0,61,0.0,1.0,0.0
2025-11-03,__ALL__,All actors,856b5077fffffff,5,11.707532226545537,28.359621421240988,2,2,0,0,2,5,0,0,23,0.0,0.0,0.0
2025-11-03,__ALL__,All actors,856b519bfffffff,5,12.33652955941342,29.15687542218849,3,3,0,0,3,1,2,0,44,0.0,0.045454545454545456,0.0
2025-11-03,__ALL__,All actors,856b51abfffffff,5,12.039791373119341,29.622342418404127,2,2,0,0,2,0,11,0,11,0.0,1.0,0.0
2025-11-03,__ALL__,All actors,856b52bbfffffff,5,11.337018718490974,27.753918817936633,3,3,0,0,3,4,0,0,4,0.0,0.0,0.0
2025-11-10,__ALL__,All actors,853eda9bfffffff,5,17.31676853097341,26.606018603148257,1,1,0,0,1,0,15,0,15,0.0,1.0,0.0
2025-11-10,__ALL__,All actors,856a2d07fffffff,5,10.057555504154955,29.350301079203568,2,2,0,0,2,2,1,0,3,0.0,0.3333333333333333,0.0
2025-11-10,__ALL__,All actors,856b0a23fffffff,5,11.99628428109655,25.160932277349875,1,1,0,0,1,24,0,0,24,0.0,0.0,0.0
2025-11-10,__ALL__,All actors,856b4e37fffffff,5,12.639487334670303,32.7987823499007,1,1,0,0,1,0,1,0,1,0.0,1.0,0.0
2025-11-10,__ALL__,All actors,856b519bfffffff,5,12.33652955941342,29.15687542218849,1,1,0,0,1,0,5,0,5,0.0,1.0,0.0
2025-11-10,__ALL__,All actors,856b52bbfffffff,5,11.337018718490974,27.753918817936633,4,4,0,0,4,69,0,0,69,0.0,0.0,0.0
2025-11-10,__ALL__,All actors,856b54abfffffff,5,13.08061790172604,27.979380563365407,1,1,0,0,1,2,0,0,2,0.0,0.0,0.0
2025-11-17,__ALL__,All actors,856b032ffffffff,5,12.874105981248873,23.541366730640174,1,0,0,1,0,0,1,1,1,1.0,1.0,1.0
2025-11-17,__ALL__,All actors,856b40cffffffff,5,13.756528642419191,30.3731773839385,2,2,0,0,2,4,0,0,4,0.0,0.0,0.0
2025-11-17,__ALL__,All actors,856b4193fffffff,5,14.209126450542835,31.75291148233113,1,0,0,1,0,0,6,6,6,1.0,1.0,1.0
2025-11-17,__ALL__,All actors,856b4207fffffff,5,12.815348740922873,30.193542590150138,1,1,0,0,1,4,0,0,4,0.0,0.0,0.0
2025-11-17,__ALL__,All actors,856b4287fffffff,5,13.225245724503111,30.152617420328752,1,1,0,0,1,2,0,0,2,0.0,0.0,0.0
2025-11-17,__ALL__,All actors,856b428bfffffff,5,13.105558348942102,29.89206293818998,2,2,0,0,2,6,0,0,6,0.0,0.0,0.0
2025-11-17,__ALL__,All actors,856b4547fffffff,5,14.386206913776032,31.1902669510297,2,2,0,0,2,6,0,0,6,0.0,0.0,0.0
2025-11-17,__ALL__,All actors,856b46c7fffffff,5,13.960607995993755,29.309098330174606,1,1,0,0,1,1,0,0,1,0.0,0.0,0.0
2025-11-17,__ALL__,All actors,856b52bbfffffff,5,11.337018718490974,27.753918817936633,4,4,0,0,4,11,0,0,11,0.0,0.0,0.0
2025-11-17,__ALL__,All actors,856b54b3fffffff,5,13.352114932783444,28.001892723803138,1,0,0,1,0,0,1,1,1,1.0,1.0,1.0
2025-11-17,__ALL__,All actors,856b5ed7fffffff,5,11.240202202391362,29.54485367957048,1,1,0,0,1,3,0,0,3,0.0,0.0,0.0
2025-11-24,__ALL__,All actors,856b08d7fffffff,5,13.358673703577482,25.07304525293461,1,0,0,1,0,0,0,0,0,1.0,0.0,0.0
2025-11-24,__ALL__,All actors,856b52bbfffffff,5,11.337018718490974,27.753918817936633,3,3,0,0,3,206,0,0,206,0.0,0.0,0.0
2025-11-24,__ALL__,All actors,856b555bfffffff,5,12.652205894555758,28.358529475015647,2,1,0,1,1,0,5,1,5,0.5,1.0,0.2
2025-11-24,__ALL__,All actors,856b58c3fffffff,5,11.046099017289206,30.58247435456183,2,2,0,0,2,3,0,0,51,0.0,0.0,0.0
2025-11-24,__ALL__,All actors,856b5c8bfffffff,5,12.12924913438355,30.36970805847137,2,2,0,0,2,7,8,0,15,0.0,0.5333333333333333,0.0
2025-12-01,__ALL__,All actors,856a2ca7fffffff,5,10.363222145827233,28.568937414984827,1,1,0,0,1,2,0,0,2,0.0,0.0,0.0
2025-12-01,__ALL__,All actors,856b02a3fffffff,5,13.465387953201692,22.223469337348586,1,1,0,0,1,0,10,0,18,0.0,0.5555555555555556,0.0
2025-12-01,__ALL__,All actors,856b0557fffffff,5,14.959324583377416,22.86801728124806,1,1,0,0,1,3,0,0,3,0.0,0.0,0.0
2025-12-01,__ALL__,All actors,856b5003fffffff,5,11.98409272024042,28.218719000477183,1,1,0,0,1,0,0,0,6,0.0,0.0,0.0
2025-12-01,__ALL__,All actors,856b52bbfffffff,5,11.337018718490974,27.753918817936633,1,1,0,0,1,104,0,0,104,0.0,0.0,0.0
2025-12-01,__ALL__,All actors,856b5803fffffff,5,10.88969678764876,30.97059670896971,1,1,0,0,1,0,67,0,114,0.0,0.5877192982456141,0.0
2025-12-08,__ALL__,All actors,856a2d07fffffff,5,10.057555504154955,29.350301079203568,1,1,0,0,1,10,0,0,41,0.0,0.0,0.0
2025-12-08,__ALL__,All actors,856b032ffffffff,5,12.874105981248873,23.541366730640174,1,0,0,1,0,0,1,1,1,1.0,1.0,1.0
2025-12-08,__ALL__,All actors,856b0e93fffffff,5,13.673401348561217,24.081628252479913,1,1,0,0,1,2,0,0,2,0.0,0.0,0.0
2025-12-08,__ALL__,All actors,856b1933fffffff,5,11.218685518061246,24.45718054986486,1,1,0,0,1,14,62,0,80,0.0,0.775,0.0
2025-12-08,__ALL__,All actors,856b4287fffffff,5,13.225245724503111,30.152617420328752,2,2,0,0,2,0,3,0,3,0.0,1.0,0.0
2025-12-08,__ALL__,All actors,856b5123fffffff,5,11.763010224573382,29.759257089568315,1,1,0,0,1,0,0,0,1,0.0,0.0,0.0
2025-12-08,__ALL__,All actors,856b51abfffffff,5,12.039791373119341,29.622342418404127,1,1,0,0,1,0,9,0,9,0.0,1.0,0.0
2025-12-08,__ALL__,All actors,856b54abfffffff,5,13.08061790172604,27.979380563365407,1,0,0,1,0,0,2,2,2,1.0,1.0,1.0
2025-12-08,__ALL__,All actors,856b5e1bfffffff,5,10.965939755270602,29.681033888773296,2,2,0,0,2,0,6,0,7,0.0,0.8571428571428571,0.0
2025-12-15,__ALL__,All actors,853eda9bfffffff,5,17.31676853097341,26.606018603148257,1,1,0,0,1,0,0,0,11,0.0,0.0,0.0
2025-12-15,__ALL__,All actors,855393b7fffffff,5,17.772085294404857,33.963720667814314,1,1,0,0,1,4,1,0,5,0.0,0.2,0.0
2025-12-15,__ALL__,All actors,856b0dc3fffffff,5,14.157548064133358,25.625693667300094,1,1,0,0,1,0,5,0,13,0.0,0.38461538461538464,0.0
2025-12-15,__ALL__,All actors,856b51abfffffff,5,12.039791373119341,29.622342418404127,2,2,0,0,2,1,5,0,16,0.0,0.3125,0.0
2025-12-15,__ALL__,All actors,856b5e1bfffffff,5,10.965939755270602,29.681033888773296,1,1,0,0,1,0,8,0,8,0.0,1.0,0.0
2025-12-22,__ALL__,All actors,856b0073fffffff,5,13.86803664339118,22.489423034857715,1,0,0,1,0,0,50,50,50,1.0,1.0,1.0
2025-12-22,__ALL__,All actors,856b02a7fffffff,5,13.45999398207289,22.391256500715567,2,2,0,0,2,0,2,0,9,0.0,0.2222222222222222,0.0
2025-12-22,__ALL__,All actors,856b03d3fffffff,5,13.454488741595142,22.559037387434365,1,1,0,0,1,0,2,0,2,0.0,1.0,0.0
2025-12-22,__ALL__,All actors,856b0507fffffff,5,15.082870741032226,23.298757394547266,1,0,0,1,0,0,50,50,50,1.0,1.0,1.0
2025-12-22,__ALL__,All actors,856b0537fffffff,5,15.0703047437849,23.639020647733958,1,0,0,1,0,0,50,50,50,1.0,1.0,1.0
2025-12-22,__ALL__,All actors,856b05affffffff,5,15.212142146478946,23.560090904468346,1,0,0,1,0,0,50,50,50,1.0,1.0,1.0
2025-12-22,__ALL__,All actors,856b5177fffffff,5,11.643897379073964,29.502077465686593,1,1,0,0,1,0,4,0,12,0.0,0.3333333333333333,0.0
2025-12-29,__ALL__,All actors,856b05affffffff,5,15.212142146478946,23.560090904468346,2,2,0,0,2,24,3,0,27,0.0,0.1111111111111111,0.0
2025-12-29,__ALL__,All actors,856b51abfffffff,5,12.039791373119341,29.622342418404127,1,1,0,0,1,2,0,0,74,0.0,0.0,0.0
2023-05-15,ucdp:1005,Ngok Dinka,856b534bfffffff,5,10.643973255267444,28.268226783822563,1,0,1,0,1,1,0,0,1,0.0,0.0,0.0
2023-07-31,ucdp:1005,Ngok Dinka,856a2893fffffff,5,9.711114617198458,28.430779842131756,1,0,1,0,1,1,0,0,1,0.0,0.0,0.0
2023-08-28,ucdp:1005,Ngok Dinka,856a2883fffffff,5,9.576372955027766,28.499628856162758,1,0,1,0,1,0,0,0,4,0.0,0.0,0.0
2023-09-25,ucdp:1005,Ngok Dinka,856a2883fffffff,5,9.576372955027766,28.499628856162758,1,0,1,0,1,0,0,0,11,0.0,0.0,0.0
2023-11-27,ucdp:1005,Ngok Dinka,856a2883fffffff,5,9.576372955027766,28.499628856162758,1,0,1,0,1,0,0,0,6,0.0,0.0,0.0
2023-12-25,ucdp:1005,Ngok Dinka,856a2883fffffff,5,9.576372955027766,28.499628856162758,1,0,1,0,1,0,0,0,6,0.0,0.0,0.0
2024-01-22,ucdp:1005,Ngok Dinka,856a2817fffffff,5,9.307578202525233,28.636792160469263,2,0,2,0,2,0,0,0,54,0.0,0.0,0.0
2024-01-29,ucdp:1005,Ngok Dinka,856a2883fffffff,5,9.576372955027766,28.499628856162758,2,0,2,0,2,0,0,0,37,0.0,0.0,0.0
2025-06-09,ucdp:1005,Ngok Dinka,856a2893fffffff,5,9.711114617198458,28.430779842131756,2,0,2,0,2,10,0,0,10,0.0,0.0,0.0
2023-05-15,ucdp:1012,Arab,856b02b3fffffff,5,13.604811166189746,22.143918789658667,1,0,1,0,1,7,0,0,7,0.0,0.0,0.0
2023-06-05,ucdp:1012,Arab,856b008ffffffff,5,14.418085663411349,22.508617506692236,1,0,1,0,1,126,0,0,126,0.0,0.0,0.0
2023-06-12,ucdp:1012,Arab,856b02b3fffffff,5,13.604811166189746,22.143918789658667,1,0,1,0,1,0,0,0,8,0.0,0.0,0.0
2024-07-15,ucdp:1012,Arab,856b0897fffffff,5,13.617096818226427,25.424076053061942,1,0,1,0,1,0,0,0,3,0.0,0.0,0.0
2024-12-02,ucdp:1012,Arab,856b0807fffffff,5,13.064257572973435,25.557929310595892,1,0,1,0,1,0,0,0,2,0.0,0.0,0.0
2023-05-15,ucdp:1025,Misseriya,856b534bfffffff,5,10.643973255267444,28.268226783822563,1,0,1,0,1,1,0,0,1,0.0,0.0,0.0
2023-07-31,ucdp:1025,Misseriya,856a2893fffffff,5,9.711114617198458,28.430779842131756,1,0,1,0,1,1,0,0,1,0.0,0.0,0.0
2024-05-20,ucdp:1025,Misseriya,856b5567fffffff,5,12.475687006505684,29.087277575226075,1,0,1,0,1,0,0,0,2,0.0,0.0,0.0
2025-06-09,ucdp:1025,Misseriya,856a2893fffffff,5,9.711114617198458,28.430779842131756,2,0,2,0,2,10,0,0,10,0.0,0.0,0.0
2024-05-20,ucdp:1080,Hamar,856b5567fffffff,5,12.475687006505684,29.087277575226075,1,0,1,0,1,0,0,0,2,0.0,0.0,0.0
2023-04-10,ucdp:112,Government of Sudan,856b0897fffffff,5,13.617096818226427,25.424076053061942,1,1,0,0,1,0,20,0,44,0.0,0.45454545454545453,0.0
2023-04-10,ucdp:112,Government of Sudan,856b0a0ffffffff,5,12.0101707938044,24.830215921368204,1,1,0,0,1,0,0,0,22,0.0,0.0,0.0
2023-04-10,ucdp:112,Government of Sudan,856b0e93fffffff,5,13.673401348561217,24.081628252479913,1,1,0,0,1,0,3,0,3,0.0,1.0,0.0
2023-04-10,ucdp:112,Government of Sudan,856b4287fffffff,5,13.225245724503111,30.152617420328752,1,1,0,0,1,0,6,0,6,0.0,1.0,0.0
2023-04-10,ucdp:112,Government of Sudan,856b448bfffffff,5,15.012737341499482,30.083281550987248,3,3,0,0,3,0,31,0,510,0.0,0.060784313725490195,0.0
2023-04-10,ucdp:112,Government of Sudan,856b6e37fffffff,5,15.523006487760396,32.57683706993741,3,3,0,0,3,30,11,0,57,0.0,0.19298245614035087,0.0
2023-04-10,ucdp:112,Government of Sudan,856b6eaffffffff,5,15.666591746948761,32.5105778563475,3,3,0,0,3,0,14,0,27,0.0,0.5185185185185185,0.0
2023-04-17,ucdp:112,Government of Sudan,856b4287fffffff,5,13.225245724503111,30.152617420328752,2,2,0,0,2,5,48,0,53,0.0,0.9056603773584906,0.0
2023-04-17,ucdp:112,Government of Sudan,856b448bfffffff,5,15.012737341499482,30.083281550987248,1,1,0,0,1,0,30,0,30,0.0,1.0,0.0
2023-04-17,ucdp:112,Government of Sudan,856b6eaffffffff,5,15.666591746948761,32.5105778563475,1,1,0,0,1,0,0,0,12,0.0,0.0,0.0
2023-04-24,ucdp:112,Government of Sudan,856b02a7fffffff,5,13.45999398207289,22.391256500715567,5,5,0,0,5,1,0,0,6558,0.0,0.0,0.0
2023-04-24,ucdp:112,Government of Sudan,856b6e37fffffff,5,15.523006487760396,32.57683706993741,3,3,0,0,3,0,8,0,24,0.0,0.3333333333333333,0.0
2023-05-01,ucdp:112,Government of Sudan,856b02a7fffffff,5,13.45999398207289,22.391256500715567,1,1,0,0,1,0,0,0,280,0.0,0.0,0.0
2023-05-01,ucdp:112,Government of Sudan,856b6e37fffffff,5,15.523006487760396,32.57683706993741,2,2,0,0,2,5,4,0,9,0.0,0.4444444444444444,0.0
2023-05-01,ucdp:112,Government of Sudan,856b712ffffffff,5,14.496724675418257,29.527796281782496,1,1,0,0,1,0,0,0,12,0.0,0.0,0.0
2023-05-08,ucdp:112,Government of Sudan,856b02a7fffffff,5,13.45999398207289,22.391256500715567,3,3,0,0,3,0,20,0,500,0.0,0.04,0.0
2023-05-15,ucdp:112,Government of Sudan,856b02a7fffffff,5,13.45999398207289,22.391256500715567,1,1,0,0,1,0,0,0,7,0.0,0.0,0.0
2023-05-15,ucdp:112,Government of Sudan,856b032ffffffff,5,12.874105981248873,23.541366730640174,1,1,0,0,1,0,0,0,133,0.0,0.0,0.0
2023-05-15,ucdp:112,Government of Sudan,856b0a0ffffffff,5,12.0101707938044,24.830215921368204,2,2,0,0,2,0,25,0,35,0.0,0.7142857142857143,0.0
2023-05-15,ucdp:112,Government of Sudan,856b6e37fffffff,5,15.523006487760396,32.57683706993741,2,1,0,1,1,0,1,1,1,0.5,1.0,1.0
2023-05-22,ucdp:112,Government of Sudan,856b0073fffffff,5,13.86803664339118,22.489423034857715,1,1,0,0,1,4,0,0,4,0.0,0.0,0.0
2023-05-22,ucdp:112,Government of Sudan,856b023bfffffff,5,13.058772442969003,22.126603097484278,2,2,0,0,2,17,0,0,86,0.0,0.0,0.0
2023-05-22,ucdp:112,Government of Sudan,856b02a7fffffff,5,13.45999398207289,22.391256500715567,1,1,0,0,1,0,0,0,50,0.0,0.0,0.0
2023-05-22,ucdp:112,Government of Sudan,856b032ffffffff,5,12.874105981248873,23.541366730640174,1,1,0,0,1,0,1,0,1,0.0,1.0,0.0
2023-05-22,ucdp:112,Government of Sudan,856b0897fffffff,5,13.617096818226427,25.424076053061942,1,1,0,0,1,0,0,0,3,0.0,0.0,0.0
2023-05-22,ucdp:112,Government of Sudan,856b5e07fffffff,5,10.947343875005515,30.004209042627032,1,1,0,0,1,2,0,0,2,0.0,0.0,0.0
2023-05-22,ucdp:112,Government of Sudan,856b6e37fffffff,5,15.523006487760396,32.57683706993741,1,1,0,0,1,0,0,0,2,0.0,0.0,0.0
2023-05-22,ucdp:112,Government of Sudan,856b6eaffffffff,5,15.666591746948761,32.5105778563475,2,2,0,0,2,0,0,0,3,0.0,0.0,0.0
2023-05-29,ucdp:112,Government of Sudan,856b02a7fffffff,5,13.45999398207289,22.391256500715567,1,1,0,0,1,0,40,0,40,0.0,1.0,0.0
2023-05-29,ucdp:112,Government of Sudan,856b0cc7fffffff,5,14.201760031416846,24.61463456526655,1,1,0,0,1,0,0,0,40,0.0,0.0,0.0
2023-05-29,ucdp:112,Government of Sudan,856b4287fffffff,5,13.225245724503111,30.152617420328752,1,1,0,0,1,0,3,0,3,0.0,1.0,0.0
2023-05-29,ucdp:112,Government of Sudan,856b6e37fffffff,5,15.523006487760396,32.57683706993741,3,3,0,0,3,0,13,0,31,0.0,0.41935483870967744,0.0
2023-05-29,ucdp:112,Government of Sudan,856b6eaffffffff,5,15.666591746948761,32.5105778563475,1,1,0,0,1,0,3,0,3,0.0,1.0,0.0
2023-06-05,ucdp:112,Government of Sudan,856b6e37fffffff,5,15.523006487760396,32.57683706993741,4,4,0,0,4,0,26,0,26,0.0,1.0,0.0
2023-06-05,ucdp:112,Government of Sudan,856b6eaffffffff,5,15.666591746948761,32.5105778563475,4,4,0,0,4,1,20,0,21,0.0,0.9523809523809523,0.0
2023-06-12,ucdp:112,Government of Sudan,856b02a7fffffff,5,13.45999398207289,22.391256500715567,4,4,0,0,4,1,18,0,37,0.0,0.4864864864864865,0.0
2023-06-12,ucdp:112,Government of Sudan,856b0a0ffffffff,5,12.0101707938044,24.830215921368204,1,1,0,0,1,0,2,0,2,0.0,1.0,0.0
2023-06-12,ucdp:112,Government of Sudan,856b0c6bfffffff,5,13.5058987836312,24.82956121088632,1,1,0,0,1,0,8,0,8,0.0,1.0,0.0
2023-06-12,ucdp:112,Government of Sudan,856b68a3fffffff,5,15.715431120031816,33.60509094769738,1,1,0,0,1,0,4,0,4,0.0,1.0,0.0
2023-06-12,ucdp:112,Government of Sudan,856b6e37fffffff,5,15.523006487760396,32.57683706993741,3,3,0,0,3,0,43,0,43,0.0,1.0,0.0
2023-06-12,ucdp:112,Government of Sudan,856b6eaffffffff,5,15.666591746948761,32.5105778563475,2,2,0,0,2,0,9,0,9,0.0,1.0,0.0
2023-06-19,ucdp:112,Government of Sudan,856b0897fffffff,5,13.617096818226427,25.424076053061942,1,1,0,0,1,0,0,0,1,0.0,0.0,0.0
2023-06-19,ucdp:112,Government of Sudan,856b0a0ffffffff,5,12.0101707938044,24.830215921368204,2,2,0,0,2,0,30,0,30,0.0,1.0,0.0
2023-06-19,ucdp:112,Government of Sudan,856b0c6bfffffff,5,13.5058987836312,24.82956121088632,1,1,0,0,1,0,0,0,7,0.0,0.0,0.0
2023-06-19,ucdp:112,Government of Sudan,856b5e1bfffffff,5,10.965939755270602,29.681033888773296,1,1,0,0,1,0,0,0,2,0.0,0.0,0.0
2023-06-19,ucdp:112,Government of Sudan,856b6e37fffffff,5,15.523006487760396,32.57683706993741,1,1,0,0,1,0,28,0,28,0.0,1.0,0.0
2023-06-19,ucdp:112,Government of Sudan,856b6eaffffffff,5,15.666591746948761,32.5105778563475,1,1,0,0,1,0,9,0,9,0.0,1.0,0.0
2023-06-26,ucdp:112,Government of Sudan,856b032ffffffff,5,12.874105981248873,23.541366730640174,1,1,0,0,1,0,1,0,1,0.0,1.0,0.0
2023-06-26,ucdp:112,Government of Sudan,856b6eaffffffff,5,15.666591746948761,32.5105778563475,1,1,0,0,1,1,0,0,1,0.0,0.0,0.0
2023-07-03,ucdp:112,Government of Sudan,856b032ffffffff,5,12.874105981248873,23.541366730640174,1,1,0,0,1,4,1,0,5,0.0,0.2,0.0
2023-07-03,ucdp:112,Government of Sudan,856b0a0ffffffff,5,12.0101707938044,24.830215921368204,1,1,0,0,1,0,3,0,3,0.0,1.0,0.0
2023-07-03,ucdp:112,Government of Sudan,856b0ad3fffffff,5,12.438621624291777,24.27143746873513,1,1,0,0,1,0,0,0,40,0.0,0.0,0.0
2023-07-03,ucdp:112,Government of Sudan,856b4287fffffff,5,13.225245724503111,30.152617420328752,1,1,0,0,1,0,1,0,1,0.0,1.0,0.0
2023-07-03,ucdp:112,Government of Sudan,856b68d7fffffff,5,15.77035469261784,32.94280046627911,1,1,0,0,1,0,49,0,49,0.0,1.0,0.0
2023-07-03,ucdp:112,Government of Sudan,856b6e37fffffff,5,15.523006487760396,32.57683706993741,2,2,0,0,2,0,4,0,16,0.0,0.25,0.0
2023-07-03,ucdp:112,Government of Sudan,856b6eaffffffff,5,15.666591746948761,32.5105778563475,3,3,0,0,3,0,20,0,72,0.0,0.2777777777777778,0.0
2023-07-10,ucdp:112,Government of Sudan,856b084bfffffff,5,12.682291556655446,24.95092036788911,1,1,0,0,1,0,8,0,8,0.0,1.0,0.0
2023-07-10,ucdp:112,Government of Sudan,856b0ad3fffffff,5,12.438621624291777,24.27143746873513,1,1,0,0,1,0,3,0,3,0.0,1.0,0.0
2023-07-10,ucdp:112,Government of Sudan,856b51abfffffff,5,12.039791373119341,29.622342418404127,1,1,0,0,1,2,0,0,2,0.0,0.0,0.0
2023-07-10,ucdp:112,Government of Sudan,856b6eaffffffff,5,15.666591746948761,32.5105778563475,5,5,0,0,5,0,5,0,50,0.0,0.1,0.0
2023-07-17,ucdp:112,Government of Sudan,856b032ffffffff,5,12.874105981248873,23.541366730640174,1,1,0,0,1,1,0,0,1,0.0,0.0,0.0
2023-07-17,ucdp:112,Government of Sudan,856b0a0ffffffff,5,12.0101707938044,24.830215921368204,1,1,0,0,1,0,16,0,16,0.0,1.0,0.0
2023-07-17,ucdp:112,Government of Sudan,856b4287fffffff,5,13.225245724503111,30.152617420328752,1,1,0,0,1,0,4,0,4,0.0,1.0,0.0
2023-07-17,ucdp:112,Government of Sudan,856b6e37fffffff,5,15.523006487760396,32.57683706993741,3,3,0,0,3,11,0,0,25,0.0,0.0,0.0
2023-07-17,ucdp:112,Government of Sudan,856b6eaffffffff,5,15.666591746948761,32.5105778563475,1,1,0,0,1,9,0,0,9,0.0,0.0,0.0
2023-07-24,ucdp:112,Government of Sudan,856b032ffffffff,5,12.874105981248873,23.541366730640174,1,1,0,0,1,0,0,0,0,0.0,0.0,0.0
2023-07-24,ucdp:112,Government of Sudan,856b5e1bfffffff,5,10.965939755270602,29.681033888773296,1,1,0,0,1,0,1,0,1,0.0,1.0,0.0
2023-07-24,ucdp:112,Government of Sudan,856b6e37fffffff,5,15.523006487760396,32.57683706993741,3,3,0,0,3,0,6,0,6,0.0,1.0,0.0
2023-07-24,ucdp:112,Government of Sudan,856b6ea3fffffff,5,15.81036943723314,32.44412721021031,1,1,0,0,1,0,0,0,0,0.0,0.0,0.0
2023-07-24,ucdp:112,Government of Sudan,856b6eaffffffff,5,15.666591746948761,32.5105778563475,3,3,0,0,3,2,2,0,19,0.0,0.10526315789473684,0.0
2023-07-31,ucdp:112,Government of Sudan,856b0a0ffffffff,5,12.0101707938044,24.830215921368204,1,1,0,0,1,0,8,0,8,0.0,1.0,0.0
2023-07-31,ucdp:112,Government of Sudan,856b4317fffffff,5,12.880972286537473,31.271603111564453,1,1,0,0,1,4,0,0,4,0.0,0.0,0.0
2023-07-31,ucdp:112,Government of Sudan,856b6e37fffffff,5,15.523006487760396,32.57683706993741,1,1,0,0,1,15,0,0,15,0.0,0.0,0.0
2023-07-31,ucdp:112,Government of Sudan,856b6eaffffffff,5,15.666591746948761,32.5105778563475,3,3,0,0,3,12,6,0,18,0.0,0.3333333333333333,0.0
2023-08-07,ucdp:112,Government of Sudan,856a650bfffffff,5,10.54272399711851,34.21309112321549,1,0,0,1,0,0,4,4,4,1.0,1.0,1.0
2023-08-07,ucdp:112,Government of Sudan,856b032ffffffff,5,12.874105981248873,23.541366730640174,1,1,0,0,1,0,0,0,42,0.0,0.0,0.0
2023-08-07,ucdp:112,Government of Sudan,856b0a0ffffffff,5,12.0101707938044,24.830215921368204,5,5,0,0,5,0,50,0,97,0.0,0.5154639175257731,0.0
2023-08-07,ucdp:112,Government of Sudan,856b404bfffffff,5,13.355254129012573,30.248774237764447,1,1,0,0,1,26,0,0,26,0.0,0.0,0.0
2023-08-07,ucdp:112,Government of Sudan,856b6eaffffffff,5,15.666591746948761,32.5105778563475,4,4,0,0,4,6,36,0,42,0.0,0.8571428571428571,0.0
2023-08-14,ucdp:112,Government of Sudan,856b0a0ffffffff,5,12.0101707938044,24.830215921368204,3,3,0,0,3,0,5,0,7,0.0,0.7142857142857143,0.0
2023-08-14,ucdp:112,Government of Sudan,856b51abfffffff,5,12.039791373119341,29.622342418404127,1,1,0,0,1,0,2,0,2,0.0,1.0,0.0
2023-08-14,ucdp:112,Government of Sudan,856b5e1bfffffff,5,10.965939755270602,29.681033888773296,1,1,0,0,1,40,0,0,40,0.0,0.0,0.0
2023-08-14,ucdp:112,Government of Sudan,856b6e37fffffff,5,15.523006487760396,32.57683706993741,3,3,0,0,3,2,9,0,11,0.0,0.8181818181818182,0.0
2023-08-14,ucdp:112,Government of Sudan,856b6eaffffffff,5,15.666591746948761,32.5105778563475,3,3,0,0,3,5,4,0,9,0.0,0.4444444444444444,0.0
2023-08-21,ucdp:112,Government of Sudan,856b0a0ffffffff,5,12.0101707938044,24.830215921368204,4,4,0,0,4,1,96,0,97,0.0,0.9896907216494846,0.0
2023-08-21,ucdp:112,Government of Sudan,856b6e37fffffff,5,15.523006487760396,32.57683706993741,3,3,0,0,3,0,13,0,13,0.0,1.0,0.0
2023-08-21,ucdp:112,Government of Sudan,856b6eaffffffff,5,15.666591746948761,32.5105778563475,2,2,0,0,2,0,7,0,7,0.0,1.0,0.0
2023-08-28,ucdp:112,Government of Sudan,856b0a0ffffffff,5,12.0101707938044,24.830215921368204,3,3,0,0,3,0,41,0,58,0.0,0.7068965517241379,0.0
2023-08-28,ucdp:112,Government of Sudan,856b4287fffffff,5,13.225245724503111,30.152617420328752,1,1,0,0,1,0,14,0,14,0.0,1.0,0.0
2023-08-28,ucdp:112,Government of Sudan,856b5c03fffffff,5,11.852231191173376,30.50451296033223,1,1,0,0,1,0,0,0,2,0.0,0.0,0.0
2023-08-28,ucdp:112,Government of Sudan,856b6e37fffffff,5,15.523006487760396,32.57683706993741,3,3,0,0,3,5,25,0,30,0.0,0.8333333333333334,0.0
2023-08-28,ucdp:112,Government of Sudan,856b6eaffffffff,5,15.666591746948761,32.5105778563475,7,7,0,0,7,2,27,0,29,0.0,0.9310344827586207,0.0
2023-09-04,ucdp:112,Government of Sudan,856b0897fffffff,5,13.617096818226427,25.424076053061942,1,1,0,0,1,0,2,0,2,0.0,1.0,0.0
2023-09-04,ucdp:112,Government of Sudan,856b0a0ffffffff,5,12.0101707938044,24.830215921368204,1,1,0,0,1,0,1,0,1,0.0,1.0,0.0
2023-09-04,ucdp:112,Government of Sudan,856b6e37fffffff,5,15.523006487760396,32.57683706993741,3,3,0,0,3,0,2,0,49,0.0,0.04081632653061224,0.0
2023-09-04,ucdp:112,Government of Sudan,856b6eaffffffff,5,15.666591746948761,32.5105778563475,4,4,0,0,4,0,37,0,50,0.0,0.74,0.0
2023-09-11,ucdp:112,Government of Sudan,856b02a3fffffff,5,13.465387953201692,22.223469337348586,1,1,0,0,1,0,0,0,5,0.0,0.0,0.0
2023-09-11,ucdp:112,Government of Sudan,856b0a0ffffffff,5,12.0101707938044,24.830215921368204,1,1,0,0,1,0,0,0,40,0.0,0.0,0.0
2023-09-11,ucdp:112,Government of Sudan,856b5077fffffff,5,11.707532226545537,28.359621421240988,1,1,0,0,1,2,0,0,2,0.0,0.0,0.0
2023-09-11,ucdp:112,Government of Sudan,856b6eaffffffff,5,15.666591746948761,32.5105778563475,6,6,0,0,6,0,20,0,56,0.0,0.35714285714285715,0.0
2023-09-18,ucdp:112,Government of Sudan,856b032ffffffff,5,12.874105981248873,23.541366730640174,1,1,0,0,1,0,9,0,9,0.0,1.0,0.0
2023-09-18,ucdp:112,Government of Sudan,856b0a0ffffffff,5,12.0101707938044,24.830215921368204,1,1,0,0,1,0,1,0,1,0.0,1.0,0.0
2023-09-18,ucdp:112,Government of Sudan,856b5017fffffff,5,12.113834823442144,28.31224433044174,1,1,0,0,1,0,1,0,4,0.0,0.25,0.0
2023-09-18,ucdp:112,Government of Sudan,856b6e37fffffff,5,15.523006487760396,32.57683706993741,7,7,0,0,7,0,10,0,10,0.0,1.0,0.0
2023-09-18,ucdp:112,Government of Sudan,856b6eaffffffff,5,15.666591746948761,32.5105778563475,4,4,0,0,4,0,9,0,9,0.0,1.0,0.0
2023-09-25,ucdp:112,Government of Sudan,856b032ffffffff,5,12.874105981248873,23.541366730640174,1,1,0,0,1,0,6,0,6,0.0,1.0,0.0
2023-09-25,ucdp:112,Government of Sudan,856b0a0ffffffff,5,12.0101707938044,24.830215921368204,1,1,0,0,1,0,0,0,15,0.0,0.0,0.0
2023-09-25,ucdp:112,Government of Sudan,856b4317fffffff,5,12.880972286537473,31.271603111564453,1,1,0,0,1,4,0,0,4,0.0,0.0,0.0
2023-09-25,ucdp:112,Government of Sudan,856b43a7fffffff,5,12.987613726092313,31.694720542113796,1,1,0,0,1,0,8,0,8,0.0,1.0,0.0
2023-09-25,ucdp:112,Government of Sudan,856b6e2ffffffff,5,15.249419818998454,32.54329883583084,1,1,0,0,1,0,0,0,35,0.0,0.0,0.0
2023-09-25,ucdp:112,Government of Sudan,856b6e37fffffff,5,15.523006487760396,32.57683706993741,3,3,0,0,3,0,10,0,10,0.0,1.0,0.0
2023-09-25,ucdp:112,Government of Sudan,856b6eaffffffff,5,15.666591746948761,32.5105778563475,6,6,0,0,6,0,36,0,36,0.0,1.0,0.0
2023-10-02,ucdp:112,Government of Sudan,856b4287fffffff,5,13.225245724503111,30.152617420328752,2,2,0,0,2,2,1,0,7,0.0,0.14285714285714285,0.0
2023-10-02,ucdp:112,Government of Sudan,856b6e2ffffffff,5,15.249419818998454,32.54329883583084,2,2,0,0,2,0,0,0,190,0.0,0.0,0.0
2023-10-02,ucdp:112,Government of Sudan,856b6e37fffffff,5,15.523006487760396,32.57683706993741,1,1,0,0,1,0,3,0,3,0.0,1.0,0.0
2023-10-02,ucdp:112,Government of Sudan,856b6eaffffffff,5,15.666591746948761,32.5105778563475,2,2,0,0,2,0,21,0,21,0.0,1.0,0.0
2023-10-09,ucdp:112,Government of Sudan,856b4287fffffff,5,13.225245724503111,30.152617420328752,1,1,0,0,1,0,0,0,3,0.0,0.0,0.0
2023-10-09,ucdp:112,Government of Sudan,856b51abfffffff,5,12.039791373119341,29.622342418404127,1,1,0,0,1,0,1,0,1,0.0,1.0,0.0
2023-10-09,ucdp:112,Government of Sudan,856b6e37fffffff,5,15.523006487760396,32.57683706993741,1,1,0,0,1,1,0,0,1,0.0,0.0,0.0
2023-10-09,ucdp:112,Government of Sudan,856b6eaffffffff,5,15.666591746948761,32.5105778563475,3,3,0,0,3,0,8,0,25,0.0,0.32,0.0
2023-10-16,ucdp:112,Government of Sudan,856b032ffffffff,5,12.874105981248873,23.541366730640174,2,2,0,0,2,0,2,0,4,0.0,0.5,0.0
2023-10-23,ucdp:112,Government of Sudan,856b032ffffffff,5,12.874105981248873,23.541366730640174,2,2,0,0,2,0,0,0,5,0.0,0.0,0.0
2023-10-23,ucdp:112,Government of Sudan,856b0897fffffff,5,13.617096818226427,25.424076053061942,1,1,0,0,1,0,0,0,10,0.0,0.0,0.0
2023-10-23,ucdp:112,Government of Sudan,856b0a0ffffffff,5,12.0101707938044,24.830215921368204,3,3,0,0,3,3,3,0,49,0.0,0.061224489795918366,0.0
2023-10-23,ucdp:112,Government of Sudan,856b436ffffffff,5,12.205946599272277,31.2783539360464,1,1,0,0,1,0,1,0,1,0.0,1.0,0.0
2023-10-23,ucdp:112,Government of Sudan,856b6e37fffffff,5,15.523006487760396,32.57683706993741,1,1,0,0,1,0,2,0,2,0.0,1.0,0.0
2023-10-23,ucdp:112,Government of Sudan,856b6eaffffffff,5,15.666591746948761,32.5105778563475,2,2,0,0,2,24,3,0,27,0.0,0.1111111111111111,0.0
2023-10-30,ucdp:112,Government of Sudan,856b02a7fffffff,5,13.45999398207289,22.391256500715567,1,1,0,0,1,0,0,0,15,0.0,0.0,0.0
2023-10-30,ucdp:112,Government of Sudan,856b032ffffffff,5,12.874105981248873,23.541366730640174,1,1,0,0,1,0,1,0,1,0.0,1.0,0.0
2023-10-30,ucdp:112,Government of Sudan,856b03d3fffffff,5,13.454488741595142,22.559037387434365,4,4,0,0,4,6,10,0,755,0.0,0.013245033112582781,0.0
2023-10-30,ucdp:112,Government of Sudan,856b0897fffffff,5,13.617096818226427,25.424076053061942,1,1,0,0,1,0,0,0,1,0.0,0.0,0.0
2023-10-30,ucdp:112,Government of Sudan,856b4287fffffff,5,13.225245724503111,30.152617420328752,1,1,0,0,1,0,1,0,1,0.0,1.0,0.0
2023-10-30,ucdp:112,Government of Sudan,856b5077fffffff,5,11.707532226545537,28.359621421240988,1,1,0,0,1,0,0,0,0,0.0,0.0,0.0
2023-10-30,ucdp:112,Government of Sudan,856b6e37fffffff,5,15.523006487760396,32.57683706993741,1,1,0,0,1,0,15,0,15,0.0,1.0,0.0
2023-10-30,ucdp:112,Government of Sudan,856b6eaffffffff,5,15.666591746948761,32.5105778563475,2,2,0,0,2,0,0,0,14,0.0,0.0,0.0
2023-11-06,ucdp:112,Government of Sudan,856b0897fffffff,5,13.617096818226427,25.424076053061942,3,3,0,0,3,1,2,0,8,0.0,0.25,0.0
2023-11-06,ucdp:112,Government of Sudan,856b6e2ffffffff,5,15.249419818998454,32.54329883583084,2,2,0,0,2,0,71,0,71,0.0,1.0,0.0
2023-11-06,ucdp:112,Government of Sudan,856b6eaffffffff,5,15.666591746948761,32.5105778563475,3,3,0,0,3,0,3,0,17,0.0,0.17647058823529413,0.0
2023-11-13,ucdp:112,Government of Sudan,856b6e2ffffffff,5,15.249419818998454,32.54329883583084,1,1,0,0,1,3,0,0,7,0.0,0.0,0.0
2023-11-20,ucdp:112,Government of Sudan,856a25d7fffffff,5,11.416072472580225,26.115900548809837,1,1,0,0,1,0,40,0,40,0.0,1.0,0.0
2023-11-20,ucdp:112,Government of Sudan,856b6eaffffffff,5,15.666591746948761,32.5105778563475,3,3,0,0,3,0,2,0,16,0.0,0.125,0.0
2023-11-20,ucdp:112,Government of Sudan,856b712ffffffff,5,14.496724675418257,29.527796281782496,1,1,0,0,1,0,0,0,7,0.0,0.0,0.0
2023-11-27,ucdp:112,Government of Sudan,856b52bbfffffff,5,11.337018718490974,27.753918817936633,1,1,0,0,1,1,0,0,1,0.0,0.0,0.0
2023-11-27,ucdp:112,Government of Sudan,856b6eaffffffff,5,15.666591746948761,32.5105778563475,1,1,0,0,1,0,4,0,4,0.0,1.0,0.0
2023-11-27,ucdp:112,Government of Sudan,856b712ffffffff,5,14.496724675418257,29.527796281782496,1,1,0,0,1,0,4,0,4,0.0,1.0,0.0
2023-12-04,ucdp:112,Government of Sudan,856b6e37fffffff,5,15.523006487760396,32.57683706993741,1,1,0,0,1,0,2,0,2,0.0,1.0,0.0
2023-12-04,ucdp:112,Government of Sudan,856b6eaffffffff,5,15.666591746948761,32.5105778563475,2,2,0,0,2,0,7,0,7,0.0,1.0,0.0
2023-12-04,ucdp:112,Government of Sudan,856b7077fffffff,5,14.586735638130152,28.020551626896516,1,1,0,0,1,0,0,0,5,0.0,0.0,0.0
2023-12-11,ucdp:112,Government of Sudan,856b0a0ffffffff,5,12.0101707938044,24.830215921368204,1,1,0,0,1,0,0,0,6,0.0,0.0,0.0
2023-12-11,ucdp:112,Government of Sudan,856b0c2ffffffff,5,13.757616890803206,25.34844956941545,1,1,0,0,1,0,2,0,2,0.0,1.0,0.0
2023-12-11,ucdp:112,Government of Sudan,856b6b1bfffffff,5,14.484353147764434,33.52660543136047,3,3,0,0,3,2,5,0,304,0.0,0.01644736842105263,0.0
2023-12-18,ucdp:112,Government of Sudan,856b4287fffffff,5,13.225245724503111,30.152617420328752,1,1,0,0,1,0,2,0,2,0.0,1.0,0.0
2023-12-25,ucdp:112,Government of Sudan,856b0a0ffffffff,5,12.0101707938044,24.830215921368204,1,1,0,0,1,0,30,0,30,0.0,1.0,0.0
2023-12-25,ucdp:112,Government of Sudan,856b6b53fffffff,5,14.368587889587243,33.2637641534057,1,1,0,0,1,0,0,0,4,0.0,0.0,0.0
2024-01-01,ucdp:112,Government of Sudan,856b40cffffffff,5,13.756528642419191,30.3731773839385,1,1,0,0,1,3,0,0,3,0.0,0.0,0.0
2024-01-01,ucdp:112,Government of Sudan,856b6b1bfffffff,5,14.484353147764434,33.52660543136047,1,1,0,0,1,0,6,0,11,0.0,0.5454545454545454,0.0
2024-01-01,ucdp:112,Government of Sudan,856b6b6bfffffff,5,13.931167296261178,33.61876134125003,1,1,0,0,1,0,7,0,7,0.0,1.0,0.0
2024-01-01,ucdp:112,Government of Sudan,856b6c73fffffff,5,16.202578508294817,32.744789763100805,2,2,0,0,2,0,3,0,3,0.0,1.0,0.0
2024-01-01,ucdp:112,Government of Sudan,856b6e97fffffff,5,16.111653402951703,32.143513396531354,1,1,0,0,1,0,1,0,1,0.0,1.0,0.0
2024-01-08,ucdp:112,Government of Sudan,856b0a0ffffffff,5,12.0101707938044,24.830215921368204,2,2,0,0,2,0,7,0,7,0.0,1.0,0.0
2024-01-08,ucdp:112,Government of Sudan,856b4ca7fffffff,5,13.802958103861757,33.51983570704063,1,1,0,0,1,0,2,0,2,0.0,1.0,0.0
2024-01-08,ucdp:112,Government of Sudan,856b51abfffffff,5,12.039791373119341,29.622342418404127,1,1,0,0,1,3,0,0,3,0.0,0.0,0.0
2024-01-08,ucdp:112,Government of Sudan,856b6a8bfffffff,5,14.84643178702341,32.410751731197266,1,1,0,0,1,0,7,0,7,0.0,1.0,0.0
2024-01-08,ucdp:112,Government of Sudan,856b6b6bfffffff,5,13.931167296261178,33.61876134125003,1,1,0,0,1,0,10,0,10,0.0,1.0,0.0
2024-01-08,ucdp:112,Government of Sudan,856b6e37fffffff,5,15.523006487760396,32.57683706993741,3,3,0,0,3,0,33,0,36,0.0,0.9166666666666666,0.0
2024-01-08,ucdp:112,Government of Sudan,856b6e97fffffff,5,16.111653402951703,32.143513396531354,1,1,0,0,1,0,1,0,1,0.0,1.0,0.0
2024-01-08,ucdp:112,Government of Sudan,856b6eaffffffff,5,15.666591746948761,32.5105778563475,2,2,0,0,2,0,1,0,4,0.0,0.25,0.0
2024-01-15,ucdp:112,Government of Sudan,856b2a37fffffff,5,15.022363407245473,24.82888898186477,1,1,0,0,1,0,0,0,12,0.0,0.0,0.0
2024-01-15,ucdp:112,Government of Sudan,856b4c33fffffff,5,13.546660813884062,33.32249344951398,1,1,0,0,1,0,0,0,9,0.0,0.0,0.0
2024-01-15,ucdp:112,Government of Sudan,856b5207fffffff,5,11.07078885710619,27.732367857903256,1,1,0,0,1,0,9,0,11,0.0,0.8181818181818182,0.0
2024-01-15,ucdp:112,Government of Sudan,856b68bbfffffff,5,15.729328193164328,33.439805035509984,1,1,0,0,1,0,10,0,10,0.0,1.0,0.0
2024-01-15,ucdp:112,Government of Sudan,856b6eaffffffff,5,15.666591746948761,32.5105778563475,1,0,0,1,0,0,1,1,1,1.0,1.0,1.0
2024-01-22,ucdp:112,Government of Sudan,856b0c2ffffffff,5,13.757616890803206,25.34844956941545,1,1,0,0,1,0,0,0,2,0.0,0.0,0.0
2024-01-22,ucdp:112,Government of Sudan,856b0dc3fffffff,5,14.157548064133358,25.625693667300094,2,2,0,0,2,0,0,0,9,0.0,0.0,0.0
2024-01-22,ucdp:112,Government of Sudan,856b1b87fffffff,5,10.716934500846234,23.611112543659967,1,1,0,0,1,0,0,0,8,0.0,0.0,0.0
2024-01-22,ucdp:112,Government of Sudan,856b5207fffffff,5,11.07078885710619,27.732367857903256,1,1,0,0,1,0,8,0,8,0.0,1.0,0.0
2024-01-22,ucdp:112,Government of Sudan,856b52bbfffffff,5,11.337018718490974,27.753918817936633,3,3,0,0,3,0,16,0,43,0.0,0.37209302325581395,0.0
2024-01-22,ucdp:112,Government of Sudan,856b6e37fffffff,5,15.523006487760396,32.57683706993741,2,2,0,0,2,0,1,0,2,0.0,0.5,0.0
2024-01-22,ucdp:112,Government of Sudan,856b6e97fffffff,5,16.111653402951703,32.143513396531354,1,1,0,0,1,0,1,0,1,0.0,1.0,0.0
2024-01-22,ucdp:112,Government of Sudan,856b6eaffffffff,5,15.666591746948761,32.5105778563475,3,3,0,0,3,6,4,0,14,0.0,0.2857142857142857,0.0
2024-01-29,ucdp:112,Government of Sudan,856b0897fffffff,5,13.617096818226427,25.424076053061942,2,2,0,0,2,0,5,0,5,0.0,1.0,0.0
2024-01-29,ucdp:112,Government of Sudan,856b6eaffffffff,5,15.666591746948761,32.5105778563475,1,1,0,0,1,10,0,0,10,0.0,0.0,0.0
2024-02-05,ucdp:112,Government of Sudan,856b0897fffffff,5,13.617096818226427,25.424076053061942,1,1,0,0,1,0,0,0,2,0.0,0.0,0.0
2024-02-05,ucdp:112,Government of Sudan,856b2a37fffffff,5,15.022363407245473,24.82888898186477,1,1,0,0,1,0,0,0,5,0.0,0.0,0.0
2024-02-05,ucdp:112,Government of Sudan,856b6eaffffffff,5,15.666591746948761,32.5105778563475,1,1,0,0,1,0,0,0,24,0.0,0.0,0.0
2024-02-19,ucdp:112,Government of Sudan,856a25d7fffffff,5,11.416072472580225,26.115900548809837,1,1,0,0,1,0,5,0,10,0.0,0.5,0.0
2024-02-19,ucdp:112,Government of Sudan,856b6e37fffffff,5,15.523006487760396,32.57683706993741,2,2,0,0,2,0,11,0,14,0.0,0.7857142857142857,0.0
2024-02-19,ucdp:112,Government of Sudan,856b6eaffffffff,5,15.666591746948761,32.5105778563475,2,2,0,0,2,1,0,0,5,0.0,0.0,0.0
2024-02-26,ucdp:112,Government of Sudan,856b6eaffffffff,5,15.666591746948761,32.5105778563475,1,1,0,0,1,0,1,0,1,0.0,1.0,0.0
2024-03-04,ucdp:112,Government of Sudan,856b0c2ffffffff,5,13.757616890803206,25.34844956941545,1,1,0,0,1,0,0,0,5,0.0,0.0,0.0
2024-03-04,ucdp:112,Government of Sudan,856b5207fffffff,5,11.07078885710619,27.732367857903256,1,1,0,0,1,0,2,0,2,0.0,1.0,0.0
2024-03-04,ucdp:112,Government of Sudan,856b52bbfffffff,5,11.337018718490974,27.753918817936633,1,1,0,0,1,0,0,0,3,0.0,0.0,0.0
2024-03-11,ucdp:112,Government of Sudan,856b0897fffffff,5,13.617096818226427,25.424076053061942,1,1,0,0,1,0,1,0,1,0.0,1.0,0.0
2024-03-11,ucdp:112,Government of Sudan,856b52bbfffffff,5,11.337018718490974,27.753918817936633,1,1,0,0,1,0,3,0,3,0.0,1.0,0.0
2024-03-11,ucdp:112,Government of Sudan,856b5c4bfffffff,5,11.477514217775266,30.057683044979193,1,1,0,0,1,0,13,0,14,0.0,0.9285714285714286,0.0
2024-03-11,ucdp:112,Government of Sudan,856b5e3bfffffff,5,10.81059109299894,30.07154217866512,1,1,0,0,1,0,5,0,5,0.0,1.0,0.0
2024-03-18,ucdp:112,Government of Sudan,856b0897fffffff,5,13.617096818226427,25.424076053061942,2,2,0,0,2,0,2,0,6,0.0,0.3333333333333333,0.0
2024-03-18,ucdp:112,Government of Sudan,856b52bbfffffff,5,11.337018718490974,27.753918817936633,2,2,0,0,2,0,7,0,7,0.0,1.0,0.0
2024-03-18,ucdp:112,Government of Sudan,856b6eaffffffff,5,15.666591746948761,32.5105778563475,3,2,0,1,2,27,4,4,31,0.3333333333333333,0.12903225806451613,0.12903225806451613
2024-03-25,ucdp:112,Government of Sudan,856b0897fffffff,5,13.617096818226427,25.424076053061942,2,2,0,0,2,3,12,0,15,0.0,0.8,0.0
2024-03-25,ucdp:112,Government of Sudan,856b6eaffffffff,5,15.666591746948761,32.5105778563475,2,2,0,0,2,33,0,0,33,0.0,0.0,0.0
2024-04-01,ucdp:112,Government of Sudan,855393b7fffffff,5,17.772085294404857,33.963720667814314,1,1,0,0,1,0,0,0,12,0.0,0.0,0.0
2024-04-01,ucdp:112,Government of Sudan,856b0897fffffff,5,13.617096818226427,25.424076053061942,2,2,0,0,2,0,2,0,25,0.0,0.08,0.0
2024-04-01,ucdp:112,Government of Sudan,856b0e93fffffff,5,13.673401348561217,24.081628252479913,1,1,0,0,1,0,0,0,2,0.0,0.0,0.0
2024-04-01,ucdp:112,Government of Sudan,856b6b0ffffffff,5,14.329299208427093,33.75364336693428,1,1,0,0,1,0,2,0,2,0.0,1.0,0.0
2024-04-01,ucdp:112,Government of Sudan,856b6b1bfffffff,5,14.484353147764434,33.52660543136047,1,1,0,0,1,0,0,0,0,0.0,0.0,0.0
2024-04-01,ucdp:112,Government of Sudan,856b6e37fffffff,5,15.523006487760396,32.57683706993741,1,1,0,0,1,0,3,0,24,0.0,0.125,0.0
2024-04-08,ucdp:112,Government of Sudan,856b0897fffffff,5,13.617096818226427,25.424076053061942,3,3,0,0,3,0,13,0,38,0.0,0.34210526315789475,0.0
2024-04-08,ucdp:112,Government of Sudan,856b0dc3fffffff,5,14.157548064133358,25.625693667300094,2,2,0,0,2,0,0,0,4,0.0,0.0,0.0
2024-04-08,ucdp:112,Government of Sudan,856b2b4ffffffff,5,14.58940264044183,25.228894662485818,1,1,0,0,1,0,1,0,1,0.0,1.0,0.0
2024-04-08,ucdp:112,Government of Sudan,856b4287fffffff,5,13.225245724503111,30.152617420328752,1,1,0,0,1,0,5,0,5,0.0,1.0,0.0
2024-04-08,ucdp:112,Government of Sudan,856b68a3fffffff,5,15.715431120031816,33.60509094769738,1,1,0,0,1,0,0,0,13,0.0,0.0,0.0
2024-04-15,ucdp:112,Government of Sudan,856b0897fffffff,5,13.617096818226427,25.424076053061942,1,1,0,0,1,0,0,0,18,0.0,0.0,0.0
2024-04-15,ucdp:112,Government of Sudan,856b0a0ffffffff,5,12.0101707938044,24.830215921368204,1,1,0,0,1,0,4,0,4,0.0,1.0,0.0
2024-04-15,ucdp:112,Government of Sudan,856b0cc7fffffff,5,14.201760031416846,24.61463456526655,1,1,0,0,1,0,13,0,13,0.0,1.0,0.0
2024-04-15,ucdp:112,Government of Sudan,856b4287fffffff,5,13.225245724503111,30.152617420328752,3,3,0,0,3,0,7,0,8,0.0,0.875,0.0
2024-04-15,ucdp:112,Government of Sudan,856b4343fffffff,5,12.505145215491595,30.819590790473818,1,1,0,0,1,2,0,0,2,0.0,0.0,0.0
2024-04-15,ucdp:112,Government of Sudan,856b6aa7fffffff,5,14.795028048612995,33.06976831916465,1,1,0,0,1,0,0,0,5,0.0,0.0,0.0
2024-04-15,ucdp:112,Government of Sudan,856b6b1bfffffff,5,14.484353147764434,33.52660543136047,1,1,0,0,1,0,2,0,2,0.0,1.0,0.0
2024-04-15,ucdp:112,Government of Sudan,856b6e37fffffff,5,15.523006487760396,32.57683706993741,1,1,0,0,1,0,1,0,1,0.0,1.0,0.0
2024-04-22,ucdp:112,Government of Sudan,856b0dc3fffffff,5,14.157548064133358,25.625693667300094,1,1,0,0,1,0,7,0,7,0.0,1.0,0.0
2024-04-22,ucdp:112,Government of Sudan,856b52bbfffffff,5,11.337018718490974,27.753918817936633,1,1,0,0,1,5,0,0,5,0.0,0.0,0.0
2024-04-29,ucdp:112,Government of Sudan,856b0897fffffff,5,13.617096818226427,25.424076053061942,1,1,0,0,1,0,3,0,3,0.0,1.0,0.0
2024-04-29,ucdp:112,Government of Sudan,856b4287fffffff,5,13.225245724503111,30.152617420328752,1,1,0,0,1,7,0,0,7,0.0,0.0,0.0
2024-04-29,ucdp:112,Government of Sudan,856b52bbfffffff,5,11.337018718490974,27.753918817936633,1,1,0,0,1,0,4,0,4,0.0,1.0,0.0
2024-05-06,ucdp:112,Government of Sudan,856b0897fffffff,5,13.617096818226427,25.424076053061942,8,8,0,0,8,0,77,0,147,0.0,0.5238095238095238,0.0
2024-05-06,ucdp:112,Government of Sudan,856b428ffffffff,5,13.095312599951582,30.056645183307552,1,1,0,0,1,0,14,0,14,0.0,1.0,0.0
2024-05-06,ucdp:112,Government of Sudan,856b43a3fffffff,5,12.998804957433652,31.531584207941805,1,1,0,0,1,5,0,0,5,0.0,0.0,0.0
2024-05-06,ucdp:112,Government of Sudan,856b56abfffffff,5,12.165534654186953,27.325244816559575,1,1,0,0,1,0,0,0,8,0.0,0.0,0.0
2024-05-06,ucdp:112,Government of Sudan,856b6e37fffffff,5,15.523006487760396,32.57683706993741,1,1,0,0,1,0,0,0,6,0.0,0.0,0.0
2024-05-06,ucdp:112,Government of Sudan,856b6e97fffffff,5,16.111653402951703,32.143513396531354,1,1,0,0,1,0,1,0,1,0.0,1.0,0.0
2024-05-06,ucdp:112,Government of Sudan,856b6eaffffffff,5,15.666591746948761,32.5105778563475,1,1,0,0,1,0,2,0,2,0.0,1.0,0.0
2024-05-13,ucdp:112,Government of Sudan,856b0897fffffff,5,13.617096818226427,25.424076053061942,2,2,0,0,2,0,5,0,5,0.0,1.0,0.0
2024-05-13,ucdp:112,Government of Sudan,856b0a0ffffffff,5,12.0101707938044,24.830215921368204,1,1,0,0,1,0,3,0,3,0.0,1.0,0.0
2024-05-13,ucdp:112,Government of Sudan,856b448bfffffff,5,15.012737341499482,30.083281550987248,1,1,0,0,1,1,0,0,1,0.0,0.0,0.0
2024-05-13,ucdp:112,Government of Sudan,856b5c03fffffff,5,11.852231191173376,30.50451296033223,1,1,0,0,1,0,0,0,3,0.0,0.0,0.0
2024-05-13,ucdp:112,Government of Sudan,856b5e9bfffffff,5,11.368349205348665,29.638867754388812,1,1,0,0,1,0,1,0,1,0.0,1.0,0.0
2024-05-13,ucdp:112,Government of Sudan,856b6bd3fffffff,5,14.781916997454012,33.234068187157774,1,1,0,0,1,0,5,0,5,0.0,1.0,0.0
2024-05-13,ucdp:112,Government of Sudan,856b6eaffffffff,5,15.666591746948761,32.5105778563475,1,1,0,0,1,0,11,0,11,0.0,1.0,0.0
2024-05-20,ucdp:112,Government of Sudan,856b0897fffffff,5,13.617096818226427,25.424076053061942,7,7,0,0,7,0,34,0,59,0.0,0.576271186440678,0.0
2024-05-20,ucdp:112,Government of Sudan,856b0c2ffffffff,5,13.757616890803206,25.34844956941545,2,2,0,0,2,0,15,0,15,0.0,1.0,0.0
2024-05-20,ucdp:112,Government of Sudan,856b0cc7fffffff,5,14.201760031416846,24.61463456526655,1,1,0,0,1,0,3,0,3,0.0,1.0,0.0
2024-05-20,ucdp:112,Government of Sudan,856b0e93fffffff,5,13.673401348561217,24.081628252479913,1,1,0,0,1,0,12,0,16,0.0,0.75,0.0
2024-05-20,ucdp:112,Government of Sudan,856b52bbfffffff,5,11.337018718490974,27.753918817936633,2,2,0,0,2,22,0,0,22,0.0,0.0,0.0
2024-05-20,ucdp:112,Government of Sudan,856b6eaffffffff,5,15.666591746948761,32.5105778563475,2,2,0,0,2,0,12,0,17,0.0,0.7058823529411765,0.0
2024-05-27,ucdp:112,Government of Sudan,856b0897fffffff,5,13.617096818226427,25.424076053061942,4,4,0,0,4,0,12,0,96,0.0,0.125,0.0
2024-05-27,ucdp:112,Government of Sudan,856b0cc7fffffff,5,14.201760031416846,24.61463456526655,1,1,0,0,1,0,0,0,3,0.0,0.0,0.0
2024-05-27,ucdp:112,Government of Sudan,856b0e93fffffff,5,13.673401348561217,24.081628252479913,1,1,0,0,1,0,2,0,4,0.0,0.5,0.0
2024-05-27,ucdp:112,Government of Sudan,856b4287fffffff,5,13.225245724503111,30.152617420328752,1,1,0,0,1,18,0,0,18,0.0,0.0,0.0
2024-05-27,ucdp:112,Government of Sudan,856b6b57fffffff,5,14.355589874543668,33.42724592601439,2,2,0,0,2,0,13,0,13,0.0,1.0,0.0
2024-05-27,ucdp:112,Government of Sudan,856b6bcffffffff,5,14.49748970471835,33.363038899710936,1,1,0,0,1,0,7,0,7,0.0,1.0,0.0
2024-05-27,ucdp:112,Government of Sudan,856b6eaffffffff,5,15.666591746948761,32.5105778563475,2,2,0,0,2,7,2,0,9,0.0,0.2222222222222222,0.0
2024-06-03,ucdp:112,Government of Sudan,856b0897fffffff,5,13.617096818226427,25.424076053061942,3,3,0,0,3,0,16,0,16,0.0,1.0,0.0
2024-06-03,ucdp:112,Government of Sudan,856b0c2ffffffff,5,13.757616890803206,25.34844956941545,1,1,0,0,1,0,0,0,2,0.0,0.0,0.0
2024-06-03,ucdp:112,Government of Sudan,856b0d03fffffff,5,14.000739280646407,26.03730252413982,2,2,0,0,2,0,14,0,14,0.0,1.0,0.0
2024-06-03,ucdp:112,Government of Sudan,856b2837fffffff,5,15.968086034801278,25.482079364743772,1,1,0,0,1,0,11,0,11,0.0,1.0,0.0
2024-06-03,ucdp:112,Government of Sudan,856b4127fffffff,5,13.479351368370795,32.41064970757232,1,1,0,0,1,0,4,0,4,0.0,1.0,0.0
2024-06-03,ucdp:112,Government of Sudan,856b52bbfffffff,5,11.337018718490974,27.753918817936633,1,0,0,1,0,0,2,2,2,1.0,1.0,1.0
2024-06-03,ucdp:112,Government of Sudan,856b53b7fffffff,5,11.396048397714381,29.151376088782317,2,1,0,1,1,8,8,8,16,0.5,0.5,0.5
2024-06-03,ucdp:112,Government of Sudan,856b6a03fffffff,5,14.561661751600138,32.54244169118677,1,1,0,0,1,0,0,0,180,0.0,0.0,0.0
2024-06-03,ucdp:112,Government of Sudan,856b6acbfffffff,5,14.598933540415864,32.04795814185922,1,1,0,0,1,0,9,0,9,0.0,1.0,0.0
2024-06-03,ucdp:112,Government of Sudan,856b6e97fffffff,5,16.111653402951703,32.143513396531354,1,1,0,0,1,0,40,0,40,0.0,1.0,0.0
2024-06-03,ucdp:112,Government of Sudan,856b6eaffffffff,5,15.666591746948761,32.5105778563475,2,2,0,0,2,0,38,0,38,0.0,1.0,0.0
2024-06-10,ucdp:112,Government of Sudan,856b0897fffffff,5,13.617096818226427,25.424076053061942,4,4,0,0,4,6,35,0,41,0.0,0.8536585365853658,0.0
2024-06-10,ucdp:112,Government of Sudan,856b4d6bfffffff,5,12.948519546699035,34.059262054202875,1,1,0,0,1,0,20,0,20,0.0,1.0,0.0
2024-06-10,ucdp:112,Government of Sudan,856b6eaffffffff,5,15.666591746948761,32.5105778563475,1,1,0,0,1,0,1,0,1,0.0,1.0,0.0
2024-06-17,ucdp:112,Government of Sudan,856b0897fffffff,5,13.617096818226427,25.424076053061942,3,3,0,0,3,0,15,0,15,0.0,1.0,0.0
2024-06-17,ucdp:112,Government of Sudan,856b0c2ffffffff,5,13.757616890803206,25.34844956941545,1,1,0,0,1,0,20,0,20,0.0,1.0,0.0
2024-06-17,ucdp:112,Government of Sudan,856b0cc7fffffff,5,14.201760031416846,24.61463456526655,1,1,0,0,1,0,4,0,4,0.0,1.0,0.0
2024-06-17,ucdp:112,Government of Sudan,856b2a37fffffff,5,15.022363407245473,24.82888898186477,1,1,0,0,1,3,0,0,3,0.0,0.0,0.0
2024-06-17,ucdp:112,Government of Sudan,856b5077fffffff,5,11.707532226545537,28.359621421240988,2,2,0,0,2,0,20,0,20,0.0,1.0,0.0
2024-06-17,ucdp:112,Government of Sudan,856b6a33fffffff,5,14.536297645561135,32.87122396847487,1,1,0,0,1,0,1,0,1,0.0,1.0,0.0
2024-06-17,ucdp:112,Government of Sudan,856b6b3bfffffff,5,14.31600785842787,33.91655440444772,1,0,0,1,0,0,50,50,50,1.0,1.0,1.0
2024-06-17,ucdp:112,Government of Sudan,856b6e37fffffff,5,15.523006487760396,32.57683706993741,1,1,0,0,1,2,0,0,2,0.0,0.0,0.0
2024-06-17,ucdp:112,Government of Sudan,856b6e97fffffff,5,16.111653402951703,32.143513396531354,1,1,0,0,1,0,1,0,1,0.0,1.0,0.0
2024-06-17,ucdp:112,Government of Sudan,856b6eaffffffff,5,15.666591746948761,32.5105778563475,3,3,0,0,3,0,5,0,5,0.0,1.0,0.0
2024-06-24,ucdp:112,Government of Sudan,856a2ccffffffff,5,10.140942323917526,27.738565870114794,1,1,0,0,1,3,0,0,3,0.0,0.0,0.0
2024-06-24,ucdp:112,Government of Sudan,856b0897fffffff,5,13.617096818226427,25.424076053061942,8,8,0,0,8,6,14,0,20,0.0,0.7,0.0
2024-06-24,ucdp:112,Government of Sudan,856b0c2ffffffff,5,13.757616890803206,25.34844956941545,3,3,0,0,3,0,12,0,12,0.0,1.0,0.0
2024-06-24,ucdp:112,Government of Sudan,856b4c33fffffff,5,13.546660813884062,33.32249344951398,1,1,0,0,1,2,15,0,17,0.0,0.8823529411764706,0.0
2024-06-24,ucdp:112,Government of Sudan,856b4c37fffffff,5,13.53409727111366,33.48472627177144,1,1,0,0,1,3,0,0,3,0.0,0.0,0.0
2024-06-24,ucdp:112,Government of Sudan,856b4d47fffffff,5,13.228157557741207,33.93430613370238,1,1,0,0,1,2,2,0,4,0.0,0.5,0.0
2024-07-01,ucdp:112,Government of Sudan,856a2ccffffffff,5,10.140942323917526,27.738565870114794,1,1,0,0,1,8,0,0,68,0.0,0.0,0.0
2024-07-01,ucdp:112,Government of Sudan,856b0897fffffff,5,13.617096818226427,25.424076053061942,4,4,0,0,4,0,34,0,37,0.0,0.918918918918919,0.0
2024-07-01,ucdp:112,Government of Sudan,856b0c2ffffffff,5,13.757616890803206,25.34844956941545,1,1,0,0,1,0,3,0,3,0.0,1.0,0.0
2024-07-01,ucdp:112,Government of Sudan,856b4d6bfffffff,5,12.948519546699035,34.059262054202875,1,1,0,0,1,0,1,0,1,0.0,1.0,0.0
2024-07-01,ucdp:112,Government of Sudan,856b4d73fffffff,5,13.215416498203888,34.095436055373085,1,1,0,0,1,0,0,0,0,0.0,0.0,0.0
2024-07-01,ucdp:112,Government of Sudan,856b5ccffffffff,5,11.872113389448195,30.17945907966461,1,1,0,0,1,0,1,0,1,0.0,1.0,0.0
2024-07-08,ucdp:112,Government of Sudan,856b02a7fffffff,5,13.45999398207289,22.391256500715567,1,1,0,0,1,0,3,0,3,0.0,1.0,0.0
2024-07-08,ucdp:112,Government of Sudan,856b4d53fffffff,5,13.381015482796718,33.70996934636946,2,2,0,0,2,2,11,0,13,0.0,0.8461538461538461,0.0
2024-07-08,ucdp:112,Government of Sudan,856b4d6bfffffff,5,12.948519546699035,34.059262054202875,1,1,0,0,1,0,1,0,1,0.0,1.0,0.0
2024-07-08,ucdp:112,Government of Sudan,856b5077fffffff,5,11.707532226545537,28.359621421240988,1,1,0,0,1,0,1,0,1,0.0,1.0,0.0
2024-07-08,ucdp:112,Government of Sudan,856b52bbfffffff,5,11.337018718490974,27.753918817936633,1,1,0,0,1,17,0,0,17,0.0,0.0,0.0
2024-07-08,ucdp:112,Government of Sudan,856b6e37fffffff,5,15.523006487760396,32.57683706993741,1,1,0,0,1,0,0,0,101,0.0,0.0,0.0
2024-07-15,ucdp:112,Government of Sudan,856a2ccffffffff,5,10.140942323917526,27.738565870114794,2,2,0,0,2,0,6,0,6,0.0,1.0,0.0
2024-07-15,ucdp:112,Government of Sudan,856b0897fffffff,5,13.617096818226427,25.424076053061942,1,1,0,0,1,0,8,0,8,0.0,1.0,0.0
2024-07-15,ucdp:112,Government of Sudan,856b4d6bfffffff,5,12.948519546699035,34.059262054202875,1,1,0,0,1,1,0,0,1,0.0,0.0,0.0
2024-07-15,ucdp:112,Government of Sudan,856b55a3fffffff,5,13.145564367420294,29.23245224782049,1,1,0,0,1,22,18,0,40,0.0,0.45,0.0
2024-07-22,ucdp:112,Government of Sudan,856a2503fffffff,5,11.134074176240555,26.425575660258765,1,1,0,0,1,1,0,0,2,0.0,0.0,0.0
2024-07-22,ucdp:112,Government of Sudan,856b0897fffffff,5,13.617096818226427,25.424076053061942,4,4,0,0,4,0,27,0,64,0.0,0.421875,0.0
2024-07-22,ucdp:112,Government of Sudan,856b0c2ffffffff,5,13.757616890803206,25.34844956941545,1,1,0,0,1,0,2,0,2,0.0,1.0,0.0
2024-07-22,ucdp:112,Government of Sudan,856b4d57fffffff,5,13.368315419745215,33.87155899503859,1,1,0,0,1,0,0,0,0,0.0,0.0,0.0
2024-07-22,ucdp:112,Government of Sudan,856b5003fffffff,5,11.98409272024042,28.218719000477183,1,1,0,0,1,3,0,0,3,0.0,0.0,0.0
2024-07-29,ucdp:112,Government of Sudan,85538e53fffffff,5,18.882738970037874,36.83983316717179,1,1,0,0,1,1,0,0,5,0.0,0.0,0.0
2024-07-29,ucdp:112,Government of Sudan,856b0897fffffff,5,13.617096818226427,25.424076053061942,5,5,0,0,5,4,33,0,73,0.0,0.4520547945205479,0.0
2024-07-29,ucdp:112,Government of Sudan,856b4bc3fffffff,5,11.78468719025789,33.50000693480772,1,1,0,0,1,24,0,0,24,0.0,0.0,0.0
2024-07-29,ucdp:112,Government of Sudan,856b4c4ffffffff,5,13.18662025068854,32.703264847585366,1,1,0,0,1,1,1,0,2,0.0,0.5,0.0
2024-07-29,ucdp:112,Government of Sudan,856b6e37fffffff,5,15.523006487760396,32.57683706993741,1,1,0,0,1,0,0,0,2,0.0,0.0,0.0
2024-07-29,ucdp:112,Government of Sudan,856b6eaffffffff,5,15.666591746948761,32.5105778563475,1,1,0,0,1,24,0,0,24,0.0,0.0,0.0
2024-08-05,ucdp:112,Government of Sudan,856b0883fffffff,5,13.484198335604699,25.3321041769971,1,1,0,0,1,0,4,0,4,0.0,1.0,0.0
2024-08-05,ucdp:112,Government of Sudan,856b0897fffffff,5,13.617096818226427,25.424076053061942,4,4,0,0,4,3,33,0,36,0.0,0.9166666666666666,0.0
2024-08-05,ucdp:112,Government of Sudan,856b55a3fffffff,5,13.145564367420294,29.23245224782049,1,1,0,0,1,1,0,0,1,0.0,0.0,0.0
2024-08-05,ucdp:112,Government of Sudan,856b56abfffffff,5,12.165534654186953,27.325244816559575,1,1,0,0,1,0,1,0,1,0.0,1.0,0.0
2024-08-05,ucdp:112,Government of Sudan,856b6e37fffffff,5,15.523006487760396,32.57683706993741,1,1,0,0,1,0,2,0,2,0.0,1.0,0.0
2024-08-05,ucdp:112,Government of Sudan,856b6e97fffffff,5,16.111653402951703,32.143513396531354,2,2,0,0,2,0,2,0,8,0.0,0.25,0.0
2024-08-05,ucdp:112,Government of Sudan,856b6eaffffffff,5,15.666591746948761,32.5105778563475,3,3,0,0,3,0,1,0,7,0.0,0.14285714285714285,0.0
2024-08-12,ucdp:112,Government of Sudan,856b0897fffffff,5,13.617096818226427,25.424076053061942,1,1,0,0,1,0,2,0,2,0.0,1.0,0.0
2024-08-12,ucdp:112,Government of Sudan,856b0d03fffffff,5,14.000739280646407,26.03730252413982,1,1,0,0,1,0,2,0,2,0.0,1.0,0.0
2024-08-12,ucdp:112,Government of Sudan,856b4287fffffff,5,13.225245724503111,30.152617420328752,1,1,0,0,1,5,11,0,20,0.0,0.55,0.0
2024-08-12,ucdp:112,Government of Sudan,856b6e37fffffff,5,15.523006487760396,32.57683706993741,1,1,0,0,1,0,2,0,2,0.0,1.0,0.0
2024-08-12,ucdp:112,Government of Sudan,856b6eaffffffff,5,15.666591746948761,32.5105778563475,2,2,0,0,2,0,12,0,12,0.0,1.0,0.0
2024-08-19,ucdp:112,Government of Sudan,856a25d7fffffff,5,11.416072472580225,26.115900548809837,1,1,0,0,1,0,18,0,18,0.0,1.0,0.0
2024-08-19,ucdp:112,Government of Sudan,856b0897fffffff,5,13.617096818226427,25.424076053061942,3,3,0,0,3,0,11,0,15,0.0,0.7333333333333333,0.0
2024-08-19,ucdp:112,Government of Sudan,856b0d03fffffff,5,14.000739280646407,26.03730252413982,1,1,0,0,1,0,5,0,5,0.0,1.0,0.0
2024-08-19,ucdp:112,Government of Sudan,856b56abfffffff,5,12.165534654186953,27.325244816559575,1,1,0,0,1,6,0,0,6,0.0,0.0,0.0
2024-08-19,ucdp:112,Government of Sudan,856b56d3fffffff,5,12.33689541596909,26.592422984542345,1,1,0,0,1,0,2,0,2,0.0,1.0,0.0
2024-08-19,ucdp:112,Government of Sudan,856b6eabfffffff,5,15.679675700261631,32.344269579727474,1,1,0,0,1,0,3,0,3,0.0,1.0,0.0
2024-08-26,ucdp:112,Government of Sudan,856b02a7fffffff,5,13.45999398207289,22.391256500715567,1,1,0,0,1,0,1,0,1,0.0,1.0,0.0
2024-08-26,ucdp:112,Government of Sudan,856b032ffffffff,5,12.874105981248873,23.541366730640174,1,1,0,0,1,0,5,0,5,0.0,1.0,0.0
2024-08-26,ucdp:112,Government of Sudan,856b0897fffffff,5,13.617096818226427,25.424076053061942,1,1,0,0,1,0,2,0,2,0.0,1.0,0.0
2024-08-26,ucdp:112,Government of Sudan,856b0c2ffffffff,5,13.757616890803206,25.34844956941545,1,1,0,0,1,0,0,0,25,0.0,0.0,0.0
2024-08-26,ucdp:112,Government of Sudan,856b0dc3fffffff,5,14.157548064133358,25.625693667300094,2,2,0,0,2,0,0,0,18,0.0,0.0,0.0
2024-08-26,ucdp:112,Government of Sudan,856b4c37fffffff,5,13.53409727111366,33.48472627177144,1,1,0,0,1,0,0,0,2,0.0,0.0,0.0
2024-08-26,ucdp:112,Government of Sudan,856b6b1bfffffff,5,14.484353147764434,33.52660543136047,1,1,0,0,1,0,2,0,2,0.0,1.0,0.0
2024-08-26,ucdp:112,Government of Sudan,856b6eaffffffff,5,15.666591746948761,32.5105778563475,2,2,0,0,2,0,19,0,19,0.0,1.0,0.0
2024-09-02,ucdp:112,Government of Sudan,856a25d7fffffff,5,11.416072472580225,26.115900548809837,1,1,0,0,1,0,1,0,1,0.0,1.0,0.0
2024-09-02,ucdp:112,Government of Sudan,856b0897fffffff,5,13.617096818226427,25.424076053061942,2,2,0,0,2,0,13,0,15,0.0,0.8666666666666667,0.0
2024-09-02,ucdp:112,Government of Sudan,856b0dc3fffffff,5,14.157548064133358,25.625693667300094,1,1,0,0,1,0,12,0,14,0.0,0.8571428571428571,0.0
2024-09-02,ucdp:112,Government of Sudan,856b4287fffffff,5,13.225245724503111,30.152617420328752,1,1,0,0,1,0,0,0,1,0.0,0.0,0.0
2024-09-02,ucdp:112,Government of Sudan,856b4c37fffffff,5,13.53409727111366,33.48472627177144,1,1,0,0,1,0,0,0,40,0.0,0.0,0.0
2024-09-02,ucdp:112,Government of Sudan,856b4d57fffffff,5,13.368315419745215,33.87155899503859,1,1,0,0,1,0,0,0,4,0.0,0.0,0.0
2024-09-02,ucdp:112,Government of Sudan,856b6eaffffffff,5,15.666591746948761,32.5105778563475,1,1,0,0,1,0,0,0,2,0.0,0.0,0.0
2024-09-09,ucdp:112,Government of Sudan,856a25d7fffffff,5,11.416072472580225,26.115900548809837,1,1,0,0,1,0,10,0,10,0.0,1.0,0.0
2024-09-09,ucdp:112,Government of Sudan,856b0897fffffff,5,13.617096818226427,25.424076053061942,5,5,0,0,5,84,14,0,98,0.0,0.14285714285714285,0.0
2024-09-09,ucdp:112,Government of Sudan,856b0dc3fffffff,5,14.157548064133358,25.625693667300094,2,2,0,0,2,0,2,0,2,0.0,1.0,0.0
2024-09-09,ucdp:112,Government of Sudan,856b0dd7fffffff,5,14.291066980915462,25.718518145367558,1,1,0,0,1,0,2,0,2,0.0,1.0,0.0
2024-09-09,ucdp:112,Government of Sudan,856b6eaffffffff,5,15.666591746948761,32.5105778563475,1,1,0,0,1,0,3,0,3,0.0,1.0,0.0
2024-09-16,ucdp:112,Government of Sudan,856b0897fffffff,5,13.617096818226427,25.424076053061942,7,7,0,0,7,1,10,0,50,0.0,0.2,0.0
2024-09-16,ucdp:112,Government of Sudan,856b0a0ffffffff,5,12.0101707938044,24.830215921368204,1,1,0,0,1,0,18,0,18,0.0,1.0,0.0
2024-09-16,ucdp:112,Government of Sudan,856b0d03fffffff,5,14.000739280646407,26.03730252413982,1,1,0,0,1,0,1,0,1,0.0,1.0,0.0
2024-09-16,ucdp:112,Government of Sudan,856b52bbfffffff,5,11.337018718490974,27.753918817936633,1,1,0,0,1,1,0,0,1,0.0,0.0,0.0
2024-09-16,ucdp:112,Government of Sudan,856b6e23fffffff,5,15.392643793788992,32.477146551575075,1,1,0,0,1,0,45,0,45,0.0,1.0,0.0
2024-09-16,ucdp:112,Government of Sudan,856b6e97fffffff,5,16.111653402951703,32.143513396531354,1,1,0,0,1,0,0,0,2,0.0,0.0,0.0
2024-09-16,ucdp:112,Government of Sudan,856b6eaffffffff,5,15.666591746948761,32.5105778563475,1,1,0,0,1,0,2,0,2,0.0,1.0,0.0
2024-09-23,ucdp:112,Government of Sudan,856b0897fffffff,5,13.617096818226427,25.424076053061942,7,7,0,0,7,11,0,0,120,0.0,0.0,0.0
2024-09-23,ucdp:112,Government of Sudan,856b0dc3fffffff,5,14.157548064133358,25.625693667300094,1,1,0,0,1,0,2,0,2,0.0,1.0,0.0
2024-09-23,ucdp:112,Government of Sudan,856b4287fffffff,5,13.225245724503111,30.152617420328752,1,1,0,0,1,0,1,0,1,0.0,1.0,0.0
2024-09-23,ucdp:112,Government of Sudan,856b51d3fffffff,5,12.21629482771309,28.89849230738843,1,1,0,0,1,0,9,0,9,0.0,1.0,0.0
2024-09-23,ucdp:112,Government of Sudan,856b6c03fffffff,5,16.47796030856572,32.77907194724002,1,1,0,0,1,0,0,0,0,0.0,0.0,0.0
2024-09-23,ucdp:112,Government of Sudan,856b6e37fffffff,5,15.523006487760396,32.57683706993741,3,3,0,0,3,4,6,0,10,0.0,0.6,0.0
2024-09-23,ucdp:112,Government of Sudan,856b6e97fffffff,5,16.111653402951703,32.143513396531354,1,1,0,0,1,0,6,0,6,0.0,1.0,0.0
2024-09-23,ucdp:112,Government of Sudan,856b6eaffffffff,5,15.666591746948761,32.5105778563475,3,3,0,0,3,0,2,0,87,0.0,0.022988505747126436,0.0
2024-09-30,ucdp:112,Government of Sudan,856b008ffffffff,5,14.418085663411349,22.508617506692236,1,1,0,0,1,1,0,0,1,0.0,0.0,0.0
2024-09-30,ucdp:112,Government of Sudan,856b0897fffffff,5,13.617096818226427,25.424076053061942,1,1,0,0,1,2,0,0,2,0.0,0.0,0.0
2024-09-30,ucdp:112,Government of Sudan,856b08d7fffffff,5,13.358673703577482,25.07304525293461,1,1,0,0,1,0,3,0,5,0.0,0.6,0.0
2024-09-30,ucdp:112,Government of Sudan,856b0c2ffffffff,5,13.757616890803206,25.34844956941545,1,1,0,0,1,0,0,0,10,0.0,0.0,0.0
2024-09-30,ucdp:112,Government of Sudan,856b0c8bfffffff,5,14.335794350970474,24.70641585409657,1,1,0,0,1,3,0,0,3,0.0,0.0,0.0
2024-09-30,ucdp:112,Government of Sudan,856b0cc7fffffff,5,14.201760031416846,24.61463456526655,2,2,0,0,2,0,5,0,8,0.0,0.625,0.0
2024-09-30,ucdp:112,Government of Sudan,856b0d03fffffff,5,14.000739280646407,26.03730252413982,1,1,0,0,1,0,45,0,65,0.0,0.6923076923076923,0.0
2024-09-30,ucdp:112,Government of Sudan,856b0dc3fffffff,5,14.157548064133358,25.625693667300094,2,2,0,0,2,0,31,0,31,0.0,1.0,0.0
2024-09-30,ucdp:112,Government of Sudan,856b4287fffffff,5,13.225245724503111,30.152617420328752,1,1,0,0,1,15,1,0,16,0.0,0.0625,0.0
2024-09-30,ucdp:112,Government of Sudan,856b6e37fffffff,5,15.523006487760396,32.57683706993741,1,1,0,0,1,0,8,0,8,0.0,1.0,0.0
2024-09-30,ucdp:112,Government of Sudan,856b6eaffffffff,5,15.666591746948761,32.5105778563475,3,3,0,0,3,0,2,0,5,0.0,0.4,0.0
2024-09-30,ucdp:112,Government of Sudan,856b7077fffffff,5,14.586735638130152,28.020551626896516,1,1,0,0,1,0,0,0,30,0.0,0.0,0.0
2024-09-30,ucdp:112,Government of Sudan,856b76dbfffffff,5,15.102509059792393,26.110234776485783,1,1,0,0,1,0,0,0,0,0.0,0.0,0.0
2024-10-07,ucdp:112,Government of Sudan,856b000ffffffff,5,14.002520241715795,22.57849748095755,1,1,0,0,1,0,2,0,2,0.0,1.0,0.0
2024-10-07,ucdp:112,Government of Sudan,856b0807fffffff,5,13.064257572973435,25.557929310595892,1,1,0,0,1,4,3,0,7,0.0,0.42857142857142855,0.0
2024-10-07,ucdp:112,Government of Sudan,856b0897fffffff,5,13.617096818226427,25.424076053061942,6,6,0,0,6,7,3,0,36,0.0,0.08333333333333333,0.0
2024-10-07,ucdp:112,Government of Sudan,856b48a7fffffff,5,12.821552035467402,33.96095298308895,1,1,0,0,1,0,0,0,30,0.0,0.0,0.0
2024-10-07,ucdp:112,Government of Sudan,856b51abfffffff,5,12.039791373119341,29.622342418404127,1,1,0,0,1,0,1,0,1,0.0,1.0,0.0
2024-10-07,ucdp:112,Government of Sudan,856b54abfffffff,5,13.08061790172604,27.979380563365407,1,1,0,0,1,7,0,0,7,0.0,0.0,0.0
2024-10-07,ucdp:112,Government of Sudan,856b54b3fffffff,5,13.352114932783444,28.001892723803138,1,1,0,0,1,0,3,0,3,0.0,1.0,0.0
2024-10-07,ucdp:112,Government of Sudan,856b6bd3fffffff,5,14.781916997454012,33.234068187157774,1,1,0,0,1,0,50,0,50,0.0,1.0,0.0
2024-10-07,ucdp:112,Government of Sudan,856b6e37fffffff,5,15.523006487760396,32.57683706993741,2,2,0,0,2,0,1,0,24,0.0,0.041666666666666664,0.0
2024-10-14,ucdp:112,Government of Sudan,856b0007fffffff,5,14.137133743398717,22.66778407962769,1,1,0,0,1,24,0,0,24,0.0,0.0,0.0
2024-10-14,ucdp:112,Government of Sudan,856b000ffffffff,5,14.002520241715795,22.57849748095755,1,1,0,0,1,0,3,0,3,0.0,1.0,0.0
2024-10-14,ucdp:112,Government of Sudan,856b008ffffffff,5,14.418085663411349,22.508617506692236,1,1,0,0,1,0,0,0,30,0.0,0.0,0.0
2024-10-14,ucdp:112,Government of Sudan,856b0897fffffff,5,13.617096818226427,25.424076053061942,1,1,0,0,1,0,2,0,2,0.0,1.0,0.0
2024-10-14,ucdp:112,Government of Sudan,856b4d6ffffffff,5,12.935876513793493,34.219855913363816,1,1,0,0,1,0,15,0,15,0.0,1.0,0.0
2024-10-14,ucdp:112,Government of Sudan,856b52bbfffffff,5,11.337018718490974,27.753918817936633,1,1,0,0,1,1,0,0,1,0.0,0.0,0.0
2024-10-14,ucdp:112,Government of Sudan,856b6b1bfffffff,5,14.484353147764434,33.52660543136047,1,1,0,0,1,0,31,0,31,0.0,1.0,0.0
2024-10-14,ucdp:112,Government of Sudan,856b6e37fffffff,5,15.523006487760396,32.57683706993741,1,1,0,0,1,0,0,0,4,0.0,0.0,0.0
2024-10-21,ucdp:112,Government of Sudan,856b0897fffffff,5,13.617096818226427,25.424076053061942,4,4,0,0,4,0,29,0,29,0.0,1.0,0.0
2024-10-21,ucdp:112,Government of Sudan,856b0c2ffffffff,5,13.757616890803206,25.34844956941545,1,1,0,0,1,0,0,0,3,0.0,0.0,0.0
2024-10-21,ucdp:112,Government of Sudan,856b0dc3fffffff,5,14.157548064133358,25.625693667300094,1,1,0,0,1,0,9,0,9,0.0,1.0,0.0
2024-10-21,ucdp:112,Government of Sudan,856b4d73fffffff,5,13.215416498203888,34.095436055373085,1,0,0,1,0,0,350,350,350,1.0,1.0,1.0
2024-10-21,ucdp:112,Government of Sudan,856b684ffffffff,5,15.080350142429761,32.93950335008769,3,3,0,0,3,0,0,0,133,0.0,0.0,0.0
2024-10-21,ucdp:112,Government of Sudan,856b6b9bfffffff,5,14.897835459079364,33.49788977675424,1,1,0,0,1,1,0,0,1,0.0,0.0,0.0
2024-10-21,ucdp:112,Government of Sudan,856b6e37fffffff,5,15.523006487760396,32.57683706993741,1,1,0,0,1,0,6,0,25,0.0,0.24,0.0
2024-10-28,ucdp:112,Government of Sudan,856b0897fffffff,5,13.617096818226427,25.424076053061942,1,1,0,0,1,0,2,0,2,0.0,1.0,0.0
2024-10-28,ucdp:112,Government of Sudan,856b0c2ffffffff,5,13.757616890803206,25.34844956941545,1,1,0,0,1,0,0,0,2,0.0,0.0,0.0
2024-10-28,ucdp:112,Government of Sudan,856b0d03fffffff,5,14.000739280646407,26.03730252413982,1,1,0,0,1,0,2,0,2,0.0,1.0,0.0
2024-10-28,ucdp:112,Government of Sudan,856b0dc3fffffff,5,14.157548064133358,25.625693667300094,1,1,0,0,1,0,0,0,15,0.0,0.0,0.0
2024-10-28,ucdp:112,Government of Sudan,856b2a2ffffffff,5,14.74583451233657,24.81361045110372,1,1,0,0,1,0,0,0,12,0.0,0.0,0.0
2024-10-28,ucdp:112,Government of Sudan,856b4ed3fffffff,5,12.976330754522891,31.85769874594637,1,1,0,0,1,0,1,0,9,0.0,0.1111111111111111,0.0
2024-10-28,ucdp:112,Government of Sudan,856b6e37fffffff,5,15.523006487760396,32.57683706993741,2,2,0,0,2,0,0,0,15,0.0,0.0,0.0
2024-10-28,ucdp:112,Government of Sudan,856b6eabfffffff,5,15.679675700261631,32.344269579727474,1,1,0,0,1,0,11,0,11,0.0,1.0,0.0
2024-10-28,ucdp:112,Government of Sudan,856b6eaffffffff,5,15.666591746948761,32.5105778563475,1,1,0,0,1,0,51,0,51,0.0,1.0,0.0
2024-11-04,ucdp:112,Government of Sudan,856b03b3fffffff,5,13.565050185907548,23.319647799029408,1,1,0,0,1,0,12,0,12,0.0,1.0,0.0
2024-11-04,ucdp:112,Government of Sudan,856b0897fffffff,5,13.617096818226427,25.424076053061942,3,3,0,0,3,0,17,0,17,0.0,1.0,0.0
2024-11-04,ucdp:112,Government of Sudan,856b0a0ffffffff,5,12.0101707938044,24.830215921368204,1,1,0,0,1,0,16,0,16,0.0,1.0,0.0
2024-11-04,ucdp:112,Government of Sudan,856b0a23fffffff,5,11.99628428109655,25.160932277349875,1,1,0,0,1,0,5,0,5,0.0,1.0,0.0
2024-11-04,ucdp:112,Government of Sudan,856b0c2ffffffff,5,13.757616890803206,25.34844956941545,1,1,0,0,1,0,4,0,4,0.0,1.0,0.0
2024-11-04,ucdp:112,Government of Sudan,856b0e93fffffff,5,13.673401348561217,24.081628252479913,2,2,0,0,2,0,1,0,10,0.0,0.1,0.0
2024-11-04,ucdp:112,Government of Sudan,856b6bc3fffffff,5,14.639599355537094,33.298646533523275,1,1,0,0,1,0,2,0,2,0.0,1.0,0.0
2024-11-04,ucdp:112,Government of Sudan,856b6eaffffffff,5,15.666591746948761,32.5105778563475,1,1,0,0,1,0,0,0,1,0.0,0.0,0.0
2024-11-11,ucdp:112,Government of Sudan,856b0883fffffff,5,13.484198335604699,25.3321041769971,1,1,0,0,1,0,2,0,2,0.0,1.0,0.0
2024-11-11,ucdp:112,Government of Sudan,856b0897fffffff,5,13.617096818226427,25.424076053061942,7,6,0,1,6,161,3,2,174,0.14285714285714285,0.017241379310344827,0.011494252873563218
2024-11-11,ucdp:112,Government of Sudan,856b68a3fffffff,5,15.715431120031816,33.60509094769738,1,1,0,0,1,0,0,0,1,0.0,0.0,0.0
2024-11-11,ucdp:112,Government of Sudan,856b6b6bfffffff,5,13.931167296261178,33.61876134125003,1,1,0,0,1,0,0,0,1,0.0,0.0,0.0
2024-11-11,ucdp:112,Government of Sudan,856b6b7bfffffff,5,14.072426891978031,33.555106511045736,1,1,0,0,1,0,0,0,14,0.0,0.0,0.0
2024-11-11,ucdp:112,Government of Sudan,856b6bc3fffffff,5,14.639599355537094,33.298646533523275,1,1,0,0,1,0,3,0,3,0.0,1.0,0.0
2024-11-11,ucdp:112,Government of Sudan,856b6e97fffffff,5,16.111653402951703,32.143513396531354,1,1,0,0,1,0,5,0,5,0.0,1.0,0.0
2024-11-18,ucdp:112,Government of Sudan,856b0897fffffff,5,13.617096818226427,25.424076053061942,1,1,0,0,1,0,15,0,15,0.0,1.0,0.0
2024-11-18,ucdp:112,Government of Sudan,856b0c2ffffffff,5,13.757616890803206,25.34844956941545,1,1,0,0,1,0,5,0,5,0.0,1.0,0.0
2024-11-18,ucdp:112,Government of Sudan,856b0d03fffffff,5,14.000739280646407,26.03730252413982,1,1,0,0,1,0,0,0,5,0.0,0.0,0.0
2024-11-18,ucdp:112,Government of Sudan,856b0dc3fffffff,5,14.157548064133358,25.625693667300094,2,2,0,0,2,0,0,0,12,0.0,0.0,0.0
2024-11-18,ucdp:112,Government of Sudan,856b0e93fffffff,5,13.673401348561217,24.081628252479913,1,1,0,0,1,0,3,0,6,0.0,0.5,0.0
2024-11-18,ucdp:112,Government of Sudan,856b5e53fffffff,5,10.847385940416137,29.425667419853948,1,1,0,0,1,0,2,0,2,0.0,1.0,0.0
2024-11-18,ucdp:112,Government of Sudan,856b684ffffffff,5,15.080350142429761,32.93950335008769,1,1,0,0,1,0,0,0,1,0.0,0.0,0.0
2024-11-25,ucdp:112,Government of Sudan,856b0883fffffff,5,13.484198335604699,25.3321041769971,1,1,0,0,1,0,9,0,9,0.0,1.0,0.0
2024-11-25,ucdp:112,Government of Sudan,856b0dc3fffffff,5,14.157548064133358,25.625693667300094,1,1,0,0,1,0,0,0,7,0.0,0.0,0.0
2024-11-25,ucdp:112,Government of Sudan,856b0e93fffffff,5,13.673401348561217,24.081628252479913,3,3,0,0,3,0,2,0,11,0.0,0.18181818181818182,0.0
2024-11-25,ucdp:112,Government of Sudan,856b6bd3fffffff,5,14.781916997454012,33.234068187157774,1,1,0,0,1,2,2,0,4,0.0,0.5,0.0
2024-12-02,ucdp:112,Government of Sudan,856a2ccffffffff,5,10.140942323917526,27.738565870114794,1,1,0,0,1,0,5,0,5,0.0,1.0,0.0
2024-12-02,ucdp:112,Government of Sudan,856b0883fffffff,5,13.484198335604699,25.3321041769971,1,1,0,0,1,0,0,0,8,0.0,0.0,0.0
2024-12-02,ucdp:112,Government of Sudan,856b0897fffffff,5,13.617096818226427,25.424076053061942,1,1,0,0,1,0,15,0,15,0.0,1.0,0.0
2024-12-02,ucdp:112,Government of Sudan,856b0c2ffffffff,5,13.757616890803206,25.34844956941545,1,1,0,0,1,0,0,0,1,0.0,0.0,0.0
2024-12-02,ucdp:112,Government of Sudan,856b0d03fffffff,5,14.000739280646407,26.03730252413982,1,1,0,0,1,0,9,0,9,0.0,1.0,0.0
2024-12-02,ucdp:112,Government of Sudan,856b0d9bfffffff,5,14.42468617252928,25.811547836688913,1,0,0,1,0,0,1,1,1,1.0,1.0,1.0
2024-12-02,ucdp:112,Government of Sudan,856b0dc3fffffff,5,14.157548064133358,25.625693667300094,1,1,0,0,1,0,7,0,7,0.0,1.0,0.0
2024-12-02,ucdp:112,Government of Sudan,856b0e93fffffff,5,13.673401348561217,24.081628252479913,1,1,0,0,1,0,0,0,1,0.0,0.0,0.0
2024-12-02,ucdp:112,Government of Sudan,856b28b3fffffff,5,16.398735142261142,25.25009764548636,1,0,0,1,0,0,1,1,1,1.0,1.0,1.0
2024-12-02,ucdp:112,Government of Sudan,856b6a33fffffff,5,14.536297645561135,32.87122396847487,1,0,0,1,0,0,3,3,3,1.0,1.0,1.0
2024-12-02,ucdp:112,Government of Sudan,856b6e37fffffff,5,15.523006487760396,32.57683706993741,1,1,0,0,1,0,28,0,28,0.0,1.0,0.0
2024-12-02,ucdp:112,Government of Sudan,856b6e97fffffff,5,16.111653402951703,32.143513396531354,1,1,0,0,1,0,2,0,2,0.0,1.0,0.0
2024-12-02,ucdp:112,Government of Sudan,856b6eaffffffff,5,15.666591746948761,32.5105778563475,2,2,0,0,2,0,8,0,8,0.0,1.0,0.0
2024-12-02,ucdp:112,Government of Sudan,856b76dbfffffff,5,15.102509059792393,26.110234776485783,1,0,0,1,0,0,2,2,2,1.0,1.0,1.0
2024-12-09,ucdp:112,Government of Sudan,856b0883fffffff,5,13.484198335604699,25.3321041769971,1,1,0,0,1,0,0,0,8,0.0,0.0,0.0
2024-12-09,ucdp:112,Government of Sudan,856b0897fffffff,5,13.617096818226427,25.424076053061942,6,6,0,0,6,0,105,0,120,0.0,0.875,0.0
2024-12-09,ucdp:112,Government of Sudan,856b0a0ffffffff,5,12.0101707938044,24.830215921368204,2,2,0,0,2,0,7,0,7,0.0,1.0,0.0
2024-12-09,ucdp:112,Government of Sudan,856b0e93fffffff,5,13.673401348561217,24.081628252479913,1,1,0,0,1,0,0,0,101,0.0,0.0,0.0
2024-12-09,ucdp:112,Government of Sudan,856b4517fffffff,5,14.777705523071544,31.4845988139711,1,1,0,0,1,0,15,0,15,0.0,1.0,0.0
2024-12-09,ucdp:112,Government of Sudan,856b6b1bfffffff,5,14.484353147764434,33.52660543136047,1,1,0,0,1,0,9,0,9,0.0,1.0,0.0
2024-12-09,ucdp:112,Government of Sudan,856b6bcbfffffff,5,14.510526404273525,33.199284904221805,1,1,0,0,1,0,3,0,3,0.0,1.0,0.0
2024-12-09,ucdp:112,Government of Sudan,856b6e97fffffff,5,16.111653402951703,32.143513396531354,1,1,0,0,1,0,0,0,65,0.0,0.0,0.0
2024-12-16,ucdp:112,Government of Sudan,853eca97fffffff,5,19.26827369495008,29.472831070752537,1,1,0,0,1,5,0,0,5,0.0,0.0,0.0
2024-12-16,ucdp:112,Government of Sudan,856a61dbfffffff,5,9.889587219986621,34.20258459740573,1,1,0,0,1,0,3,0,3,0.0,1.0,0.0
2024-12-16,ucdp:112,Government of Sudan,856b0897fffffff,5,13.617096818226427,25.424076053061942,4,4,0,0,4,0,25,0,35,0.0,0.7142857142857143,0.0
2024-12-16,ucdp:112,Government of Sudan,856b0a0ffffffff,5,12.0101707938044,24.830215921368204,2,2,0,0,2,0,5,0,6,0.0,0.8333333333333334,0.0
2024-12-16,ucdp:112,Government of Sudan,856b0cc7fffffff,5,14.201760031416846,24.61463456526655,1,1,0,0,1,0,0,0,87,0.0,0.0,0.0
2024-12-16,ucdp:112,Government of Sudan,856b28b3fffffff,5,16.398735142261142,25.25009764548636,1,1,0,0,1,1,0,0,1,0.0,0.0,0.0
2024-12-16,ucdp:112,Government of Sudan,856b2a37fffffff,5,15.022363407245473,24.82888898186477,2,1,0,1,1,2,39,39,41,0.5,0.9512195121951219,0.9512195121951219
2024-12-16,ucdp:112,Government of Sudan,856b43a7fffffff,5,12.987613726092313,31.694720542113796,1,1,0,0,1,1,0,0,1,0.0,0.0,0.0
2024-12-16,ucdp:112,Government of Sudan,856b6eaffffffff,5,15.666591746948761,32.5105778563475,1,1,0,0,1,17,0,0,17,0.0,0.0,0.0
2024-12-23,ucdp:112,Government of Sudan,856b0173fffffff,5,13.82654865176715,23.66776162445098,1,1,0,0,1,0,0,0,7,0.0,0.0,0.0
2024-12-23,ucdp:112,Government of Sudan,856b0897fffffff,5,13.617096818226427,25.424076053061942,3,3,0,0,3,0,21,0,25,0.0,0.84,0.0
2024-12-23,ucdp:112,Government of Sudan,856b0a0ffffffff,5,12.0101707938044,24.830215921368204,2,2,0,0,2,1,4,0,8,0.0,0.5,0.0
2024-12-23,ucdp:112,Government of Sudan,856b0c2ffffffff,5,13.757616890803206,25.34844956941545,1,1,0,0,1,0,6,0,8,0.0,0.75,0.0
2024-12-23,ucdp:112,Government of Sudan,856b0cc7fffffff,5,14.201760031416846,24.61463456526655,2,2,0,0,2,0,4,0,21,0.0,0.19047619047619047,0.0
2024-12-23,ucdp:112,Government of Sudan,856b0cd3fffffff,5,14.349763633361787,24.368644657856713,1,0,0,1,0,0,2,2,2,1.0,1.0,1.0
2024-12-23,ucdp:112,Government of Sudan,856b4b53fffffff,5,11.52095054197654,33.46556353562259,1,1,0,0,1,0,0,0,0,0.0,0.0,0.0
2024-12-23,ucdp:112,Government of Sudan,856b6dc7fffffff,5,16.537835160936922,33.71380175759378,1,1,0,0,1,10,0,0,10,0.0,0.0,0.0
2024-12-23,ucdp:112,Government of Sudan,856b6e37fffffff,5,15.523006487760396,32.57683706993741,1,1,0,0,1,0,7,0,7,0.0,1.0,0.0
2024-12-30,ucdp:112,Government of Sudan,856b0883fffffff,5,13.484198335604699,25.3321041769971,2,2,0,0,2,0,4,0,6,0.0,0.6666666666666666,0.0
2024-12-30,ucdp:112,Government of Sudan,856b088bfffffff,5,13.351412988099886,25.240335793837772,1,1,0,0,1,0,0,0,100,0.0,0.0,0.0
2024-12-30,ucdp:112,Government of Sudan,856b0897fffffff,5,13.617096818226427,25.424076053061942,2,2,0,0,2,2,1,0,3,0.0,0.3333333333333333,0.0
2024-12-30,ucdp:112,Government of Sudan,856b0a0ffffffff,5,12.0101707938044,24.830215921368204,1,1,0,0,1,0,6,0,6,0.0,1.0,0.0
2024-12-30,ucdp:112,Government of Sudan,856b0c2ffffffff,5,13.757616890803206,25.34844956941545,4,4,0,0,4,0,6,0,66,0.0,0.09090909090909091,0.0
2024-12-30,ucdp:112,Government of Sudan,856b0cc7fffffff,5,14.201760031416846,24.61463456526655,1,1,0,0,1,0,4,0,8,0.0,0.5,0.0
2024-12-30,ucdp:112,Government of Sudan,856b6bd3fffffff,5,14.781916997454012,33.234068187157774,1,0,0,1,0,0,2,2,2,1.0,1.0,1.0
2024-12-30,ucdp:112,Government of Sudan,856b6e37fffffff,5,15.523006487760396,32.57683706993741,2,1,0,1,1,0,15,5,15,0.5,1.0,0.3333333333333333
2024-12-30,ucdp:112,Government of Sudan,856b6eaffffffff,5,15.666591746948761,32.5105778563475,2,2,0,0,2,21,0,0,25,0.0,0.0,0.0
2025-01-06,ucdp:112,Government of Sudan,856b0883fffffff,5,13.484198335604699,25.3321041769971,1,1,0,0,1,0,17,0,17,0.0,1.0,0.0
2025-01-06,ucdp:112,Government of Sudan,856b0897fffffff,5,13.617096818226427,25.424076053061942,4,4,0,0,4,0,25,0,31,0.0,0.8064516129032258,0.0
2025-01-06,ucdp:112,Government of Sudan,856b0a0ffffffff,5,12.0101707938044,24.830215921368204,1,1,0,0,1,0,9,0,9,0.0,1.0,0.0
2025-01-06,ucdp:112,Government of Sudan,856b0c2ffffffff,5,13.757616890803206,25.34844956941545,1,1,0,0,1,0,0,0,8,0.0,0.0,0.0
2025-01-06,ucdp:112,Government of Sudan,856b0d03fffffff,5,14.000739280646407,26.03730252413982,1,1,0,0,1,0,1,0,1,0.0,1.0,0.0
2025-01-06,ucdp:112,Government of Sudan,856b4d67fffffff,5,13.06275472354985,34.31840295632013,1,0,0,1,0,0,45,45,45,1.0,1.0,1.0
2025-01-06,ucdp:112,Government of Sudan,856b6b03fffffff,5,14.471117386034031,33.689982159462915,2,0,0,2,0,0,42,42,42,1.0,1.0,1.0
2025-01-06,ucdp:112,Government of Sudan,856b6b1bfffffff,5,14.484353147764434,33.52660543136047,3,1,0,2,1,0,57,57,308,0.6666666666666666,0.18506493506493507,0.18506493506493507
2025-01-06,ucdp:112,Government of Sudan,856b6b53fffffff,5,14.368587889587243,33.2637641534057,1,0,0,1,0,0,13,13,13,1.0,1.0,1.0
2025-01-06,ucdp:112,Government of Sudan,856b6bd3fffffff,5,14.781916997454012,33.234068187157774,1,0,0,1,0,0,3,3,3,1.0,1.0,1.0
2025-01-06,ucdp:112,Government of Sudan,856b6e37fffffff,5,15.523006487760396,32.57683706993741,2,2,0,0,2,0,11,0,15,0.0,0.7333333333333333,0.0
2025-01-06,ucdp:112,Government of Sudan,856b6eaffffffff,5,15.666591746948761,32.5105778563475,1,1,0,0,1,0,0,0,1,0.0,0.0,0.0
2025-01-06,ucdp:112,Government of Sudan,856b724bfffffff,5,13.553751358777026,26.762798849591622,1,1,0,0,1,0,0,0,2,0.0,0.0,0.0
2025-01-13,ucdp:112,Government of Sudan,856b0897fffffff,5,13.617096818226427,25.424076053061942,6,6,0,0,6,88,7,0,120,0.0,0.058333333333333334,0.0
2025-01-13,ucdp:112,Government of Sudan,856b0a0ffffffff,5,12.0101707938044,24.830215921368204,1,1,0,0,1,0,4,0,4,0.0,1.0,0.0
2025-01-13,ucdp:112,Government of Sudan,856b0dc3fffffff,5,14.157548064133358,25.625693667300094,1,1,0,0,1,0,25,0,25,0.0,1.0,0.0
2025-01-13,ucdp:112,Government of Sudan,856b2837fffffff,5,15.968086034801278,25.482079364743772,1,1,0,0,1,200,0,0,200,0.0,0.0,0.0
2025-01-13,ucdp:112,Government of Sudan,856b6a87fffffff,5,14.963565641674332,32.67503422333285,1,0,0,1,0,0,9,9,9,1.0,1.0,1.0
2025-01-13,ucdp:112,Government of Sudan,856b6b1bfffffff,5,14.484353147764434,33.52660543136047,4,2,0,2,2,0,65,65,67,0.5,0.9701492537313433,0.9701492537313433
2025-01-13,ucdp:112,Government of Sudan,856b6e37fffffff,5,15.523006487760396,32.57683706993741,1,1,0,0,1,0,0,0,8,0.0,0.0,0.0
2025-01-13,ucdp:112,Government of Sudan,856b6eaffffffff,5,15.666591746948761,32.5105778563475,1,1,0,0,1,0,120,0,120,0.0,1.0,0.0
2025-01-13,ucdp:112,Government of Sudan,856b724ffffffff,5,13.545345875209348,26.929805309590613,1,1,0,0,1,0,0,0,19,0.0,0.0,0.0
2025-01-20,ucdp:112,Government of Sudan,856b0897fffffff,5,13.617096818226427,25.424076053061942,3,3,0,0,3,0,31,0,81,0.0,0.38271604938271603,0.0
2025-01-20,ucdp:112,Government of Sudan,856b0c2ffffffff,5,13.757616890803206,25.34844956941545,3,3,0,0,3,0,23,0,34,0.0,0.6764705882352942,0.0
2025-01-20,ucdp:112,Government of Sudan,856b687bfffffff,5,15.067168834298581,33.104350983654285,1,1,0,0,1,0,3,0,3,0.0,1.0,0.0
2025-01-20,ucdp:112,Government of Sudan,856b6bd3fffffff,5,14.781916997454012,33.234068187157774,1,1,0,0,1,0,3,0,3,0.0,1.0,0.0
2025-01-20,ucdp:112,Government of Sudan,856b6eaffffffff,5,15.666591746948761,32.5105778563475,1,0,0,1,0,0,18,18,18,1.0,1.0,1.0
2025-01-20,ucdp:112,Government of Sudan,856b724ffffffff,5,13.545345875209348,26.929805309590613,1,1,0,0,1,0,0,0,80,0.0,0.0,0.0
2025-01-27,ucdp:112,Government of Sudan,856b0007fffffff,5,14.137133743398717,22.66778407962769,1,0,0,1,0,0,2,2,2,1.0,1.0,1.0
2025-01-27,ucdp:112,Government of Sudan,856b084bfffffff,5,12.682291556655446,24.95092036788911,1,1,0,0,1,0,3,0,6,0.0,0.5,0.0
2025-01-27,ucdp:112,Government of Sudan,856b0897fffffff,5,13.617096818226427,25.424076053061942,5,5,0,0,5,140,55,0,271,0.0,0.2029520295202952,0.0
2025-01-27,ucdp:112,Government of Sudan,856b0a0ffffffff,5,12.0101707938044,24.830215921368204,2,2,0,0,2,0,0,0,17,0.0,0.0,0.0
2025-01-27,ucdp:112,Government of Sudan,856b0c2ffffffff,5,13.757616890803206,25.34844956941545,3,3,0,0,3,0,11,0,28,0.0,0.39285714285714285,0.0
2025-01-27,ucdp:112,Government of Sudan,856b0cc7fffffff,5,14.201760031416846,24.61463456526655,1,1,0,0,1,0,13,0,13,0.0,1.0,0.0
2025-01-27,ucdp:112,Government of Sudan,856b0d03fffffff,5,14.000739280646407,26.03730252413982,1,1,0,0,1,0,0,0,3,0.0,0.0,0.0
2025-01-27,ucdp:112,Government of Sudan,856b4287fffffff,5,13.225245724503111,30.152617420328752,1,1,0,0,1,0,7,0,7,0.0,1.0,0.0
2025-01-27,ucdp:112,Government of Sudan,856b4317fffffff,5,12.880972286537473,31.271603111564453,1,0,0,1,0,0,1,1,1,1.0,1.0,1.0
2025-01-27,ucdp:112,Government of Sudan,856b6e37fffffff,5,15.523006487760396,32.57683706993741,1,1,0,0,1,0,2,0,2,0.0,1.0,0.0
2025-01-27,ucdp:112,Government of Sudan,856b6e97fffffff,5,16.111653402951703,32.143513396531354,1,1,0,0,1,0,0,0,61,0.0,0.0,0.0
2025-01-27,ucdp:112,Government of Sudan,856b6eaffffffff,5,15.666591746948761,32.5105778563475,2,1,0,1,1,1,1,1,3,0.5,0.3333333333333333,0.3333333333333333
2025-02-03,ucdp:112,Government of Sudan,856b032ffffffff,5,12.874105981248873,23.541366730640174,1,1,0,0,1,0,3,0,3,0.0,1.0,0.0
2025-02-03,ucdp:112,Government of Sudan,856b0883fffffff,5,13.484198335604699,25.3321041769971,1,1,0,0,1,0,30,0,39,0.0,0.7692307692307693,0.0
2025-02-03,ucdp:112,Government of Sudan,856b0893fffffff,5,13.624522926904898,25.25644398413446,1,1,0,0,1,0,0,0,6,0.0,0.0,0.0
2025-02-03,ucdp:112,Government of Sudan,856b0a0ffffffff,5,12.0101707938044,24.830215921368204,2,2,0,0,2,0,0,0,62,0.0,0.0,0.0
2025-02-03,ucdp:112,Government of Sudan,856b4287fffffff,5,13.225245724503111,30.152617420328752,1,1,0,0,1,0,3,0,3,0.0,1.0,0.0
2025-02-03,ucdp:112,Government of Sudan,856b5e1bfffffff,5,10.965939755270602,29.681033888773296,1,1,0,0,1,0,0,0,80,0.0,0.0,0.0
2025-02-03,ucdp:112,Government of Sudan,856b687bfffffff,5,15.067168834298581,33.104350983654285,1,1,0,0,1,1,0,0,1,0.0,0.0,0.0
2025-02-03,ucdp:112,Government of Sudan,856b6b53fffffff,5,14.368587889587243,33.2637641534057,1,0,0,1,0,0,2,2,2,1.0,1.0,1.0
2025-02-03,ucdp:112,Government of Sudan,856b6eaffffffff,5,15.666591746948761,32.5105778563475,1,1,0,0,1,0,1,0,6,0.0,0.16666666666666666,0.0
2025-02-10,ucdp:112,Government of Sudan,856b0883fffffff,5,13.484198335604699,25.3321041769971,2,2,0,0,2,0,8,0,31,0.0,0.25806451612903225,0.0
2025-02-10,ucdp:112,Government of Sudan,856b0897fffffff,5,13.617096818226427,25.424076053061942,1,1,0,0,1,0,0,0,5,0.0,0.0,0.0
2025-02-10,ucdp:112,Government of Sudan,856b0dc3fffffff,5,14.157548064133358,25.625693667300094,1,1,0,0,1,0,0,0,5,0.0,0.0,0.0
2025-02-17,ucdp:112,Government of Sudan,856b082bfffffff,5,12.78517862931551,25.707521290167957,1,1,0,0,1,0,0,0,1,0.0,0.0,0.0
2025-02-17,ucdp:112,Government of Sudan,856b0883fffffff,5,13.484198335604699,25.3321041769971,1,1,0,0,1,0,0,0,1,0.0,0.0,0.0
2025-02-17,ucdp:112,Government of Sudan,856b0897fffffff,5,13.617096818226427,25.424076053061942,2,2,0,0,2,70,0,0,70,0.0,0.0,0.0
2025-02-17,ucdp:112,Government of Sudan,856b0b93fffffff,5,12.645909742661816,25.78203127655221,2,2,0,0,2,0,18,0,18,0.0,1.0,0.0
2025-02-17,ucdp:112,Government of Sudan,856b0d03fffffff,5,14.000739280646407,26.03730252413982,3,3,0,0,3,0,9,0,9,0.0,1.0,0.0
2025-02-17,ucdp:112,Government of Sudan,856b4247fffffff,5,12.566479137498533,29.838570501682415,1,1,0,0,1,0,6,0,6,0.0,1.0,0.0
2025-02-17,ucdp:112,Government of Sudan,856b4287fffffff,5,13.225245724503111,30.152617420328752,1,1,0,0,1,0,0,0,3,0.0,0.0,0.0
2025-02-17,ucdp:112,Government of Sudan,856b43cbfffffff,5,12.784145919110161,30.68495769510305,2,0,0,2,0,0,6,6,6,1.0,1.0,1.0
2025-02-17,ucdp:112,Government of Sudan,856b52bbfffffff,5,11.337018718490974,27.753918817936633,1,1,0,0,1,1,0,0,1,0.0,0.0,0.0
2025-02-17,ucdp:112,Government of Sudan,856b6e37fffffff,5,15.523006487760396,32.57683706993741,1,1,0,0,1,17,0,0,17,0.0,0.0,0.0
2025-02-17,ucdp:112,Government of Sudan,856b6eaffffffff,5,15.666591746948761,32.5105778563475,1,1,0,0,1,0,8,0,8,0.0,1.0,0.0
2025-02-24,ucdp:112,Government of Sudan,856b0897fffffff,5,13.617096818226427,25.424076053061942,2,2,0,0,2,34,0,0,34,0.0,0.0,0.0
2025-02-24,ucdp:112,Government of Sudan,856b0a0ffffffff,5,12.0101707938044,24.830215921368204,1,1,0,0,1,7,0,0,7,0.0,0.0,0.0
2025-02-24,ucdp:112,Government of Sudan,856b0c2ffffffff,5,13.757616890803206,25.34844956941545,1,1,0,0,1,0,0,0,6,0.0,0.0,0.0
2025-02-24,ucdp:112,Government of Sudan,856b40cffffffff,5,13.756528642419191,30.3731773839385,1,1,0,0,1,12,0,0,12,0.0,0.0,0.0
2025-02-24,ucdp:112,Government of Sudan,856b463bfffffff,5,13.65769449353888,29.78059274433886,1,1,0,0,1,0,7,0,7,0.0,1.0,0.0
2025-02-24,ucdp:112,Government of Sudan,856b6eaffffffff,5,15.666591746948761,32.5105778563475,1,1,0,0,1,10,0,0,10,0.0,0.0,0.0
2025-02-24,ucdp:112,Government of Sudan,856b73d3fffffff,5,14.179916519541083,27.902684953731235,1,1,0,0,1,0,70,0,70,0.0,1.0,0.0
2025-03-03,ucdp:112,Government of Sudan,856b0c2ffffffff,5,13.757616890803206,25.34844956941545,2,2,0,0,2,0,0,0,7,0.0,0.0,0.0
2025-03-03,ucdp:112,Government of Sudan,856b40cffffffff,5,13.756528642419191,30.3731773839385,1,1,0,0,1,4,0,0,4,0.0,0.0,0.0
2025-03-03,ucdp:112,Government of Sudan,856b4287fffffff,5,13.225245724503111,30.152617420328752,2,2,0,0,2,0,0,0,20,0.0,0.0,0.0
2025-03-03,ucdp:112,Government of Sudan,856b428bfffffff,5,13.105558348942102,29.89206293818998,1,1,0,0,1,0,62,0,62,0.0,1.0,0.0
2025-03-03,ucdp:112,Government of Sudan,856b6eaffffffff,5,15.666591746948761,32.5105778563475,1,1,0,0,1,0,1,0,1,0.0,1.0,0.0
2025-03-03,ucdp:112,Government of Sudan,856b76dbfffffff,5,15.102509059792393,26.110234776485783,2,2,0,0,2,2,0,0,15,0.0,0.0,0.0
2025-03-10,ucdp:112,Government of Sudan,856b0897fffffff,5,13.617096818226427,25.424076053061942,4,4,0,0,4,8,4,0,22,0.0,0.18181818181818182,0.0
2025-03-10,ucdp:112,Government of Sudan,856b4287fffffff,5,13.225245724503111,30.152617420328752,3,3,0,0,3,0,4,0,9,0.0,0.4444444444444444,0.0
2025-03-10,ucdp:112,Government of Sudan,856b6e97fffffff,5,16.111653402951703,32.143513396531354,2,2,0,0,2,0,10,0,11,0.0,0.9090909090909091,0.0
2025-03-10,ucdp:112,Government of Sudan,856b7077fffffff,5,14.586735638130152,28.020551626896516,1,1,0,0,1,0,2,0,2,0.0,1.0,0.0
2025-03-17,ucdp:112,Government of Sudan,856b0897fffffff,5,13.617096818226427,25.424076053061942,1,1,0,0,1,0,8,0,8,0.0,1.0,0.0
2025-03-17,ucdp:112,Government of Sudan,856b0c2ffffffff,5,13.757616890803206,25.34844956941545,1,1,0,0,1,0,0,0,5,0.0,0.0,0.0
2025-03-17,ucdp:112,Government of Sudan,856b4287fffffff,5,13.225245724503111,30.152617420328752,1,1,0,0,1,0,4,0,4,0.0,1.0,0.0
2025-03-17,ucdp:112,Government of Sudan,856b6e37fffffff,5,15.523006487760396,32.57683706993741,2,2,0,0,2,0,9,0,15,0.0,0.6,0.0
2025-03-17,ucdp:112,Government of Sudan,856b6e97fffffff,5,16.111653402951703,32.143513396531354,2,2,0,0,2,0,11,0,11,0.0,1.0,0.0
2025-03-17,ucdp:112,Government of Sudan,856b6eaffffffff,5,15.666591746948761,32.5105778563475,1,1,0,0,1,0,5,0,10,0.0,0.5,0.0
2025-03-24,ucdp:112,Government of Sudan,856b0897fffffff,5,13.617096818226427,25.424076053061942,3,3,0,0,3,7,359,0,366,0.0,0.9808743169398907,0.0
2025-03-24,ucdp:112,Government of Sudan,856b09b3fffffff,5,13.41324860345307,26.836375890569293,1,1,0,0,1,0,4,0,4,0.0,1.0,0.0
2025-03-24,ucdp:112,Government of Sudan,856b0c2ffffffff,5,13.757616890803206,25.34844956941545,1,1,0,0,1,0,1,0,1,0.0,1.0,0.0
2025-03-24,ucdp:112,Government of Sudan,856b4287fffffff,5,13.225245724503111,30.152617420328752,1,1,0,0,1,0,1,0,1,0.0,1.0,0.0
2025-03-24,ucdp:112,Government of Sudan,856b6e2ffffffff,5,15.249419818998454,32.54329883583084,1,1,0,0,1,0,0,0,6,0.0,0.0,0.0
2025-03-24,ucdp:112,Government of Sudan,856b6e37fffffff,5,15.523006487760396,32.57683706993741,2,0,0,2,0,0,21,21,21,1.0,1.0,1.0
2025-03-24,ucdp:112,Government of Sudan,856b6eaffffffff,5,15.666591746948761,32.5105778563475,1,0,0,1,0,0,1,1,1,1.0,1.0,1.0
2025-03-31,ucdp:112,Government of Sudan,856b0897fffffff,5,13.617096818226427,25.424076053061942,2,2,0,0,2,21,0,0,21,0.0,0.0,0.0
2025-03-31,ucdp:112,Government of Sudan,856b0a0ffffffff,5,12.0101707938044,24.830215921368204,1,1,0,0,1,1,0,0,2,0.0,0.0,0.0
2025-03-31,ucdp:112,Government of Sudan,856b0c2ffffffff,5,13.757616890803206,25.34844956941545,1,1,0,0,1,0,0,0,7,0.0,0.0,0.0
2025-03-31,ucdp:112,Government of Sudan,856b4287fffffff,5,13.225245724503111,30.152617420328752,1,1,0,0,1,0,5,0,5,0.0,1.0,0.0
2025-03-31,ucdp:112,Government of Sudan,856b4d53fffffff,5,13.381015482796718,33.70996934636946,1,1,0,0,1,0,0,0,38,0.0,0.0,0.0
2025-03-31,ucdp:112,Government of Sudan,856b5ca3fffffff,5,12.098643219434368,30.85775787181509,2,2,0,0,2,3,0,0,3,0.0,0.0,0.0
2025-03-31,ucdp:112,Government of Sudan,856b659bfffffff,5,18.02838683939146,30.911157047180804,2,2,0,0,2,0,6,0,10,0.0,0.6,0.0
2025-03-31,ucdp:112,Government of Sudan,856b6eabfffffff,5,15.679675700261631,32.344269579727474,2,2,0,0,2,0,151,0,151,0.0,1.0,0.0
2025-04-07,ucdp:112,Government of Sudan,856b0883fffffff,5,13.484198335604699,25.3321041769971,6,6,0,0,6,2,0,0,1579,0.0,0.0,0.0
2025-04-07,ucdp:112,Government of Sudan,856b0893fffffff,5,13.624522926904898,25.25644398413446,2,2,0,0,2,0,6,0,6,0.0,1.0,0.0
2025-04-07,ucdp:112,Government of Sudan,856b0897fffffff,5,13.617096818226427,25.424076053061942,1,1,0,0,1,0,2,0,2,0.0,1.0,0.0
2025-04-07,ucdp:112,Government of Sudan,856b09b3fffffff,5,13.41324860345307,26.836375890569293,1,1,0,0,1,3,0,0,3,0.0,0.0,0.0
2025-04-07,ucdp:112,Government of Sudan,856b0c2ffffffff,5,13.757616890803206,25.34844956941545,2,2,0,0,2,0,2,0,38,0.0,0.05263157894736842,0.0
2025-04-07,ucdp:112,Government of Sudan,856b4287fffffff,5,13.225245724503111,30.152617420328752,3,1,0,2,1,0,43,36,43,0.6666666666666666,1.0,0.8372093023255814
2025-04-07,ucdp:112,Government of Sudan,856b52bbfffffff,5,11.337018718490974,27.753918817936633,1,1,0,0,1,5,0,0,5,0.0,0.0,0.0
2025-04-07,ucdp:112,Government of Sudan,856b659bfffffff,5,18.02838683939146,30.911157047180804,1,1,0,0,1,0,6,0,6,0.0,1.0,0.0
2025-04-07,ucdp:112,Government of Sudan,856b6e37fffffff,5,15.523006487760396,32.57683706993741,2,1,0,1,1,0,62,62,64,0.5,0.96875,0.96875
2025-04-14,ucdp:112,Government of Sudan,856b0897fffffff,5,13.617096818226427,25.424076053061942,5,5,0,0,5,0,103,0,138,0.0,0.7463768115942029,0.0
2025-04-14,ucdp:112,Government of Sudan,856b09abfffffff,5,13.141127402387099,26.816573499644893,1,1,0,0,1,0,7,0,7,0.0,1.0,0.0
2025-04-14,ucdp:112,Government of Sudan,856b0c2ffffffff,5,13.757616890803206,25.34844956941545,2,2,0,0,2,0,17,0,17,0.0,1.0,0.0
2025-04-14,ucdp:112,Government of Sudan,856b40cffffffff,5,13.756528642419191,30.3731773839385,1,1,0,0,1,50,0,0,50,0.0,0.0,0.0
2025-04-14,ucdp:112,Government of Sudan,856b4247fffffff,5,12.566479137498533,29.838570501682415,1,1,0,0,1,0,0,0,2,0.0,0.0,0.0
2025-04-14,ucdp:112,Government of Sudan,856b687bfffffff,5,15.067168834298581,33.104350983654285,1,0,0,1,0,0,1,1,1,1.0,1.0,1.0
2025-04-14,ucdp:112,Government of Sudan,856b6ebbfffffff,5,15.823479645408375,32.27754359818576,1,1,0,0,1,5,0,0,5,0.0,0.0,0.0
2025-04-21,ucdp:112,Government of Sudan,855393a7fffffff,5,17.625994771553472,34.02881997996949,1,1,0,0,1,0,8,0,11,0.0,0.7272727272727273,0.0
2025-04-21,ucdp:112,Government of Sudan,856b0897fffffff,5,13.617096818226427,25.424076053061942,5,5,0,0,5,70,75,0,152,0.0,0.4934210526315789,0.0
2025-04-21,ucdp:112,Government of Sudan,856b0c2ffffffff,5,13.757616890803206,25.34844956941545,1,1,0,0,1,0,0,0,14,0.0,0.0,0.0
2025-04-21,ucdp:112,Government of Sudan,856b52bbfffffff,5,11.337018718490974,27.753918817936633,1,1,0,0,1,0,1,0,1,0.0,1.0,0.0
2025-04-21,ucdp:112,Government of Sudan,856b6ea3fffffff,5,15.81036943723314,32.44412721021031,1,1,0,0,1,2,0,0,2,0.0,0.0,0.0
2025-04-21,ucdp:112,Government of Sudan,856b6eaffffffff,5,15.666591746948761,32.5105778563475,1,1,0,0,1,0,0,0,31,0.0,0.0,0.0
2025-04-21,ucdp:112,Government of Sudan,856b7077fffffff,5,14.586735638130152,28.020551626896516,1,1,0,0,1,2,0,0,2,0.0,0.0,0.0
2025-04-28,ucdp:112,Government of Sudan,856b0897fffffff,5,13.617096818226427,25.424076053061942,6,6,0,0,6,19,13,0,143,0.0,0.09090909090909091,0.0
2025-04-28,ucdp:112,Government of Sudan,856b0a3bfffffff,5,12.003275215866061,24.995598861904284,1,1,0,0,1,200,0,0,200,0.0,0.0,0.0
2025-04-28,ucdp:112,Government of Sudan,856b0c2ffffffff,5,13.757616890803206,25.34844956941545,1,1,0,0,1,0,0,0,5,0.0,0.0,0.0
2025-04-28,ucdp:112,Government of Sudan,856b4c4ffffffff,5,13.18662025068854,32.703264847585366,1,1,0,0,1,0,0,0,0,0.0,0.0,0.0
2025-04-28,ucdp:112,Government of Sudan,856b555bfffffff,5,12.652205894555758,28.358529475015647,4,4,0,0,4,2,6,0,271,0.0,0.02214022140221402,0.0
2025-05-05,ucdp:112,Government of Sudan,856b0897fffffff,5,13.617096818226427,25.424076053061942,1,1,0,0,1,0,3,0,3,0.0,1.0,0.0
2025-05-05,ucdp:112,Government of Sudan,856b0c2ffffffff,5,13.757616890803206,25.34844956941545,4,4,0,0,4,0,10,0,48,0.0,0.20833333333333334,0.0
2025-05-05,ucdp:112,Government of Sudan,856b4287fffffff,5,13.225245724503111,30.152617420328752,1,1,0,0,1,0,0,0,21,0.0,0.0,0.0
2025-05-05,ucdp:112,Government of Sudan,856b6eaffffffff,5,15.666591746948761,32.5105778563475,1,1,0,0,1,0,3,0,3,0.0,1.0,0.0
2025-05-12,ucdp:112,Government of Sudan,856b0897fffffff,5,13.617096818226427,25.424076053061942,3,3,0,0,3,2,20,0,22,0.0,0.9090909090909091,0.0
2025-05-12,ucdp:112,Government of Sudan,856b0c2ffffffff,5,13.757616890803206,25.34844956941545,1,1,0,0,1,0,14,0,14,0.0,1.0,0.0
2025-05-12,ucdp:112,Government of Sudan,856b426bfffffff,5,12.28809125734853,29.97548104344701,2,0,0,2,0,0,26,26,26,1.0,1.0,1.0
2025-05-12,ucdp:112,Government of Sudan,856b4287fffffff,5,13.225245724503111,30.152617420328752,2,2,0,0,2,0,4,0,8,0.0,0.5,0.0
2025-05-12,ucdp:112,Government of Sudan,856b52bbfffffff,5,11.337018718490974,27.753918817936633,2,2,0,0,2,2,0,0,2,0.0,0.0,0.0
2025-05-12,ucdp:112,Government of Sudan,856b55a3fffffff,5,13.145564367420294,29.23245224782049,1,1,0,0,1,0,0,0,800,0.0,0.0,0.0
2025-05-12,ucdp:112,Government of Sudan,856b5e1bfffffff,5,10.965939755270602,29.681033888773296,1,1,0,0,1,0,10,0,10,0.0,1.0,0.0
2025-05-12,ucdp:112,Government of Sudan,856b6b8ffffffff,5,14.741970040675216,33.72583923723972,1,1,0,0,1,200,1,0,201,0.0,0.004975124378109453,0.0
2025-05-12,ucdp:112,Government of Sudan,856b6eaffffffff,5,15.666591746948761,32.5105778563475,1,1,0,0,1,0,10,0,10,0.0,1.0,0.0
2025-05-19,ucdp:112,Government of Sudan,856b0897fffffff,5,13.617096818226427,25.424076053061942,3,3,0,0,3,0,0,0,16,0.0,0.0,0.0
2025-05-19,ucdp:112,Government of Sudan,856b5523fffffff,5,12.735451950346159,29.276809691703694,1,1,0,0,1,1,0,0,1,0.0,0.0,0.0
2025-05-26,ucdp:112,Government of Sudan,856b0a3bfffffff,5,12.003275215866061,24.995598861904284,1,1,0,0,1,200,0,0,200,0.0,0.0,0.0
2025-05-26,ucdp:112,Government of Sudan,856b0d03fffffff,5,14.000739280646407,26.03730252413982,1,1,0,0,1,0,40,0,40,0.0,1.0,0.0
2025-05-26,ucdp:112,Government of Sudan,856b4227fffffff,5,12.6550107088778,30.588954548251603,1,1,0,0,1,0,0,0,3,0.0,0.0,0.0
2025-05-26,ucdp:112,Government of Sudan,856b4247fffffff,5,12.566479137498533,29.838570501682415,3,3,0,0,3,2,2,0,4,0.0,0.5,0.0
2025-05-26,ucdp:112,Government of Sudan,856b4287fffffff,5,13.225245724503111,30.152617420328752,1,1,0,0,1,0,22,0,22,0.0,1.0,0.0
2025-05-26,ucdp:112,Government of Sudan,856b43abfffffff,5,12.869992839252635,31.434790621324144,1,1,0,0,1,0,4,0,4,0.0,1.0,0.0
2025-05-26,ucdp:112,Government of Sudan,856b52bbfffffff,5,11.337018718490974,27.753918817936633,1,1,0,0,1,2,0,0,2,0.0,0.0,0.0
2025-05-26,ucdp:112,Government of Sudan,856b55a3fffffff,5,13.145564367420294,29.23245224782049,1,1,0,0,1,0,8,0,8,0.0,1.0,0.0
2025-06-02,ucdp:112,Government of Sudan,8552b42ffffffff,5,14.954584355815603,35.97749843510975,1,0,0,1,0,0,4,4,4,1.0,1.0,1.0
2025-06-02,ucdp:112,Government of Sudan,856b0c2ffffffff,5,13.757616890803206,25.34844956941545,2,2,0,0,2,0,0,0,20,0.0,0.0,0.0
2025-06-02,ucdp:112,Government of Sudan,856b0d03fffffff,5,14.000739280646407,26.03730252413982,1,1,0,0,1,0,5,0,5,0.0,1.0,0.0
2025-06-09,ucdp:112,Government of Sudan,856b0897fffffff,5,13.617096818226427,25.424076053061942,3,3,0,0,3,24,21,0,45,0.0,0.4666666666666667,0.0
2025-06-09,ucdp:112,Government of Sudan,856b0c2ffffffff,5,13.757616890803206,25.34844956941545,1,1,0,0,1,0,8,0,8,0.0,1.0,0.0
2025-06-09,ucdp:112,Government of Sudan,856b0cc7fffffff,5,14.201760031416846,24.61463456526655,1,1,0,0,1,0,0,0,1,0.0,0.0,0.0
2025-06-09,ucdp:112,Government of Sudan,856b4247fffffff,5,12.566479137498533,29.838570501682415,1,1,0,0,1,1,0,0,1,0.0,0.0,0.0
2025-06-09,ucdp:112,Government of Sudan,856b4287fffffff,5,13.225245724503111,30.152617420328752,2,2,0,0,2,0,13,0,13,0.0,1.0,0.0
2025-06-09,ucdp:112,Government of Sudan,856b519bfffffff,5,12.33652955941342,29.15687542218849,1,1,0,0,1,0,8,0,8,0.0,1.0,0.0
2025-06-09,ucdp:112,Government of Sudan,856b52bbfffffff,5,11.337018718490974,27.753918817936633,3,3,0,0,3,17,0,0,17,0.0,0.0,0.0
2025-06-09,ucdp:112,Government of Sudan,856b52dbfffffff,5,11.240268161534814,27.00786558087213,1,1,0,0,1,10,0,0,10,0.0,0.0,0.0
2025-06-16,ucdp:112,Government of Sudan,856b4247fffffff,5,12.566479137498533,29.838570501682415,1,1,0,0,1,1,0,0,1,0.0,0.0,0.0
2025-06-16,ucdp:112,Government of Sudan,856b5207fffffff,5,11.07078885710619,27.732367857903256,1,1,0,0,1,0,41,0,41,0.0,1.0,0.0
2025-06-16,ucdp:112,Government of Sudan,856b528ffffffff,5,11.345314241499032,27.590494735213827,1,1,0,0,1,0,25,0,25,0.0,1.0,0.0
2025-06-16,ucdp:112,Government of Sudan,856b52bbfffffff,5,11.337018718490974,27.753918817936633,1,1,0,0,1,0,0,0,2,0.0,0.0,0.0
2025-06-23,ucdp:112,Government of Sudan,856b02a7fffffff,5,13.45999398207289,22.391256500715567,1,1,0,0,1,3,0,0,3,0.0,0.0,0.0
2025-06-23,ucdp:112,Government of Sudan,856b0897fffffff,5,13.617096818226427,25.424076053061942,2,2,0,0,2,0,3,0,17,0.0,0.17647058823529413,0.0
2025-06-23,ucdp:112,Government of Sudan,856b519bfffffff,5,12.33652955941342,29.15687542218849,1,1,0,0,1,25,10,0,35,0.0,0.2857142857142857,0.0
2025-06-23,ucdp:112,Government of Sudan,856b51abfffffff,5,12.039791373119341,29.622342418404127,1,1,0,0,1,0,4,0,4,0.0,1.0,0.0
2025-06-23,ucdp:112,Government of Sudan,856b5207fffffff,5,11.07078885710619,27.732367857903256,1,1,0,0,1,1,0,0,1,0.0,0.0,0.0
2025-06-23,ucdp:112,Government of Sudan,856b528ffffffff,5,11.345314241499032,27.590494735213827,1,1,0,0,1,0,4,0,4,0.0,1.0,0.0
2025-06-23,ucdp:112,Government of Sudan,856b52bbfffffff,5,11.337018718490974,27.753918817936633,1,1,0,0,1,0,0,0,0,0.0,0.0,0.0
2025-06-30,ucdp:112,Government of Sudan,856b0897fffffff,5,13.617096818226427,25.424076053061942,1,1,0,0,1,0,7,0,7,0.0,1.0,0.0
2025-06-30,ucdp:112,Government of Sudan,856b0c2ffffffff,5,13.757616890803206,25.34844956941545,1,1,0,0,1,0,7,0,7,0.0,1.0,0.0
2025-06-30,ucdp:112,Government of Sudan,856b519bfffffff,5,12.33652955941342,29.15687542218849,1,1,0,0,1,1,0,0,1,0.0,0.0,0.0
2025-07-07,ucdp:112,Government of Sudan,856b0897fffffff,5,13.617096818226427,25.424076053061942,3,3,0,0,3,3,8,0,14,0.0,0.5714285714285714,0.0
2025-07-07,ucdp:112,Government of Sudan,856b4287fffffff,5,13.225245724503111,30.152617420328752,2,2,0,0,2,0,1,0,1,0.0,1.0,0.0
2025-07-07,ucdp:112,Government of Sudan,856b42d3fffffff,5,13.125757675573361,29.562508776636854,1,1,0,0,1,233,0,0,233,0.0,0.0,0.0
2025-07-07,ucdp:112,Government of Sudan,856b5077fffffff,5,11.707532226545537,28.359621421240988,1,1,0,0,1,0,16,0,16,0.0,1.0,0.0
2025-07-07,ucdp:112,Government of Sudan,856b519bfffffff,5,12.33652955941342,29.15687542218849,2,2,0,0,2,0,35,0,35,0.0,1.0,0.0
2025-07-14,ucdp:112,Government of Sudan,856b0897fffffff,5,13.617096818226427,25.424076053061942,3,3,0,0,3,203,5,0,208,0.0,0.02403846153846154,0.0
2025-07-14,ucdp:112,Government of Sudan,856b0c2ffffffff,5,13.757616890803206,25.34844956941545,2,2,0,0,2,0,14,0,14,0.0,1.0,0.0
2025-07-14,ucdp:112,Government of Sudan,856b5193fffffff,5,12.466170398871483,29.251489420979606,1,1,0,0,1,0,3,0,3,0.0,1.0,0.0
2025-07-14,ucdp:112,Government of Sudan,856b55a3fffffff,5,13.145564367420294,29.23245224782049,1,1,0,0,1,3,0,0,3,0.0,0.0,0.0
2025-07-21,ucdp:112,Government of Sudan,856b416bfffffff,5,13.116370458394414,31.791793424958705,1,1,0,0,1,0,0,0,8,0.0,0.0,0.0
2025-07-21,ucdp:112,Government of Sudan,856b5077fffffff,5,11.707532226545537,28.359621421240988,1,1,0,0,1,0,0,0,1,0.0,0.0,0.0
2025-07-21,ucdp:112,Government of Sudan,856b519bfffffff,5,12.33652955941342,29.15687542218849,3,3,0,0,3,3,19,0,22,0.0,0.8636363636363636,0.0
2025-07-21,ucdp:112,Government of Sudan,856b5523fffffff,5,12.735451950346159,29.276809691703694,1,1,0,0,1,0,0,0,45,0.0,0.0,0.0
2025-07-28,ucdp:112,Government of Sudan,856b0897fffffff,5,13.617096818226427,25.424076053061942,1,1,0,0,1,3,0,0,3,0.0,0.0,0.0
2025-07-28,ucdp:112,Government of Sudan,856b0a0ffffffff,5,12.0101707938044,24.830215921368204,1,1,0,0,1,0,0,0,0,0.0,0.0,0.0
2025-07-28,ucdp:112,Government of Sudan,856b0c2ffffffff,5,13.757616890803206,25.34844956941545,1,1,0,0,1,0,0,0,5,0.0,0.0,0.0
2025-07-28,ucdp:112,Government of Sudan,856b0cc7fffffff,5,14.201760031416846,24.61463456526655,1,1,0,0,1,0,4,0,4,0.0,1.0,0.0
2025-07-28,ucdp:112,Government of Sudan,856b42d3fffffff,5,13.125757675573361,29.562508776636854,1,1,0,0,1,24,0,0,24,0.0,0.0,0.0
2025-07-28,ucdp:112,Government of Sudan,856b4547fffffff,5,14.386206913776032,31.1902669510297,2,2,0,0,2,0,9,0,9,0.0,1.0,0.0
2025-07-28,ucdp:112,Government of Sudan,856b5523fffffff,5,12.735451950346159,29.276809691703694,1,1,0,0,1,0,9,0,9,0.0,1.0,0.0
2025-07-28,ucdp:112,Government of Sudan,856b5e1bfffffff,5,10.965939755270602,29.681033888773296,1,1,0,0,1,0,2,0,2,0.0,1.0,0.0
2025-08-04,ucdp:112,Government of Sudan,8552b667fffffff,5,13.95194355374476,35.01278654862688,1,0,0,1,0,0,5,5,5,1.0,1.0,1.0
2025-08-04,ucdp:112,Government of Sudan,856b0897fffffff,5,13.617096818226427,25.424076053061942,1,1,0,0,1,255,0,0,255,0.0,0.0,0.0
2025-08-04,ucdp:112,Government of Sudan,856b09b3fffffff,5,13.41324860345307,26.836375890569293,1,1,0,0,1,4,0,0,4,0.0,0.0,0.0
2025-08-04,ucdp:112,Government of Sudan,856b0a0ffffffff,5,12.0101707938044,24.830215921368204,2,2,0,0,2,43,0,0,43,0.0,0.0,0.0
2025-08-04,ucdp:112,Government of Sudan,856b428bfffffff,5,13.105558348942102,29.89206293818998,1,1,0,0,1,101,0,0,101,0.0,0.0,0.0
2025-08-04,ucdp:112,Government of Sudan,856b4863fffffff,5,12.187479394968305,33.47187528860926,1,0,0,1,0,0,4,4,4,1.0,1.0,1.0
2025-08-04,ucdp:112,Government of Sudan,856b52bbfffffff,5,11.337018718490974,27.753918817936633,1,1,0,0,1,4,0,0,4,0.0,0.0,0.0
2025-08-04,ucdp:112,Government of Sudan,856b5c07fffffff,5,11.842162699790666,30.666835276082423,1,0,0,1,0,0,3,3,3,1.0,1.0,1.0
2025-08-11,ucdp:112,Government of Sudan,856b0557fffffff,5,14.959324583377416,22.86801728124806,1,1,0,0,1,0,9,0,10,0.0,0.9,0.0
2025-08-11,ucdp:112,Government of Sudan,856b0897fffffff,5,13.617096818226427,25.424076053061942,3,3,0,0,3,201,28,0,241,0.0,0.11618257261410789,0.0
2025-08-11,ucdp:112,Government of Sudan,856b0c2ffffffff,5,13.757616890803206,25.34844956941545,2,2,0,0,2,0,43,0,43,0.0,1.0,0.0
2025-08-11,ucdp:112,Government of Sudan,856b0dc3fffffff,5,14.157548064133358,25.625693667300094,2,2,0,0,2,3,2,0,5,0.0,0.4,0.0
2025-08-11,ucdp:112,Government of Sudan,856b40cffffffff,5,13.756528642419191,30.3731773839385,1,1,0,0,1,26,0,0,26,0.0,0.0,0.0
2025-08-11,ucdp:112,Government of Sudan,856b6b9bfffffff,5,14.897835459079364,33.49788977675424,1,1,0,0,1,0,1,0,5,0.0,0.2,0.0
2025-08-18,ucdp:112,Government of Sudan,856b0897fffffff,5,13.617096818226427,25.424076053061942,2,2,0,0,2,3,9,0,12,0.0,0.75,0.0
2025-08-18,ucdp:112,Government of Sudan,856b0c2ffffffff,5,13.757616890803206,25.34844956941545,1,1,0,0,1,0,0,0,5,0.0,0.0,0.0
2025-08-18,ucdp:112,Government of Sudan,856b4287fffffff,5,13.225245724503111,30.152617420328752,1,1,0,0,1,3,0,0,3,0.0,0.0,0.0
2025-08-18,ucdp:112,Government of Sudan,856b5003fffffff,5,11.98409272024042,28.218719000477183,1,1,0,0,1,10,0,0,10,0.0,0.0,0.0
2025-08-18,ucdp:112,Government of Sudan,856b712ffffffff,5,14.496724675418257,29.527796281782496,1,1,0,0,1,10,0,0,10,0.0,0.0,0.0
2025-08-25,ucdp:112,Government of Sudan,856a2d07fffffff,5,10.057555504154955,29.350301079203568,1,1,0,0,1,0,1,0,1,0.0,1.0,0.0
2025-08-25,ucdp:112,Government of Sudan,856b0897fffffff,5,13.617096818226427,25.424076053061942,3,3,0,0,3,0,43,0,51,0.0,0.8431372549019608,0.0
2025-08-25,ucdp:112,Government of Sudan,856b0a0ffffffff,5,12.0101707938044,24.830215921368204,1,1,0,0,1,0,0,0,35,0.0,0.0,0.0
2025-08-25,ucdp:112,Government of Sudan,856b0c2ffffffff,5,13.757616890803206,25.34844956941545,2,2,0,0,2,0,0,0,14,0.0,0.0,0.0
2025-08-25,ucdp:112,Government of Sudan,856b4207fffffff,5,12.815348740922873,30.193542590150138,1,1,0,0,1,30,0,0,30,0.0,0.0,0.0
2025-08-25,ucdp:112,Government of Sudan,856b52bbfffffff,5,11.337018718490974,27.753918817936633,1,1,0,0,1,5,0,0,5,0.0,0.0,0.0
2025-08-25,ucdp:112,Government of Sudan,856b6e7bfffffff,5,15.157182276494044,31.946658074517842,1,1,0,0,1,0,5,0,5,0.0,1.0,0.0
2025-09-01,ucdp:112,Government of Sudan,856b084bfffffff,5,12.682291556655446,24.95092036788911,1,1,0,0,1,0,1,0,2,0.0,0.5,0.0
2025-09-01,ucdp:112,Government of Sudan,856b0897fffffff,5,13.617096818226427,25.424076053061942,3,3,0,0,3,2,27,0,37,0.0,0.7297297297297297,0.0
2025-09-01,ucdp:112,Government of Sudan,856b0c2ffffffff,5,13.757616890803206,25.34844956941545,1,1,0,0,1,0,0,0,4,0.0,0.0,0.0
2025-09-01,ucdp:112,Government of Sudan,856b0dc3fffffff,5,14.157548064133358,25.625693667300094,1,1,0,0,1,0,18,0,18,0.0,1.0,0.0
2025-09-08,ucdp:112,Government of Sudan,856b0897fffffff,5,13.617096818226427,25.424076053061942,2,2,0,0,2,0,16,0,16,0.0,1.0,0.0
2025-09-08,ucdp:112,Government of Sudan,856b0a0ffffffff,5,12.0101707938044,24.830215921368204,1,1,0,0,1,0,4,0,4,0.0,1.0,0.0
2025-09-08,ucdp:112,Government of Sudan,856b0c2ffffffff,5,13.757616890803206,25.34844956941545,1,1,0,0,1,0,0,0,10,0.0,0.0,0.0
2025-09-08,ucdp:112,Government of Sudan,856b40cffffffff,5,13.756528642419191,30.3731773839385,3,3,0,0,3,24,3,0,27,0.0,0.1111111111111111,0.0
2025-09-08,ucdp:112,Government of Sudan,856b4207fffffff,5,12.815348740922873,30.193542590150138,2,2,0,0,2,7,0,0,7,0.0,0.0,0.0
2025-09-08,ucdp:112,Government of Sudan,856b4287fffffff,5,13.225245724503111,30.152617420328752,2,2,0,0,2,0,2,0,2,0.0,1.0,0.0
2025-09-08,ucdp:112,Government of Sudan,856b6eaffffffff,5,15.666591746948761,32.5105778563475,1,1,0,0,1,1,0,0,1,0.0,0.0,0.0
2025-09-15,ucdp:112,Government of Sudan,856b0897fffffff,5,13.617096818226427,25.424076053061942,6,6,0,0,6,218,67,0,289,0.0,0.23183391003460208,0.0
2025-09-15,ucdp:112,Government of Sudan,856b0dc3fffffff,5,14.157548064133358,25.625693667300094,1,1,0,0,1,0,4,0,4,0.0,1.0,0.0
2025-09-15,ucdp:112,Government of Sudan,856b2a37fffffff,5,15.022363407245473,24.82888898186477,1,1,0,0,1,0,5,0,5,0.0,1.0,0.0
2025-09-22,ucdp:112,Government of Sudan,856b0897fffffff,5,13.617096818226427,25.424076053061942,5,5,0,0,5,5,23,0,35,0.0,0.6571428571428571,0.0
2025-09-22,ucdp:112,Government of Sudan,856b42d3fffffff,5,13.125757675573361,29.562508776636854,2,2,0,0,2,200,0,0,200,0.0,0.0,0.0
2025-09-22,ucdp:112,Government of Sudan,856b519bfffffff,5,12.33652955941342,29.15687542218849,1,1,0,0,1,3,0,0,3,0.0,0.0,0.0
2025-09-29,ucdp:112,Government of Sudan,856b0897fffffff,5,13.617096818226427,25.424076053061942,5,5,0,0,5,9,47,0,56,0.0,0.8392857142857143,0.0
2025-09-29,ucdp:112,Government of Sudan,856b0a7bfffffff,5,11.747944159375983,24.65028873565474,1,1,0,0,1,1,0,0,1,0.0,0.0,0.0
2025-09-29,ucdp:112,Government of Sudan,856b0c2ffffffff,5,13.757616890803206,25.34844956941545,1,1,0,0,1,0,23,0,23,0.0,1.0,0.0
2025-09-29,ucdp:112,Government of Sudan,856b4287fffffff,5,13.225245724503111,30.152617420328752,1,1,0,0,1,0,2,0,4,0.0,0.5,0.0
2025-10-06,ucdp:112,Government of Sudan,856b0897fffffff,5,13.617096818226427,25.424076053061942,6,6,0,0,6,125,92,0,217,0.0,0.423963133640553,0.0
2025-10-06,ucdp:112,Government of Sudan,856b0c2ffffffff,5,13.757616890803206,25.34844956941545,1,1,0,0,1,0,15,0,15,0.0,1.0,0.0
2025-10-06,ucdp:112,Government of Sudan,856b0d03fffffff,5,14.000739280646407,26.03730252413982,1,1,0,0,1,0,16,0,16,0.0,1.0,0.0
2025-10-06,ucdp:112,Government of Sudan,856b42d3fffffff,5,13.125757675573361,29.562508776636854,1,1,0,0,1,40,0,0,40,0.0,0.0,0.0
2025-10-06,ucdp:112,Government of Sudan,856b5003fffffff,5,11.98409272024042,28.218719000477183,1,1,0,0,1,12,0,0,12,0.0,0.0,0.0
2025-10-06,ucdp:112,Government of Sudan,856b52bbfffffff,5,11.337018718490974,27.753918817936633,2,2,0,0,2,4,1,0,5,0.0,0.2,0.0
2025-10-06,ucdp:112,Government of Sudan,856b555bfffffff,5,12.652205894555758,28.358529475015647,1,1,0,0,1,0,1,0,1,0.0,1.0,0.0
2025-10-06,ucdp:112,Government of Sudan,856b56abfffffff,5,12.165534654186953,27.325244816559575,1,1,0,0,1,3,0,0,3,0.0,0.0,0.0
2025-10-06,ucdp:112,Government of Sudan,856b5c03fffffff,5,11.852231191173376,30.50451296033223,2,2,0,0,2,0,8,0,8,0.0,1.0,0.0
2025-10-06,ucdp:112,Government of Sudan,856b5d4bfffffff,5,11.408147459609452,31.189646032758013,1,1,0,0,1,3,0,0,3,0.0,0.0,0.0
2025-10-06,ucdp:112,Government of Sudan,856b712ffffffff,5,14.496724675418257,29.527796281782496,1,1,0,0,1,12,0,0,12,0.0,0.0,0.0
2025-10-13,ucdp:112,Government of Sudan,855393b7fffffff,5,17.772085294404857,33.963720667814314,1,0,0,1,0,0,3,3,3,1.0,1.0,1.0
2025-10-13,ucdp:112,Government of Sudan,856b0073fffffff,5,13.86803664339118,22.489423034857715,1,1,0,0,1,0,4,0,4,0.0,1.0,0.0
2025-10-13,ucdp:112,Government of Sudan,856b02a7fffffff,5,13.45999398207289,22.391256500715567,1,1,0,0,1,0,0,0,3,0.0,0.0,0.0
2025-10-13,ucdp:112,Government of Sudan,856b03b3fffffff,5,13.565050185907548,23.319647799029408,1,1,0,0,1,0,7,0,7,0.0,1.0,0.0
2025-10-13,ucdp:112,Government of Sudan,856b0507fffffff,5,15.082870741032226,23.298757394547266,1,1,0,0,1,12,0,0,12,0.0,0.0,0.0
2025-10-13,ucdp:112,Government of Sudan,856b0897fffffff,5,13.617096818226427,25.424076053061942,5,5,0,0,5,97,0,0,97,0.0,0.0,0.0
2025-10-13,ucdp:112,Government of Sudan,856b0a77fffffff,5,11.872166256253683,24.905365676143003,1,1,0,0,1,2,0,0,2,0.0,0.0,0.0
2025-10-13,ucdp:112,Government of Sudan,856b2a37fffffff,5,15.022363407245473,24.82888898186477,1,1,0,0,1,0,0,0,24,0.0,0.0,0.0
2025-10-13,ucdp:112,Government of Sudan,856b46c7fffffff,5,13.960607995993755,29.309098330174606,1,1,0,0,1,0,18,0,18,0.0,1.0,0.0
2025-10-13,ucdp:112,Government of Sudan,856b51abfffffff,5,12.039791373119341,29.622342418404127,1,1,0,0,1,0,1,0,1,0.0,1.0,0.0
2025-10-13,ucdp:112,Government of Sudan,856b5207fffffff,5,11.07078885710619,27.732367857903256,1,1,0,0,1,10,0,0,10,0.0,0.0,0.0
2025-10-13,ucdp:112,Government of Sudan,856b555bfffffff,5,12.652205894555758,28.358529475015647,1,1,0,0,1,0,2,0,2,0.0,1.0,0.0
2025-10-13,ucdp:112,Government of Sudan,856b5d4bfffffff,5,11.408147459609452,31.189646032758013,1,1,0,0,1,7,0,0,7,0.0,0.0,0.0
2025-10-13,ucdp:112,Government of Sudan,856b659bfffffff,5,18.02838683939146,30.911157047180804,1,1,0,0,1,5,0,0,5,0.0,0.0,0.0
2025-10-13,ucdp:112,Government of Sudan,856b6eaffffffff,5,15.666591746948761,32.5105778563475,2,2,0,0,2,26,2,0,28,0.0,0.07142857142857142,0.0
2025-10-20,ucdp:112,Government of Sudan,856b0897fffffff,5,13.617096818226427,25.424076053061942,9,9,0,0,9,54,13,0,87,0.0,0.14942528735632185,0.0
2025-10-20,ucdp:112,Government of Sudan,856b0a0ffffffff,5,12.0101707938044,24.830215921368204,1,1,0,0,1,0,0,0,1,0.0,0.0,0.0
2025-10-20,ucdp:112,Government of Sudan,856b0c0bfffffff,5,13.920078384693667,24.7682141927665,1,1,0,0,1,0,18,0,18,0.0,1.0,0.0
2025-10-20,ucdp:112,Government of Sudan,856b0c2ffffffff,5,13.757616890803206,25.34844956941545,2,2,0,0,2,0,300,0,307,0.0,0.9771986970684039,0.0
2025-10-20,ucdp:112,Government of Sudan,856b0e93fffffff,5,13.673401348561217,24.081628252479913,2,2,0,0,2,9,4,0,13,0.0,0.3076923076923077,0.0
2025-10-20,ucdp:112,Government of Sudan,856b40cbfffffff,5,13.767248257265772,30.207862855564212,1,1,0,0,1,0,0,0,3,0.0,0.0,0.0
2025-10-20,ucdp:112,Government of Sudan,856b40cffffffff,5,13.756528642419191,30.3731773839385,3,3,0,0,3,0,34,0,311,0.0,0.10932475884244373,0.0
2025-10-20,ucdp:112,Government of Sudan,856b4227fffffff,5,12.6550107088778,30.588954548251603,1,1,0,0,1,2,0,0,2,0.0,0.0,0.0
2025-10-20,ucdp:112,Government of Sudan,856b4287fffffff,5,13.225245724503111,30.152617420328752,1,1,0,0,1,24,0,0,24,0.0,0.0,0.0
2025-10-20,ucdp:112,Government of Sudan,856b43cbfffffff,5,12.784145919110161,30.68495769510305,1,1,0,0,1,0,3,0,3,0.0,1.0,0.0
2025-10-20,ucdp:112,Government of Sudan,856b6e37fffffff,5,15.523006487760396,32.57683706993741,1,1,0,0,1,0,0,0,2,0.0,0.0,0.0
2025-10-27,ucdp:112,Government of Sudan,856b0897fffffff,5,13.617096818226427,25.424076053061942,1,1,0,0,1,0,0,0,7,0.0,0.0,0.0
2025-10-27,ucdp:112,Government of Sudan,856b4007fffffff,5,13.723760139934884,30.868271547046653,1,1,0,0,1,0,2,0,2,0.0,1.0,0.0
2025-10-27,ucdp:112,Government of Sudan,856b4287fffffff,5,13.225245724503111,30.152617420328752,1,1,0,0,1,3,0,0,3,0.0,0.0,0.0
2025-10-27,ucdp:112,Government of Sudan,856b436ffffffff,5,12.205946599272277,31.2783539360464,1,1,0,0,1,0,7,0,7,0.0,1.0,0.0
2025-10-27,ucdp:112,Government of Sudan,856b54abfffffff,5,13.08061790172604,27.979380563365407,1,1,0,0,1,0,6,0,6,0.0,1.0,0.0
2025-10-27,ucdp:112,Government of Sudan,856b555bfffffff,5,12.652205894555758,28.358529475015647,1,1,0,0,1,0,0,0,2,0.0,0.0,0.0
2025-10-27,ucdp:112,Government of Sudan,856b55a3fffffff,5,13.145564367420294,29.23245224782049,1,1,0,0,1,1,0,0,1,0.0,0.0,0.0
2025-10-27,ucdp:112,Government of Sudan,856b5e1bfffffff,5,10.965939755270602,29.681033888773296,1,1,0,0,1,0,12,0,12,0.0,1.0,0.0
2025-11-03,ucdp:112,Government of Sudan,856b032ffffffff,5,12.874105981248873,23.541366730640174,1,1,0,0,1,13,0,0,13,0.0,0.0,0.0
2025-11-03,ucdp:112,Government of Sudan,856b0507fffffff,5,15.082870741032226,23.298757394547266,1,1,0,0,1,0,0,0,7,0.0,0.0,0.0
2025-11-03,ucdp:112,Government of Sudan,856b4287fffffff,5,13.225245724503111,30.152617420328752,3,3,0,0,3,0,61,0,61,0.0,1.0,0.0
2025-11-03,ucdp:112,Government of Sudan,856b5077fffffff,5,11.707532226545537,28.359621421240988,2,2,0,0,2,5,0,0,23,0.0,0.0,0.0
2025-11-03,ucdp:112,Government of Sudan,856b519bfffffff,5,12.33652955941342,29.15687542218849,3,3,0,0,3,1,2,0,44,0.0,0.045454545454545456,0.0
2025-11-03,ucdp:112,Government of Sudan,856b51abfffffff,5,12.039791373119341,29.622342418404127,2,2,0,0,2,0,11,0,11,0.0,1.0,0.0
2025-11-03,ucdp:112,Government of Sudan,856b52bbfffffff,5,11.337018718490974,27.753918817936633,3,3,0,0,3,4,0,0,4,0.0,0.0,0.0
2025-11-10,ucdp:112,Government of Sudan,853eda9bfffffff,5,17.31676853097341,26.606018603148257,1,1,0,0,1,0,15,0,15,0.0,1.0,0.0
2025-11-10,ucdp:112,Government of Sudan,856a2d07fffffff,5,10.057555504154955,29.350301079203568,2,2,0,0,2,2,1,0,3,0.0,0.3333333333333333,0.0
2025-11-10,ucdp:112,Government of Sudan,856b0a23fffffff,5,11.99628428109655,25.160932277349875,1,1,0,0,1,24,0,0,24,0.0,0.0,0.0
2025-11-10,ucdp:112,Government of Sudan,856b4e37fffffff,5,12.639487334670303,32.7987823499007,1,1,0,0,1,0,1,0,1,0.0,1.0,0.0
2025-11-10,ucdp:112,Government of Sudan,856b519bfffffff,5,12.33652955941342,29.15687542218849,1,1,0,0,1,0,5,0,5,0.0,1.0,0.0
2025-11-10,ucdp:112,Government of Sudan,856b52bbfffffff,5,11.337018718490974,27.753918817936633,4,4,0,0,4,69,0,0,69,0.0,0.0,0.0
2025-11-10,ucdp:112,Government of Sudan,856b54abfffffff,5,13.08061790172604,27.979380563365407,1,1,0,0,1,2,0,0,2,0.0,0.0,0.0
2025-11-17,ucdp:112,Government of Sudan,856b40cffffffff,5,13.756528642419191,30.3731773839385,2,2,0,0,2,4,0,0,4,0.0,0.0,0.0
2025-11-17,ucdp:112,Government of Sudan,856b4207fffffff,5,12.815348740922873,30.193542590150138,1,1,0,0,1,4,0,0,4,0.0,0.0,0.0
2025-11-17,ucdp:112,Government of Sudan,856b4287fffffff,5,13.225245724503111,30.152617420328752,1,1,0,0,1,2,0,0,2,0.0,0.0,0.0
2025-11-17,ucdp:112,Government of Sudan,856b428bfffffff,5,13.105558348942102,29.89206293818998,2,2,0,0,2,6,0,0,6,0.0,0.0,0.0
2025-11-17,ucdp:112,Government of Sudan,856b4547fffffff,5,14.386206913776032,31.1902669510297,2,2,0,0,2,6,0,0,6,0.0,0.0,0.0
2025-11-17,ucdp:112,Government of Sudan,856b46c7fffffff,5,13.960607995993755,29.309098330174606,1,1,0,0,1,1,0,0,1,0.0,0.0,0.0
2025-11-17,ucdp:112,Government of Sudan,856b52bbfffffff,5,11.337018718490974,27.753918817936633,4,4,0,0,4,11,0,0,11,0.0,0.0,0.0
2025-11-17,ucdp:112,Government of Sudan,856b5ed7fffffff,5,11.240202202391362,29.54485367957048,1,1,0,0,1,3,0,0,3,0.0,0.0,0.0
2025-11-24,ucdp:112,Government of Sudan,856b52bbfffffff,5,11.337018718490974,27.753918817936633,3,3,0,0,3,206,0,0,206,0.0,0.0,0.0
2025-11-24,ucdp:112,Government of Sudan,856b555bfffffff,5,12.652205894555758,28.358529475015647,1,1,0,0,1,0,4,0,4,0.0,1.0,0.0
2025-11-24,ucdp:112,Government of Sudan,856b58c3fffffff,5,11.046099017289206,30.58247435456183,2,2,0,0,2,3,0,0,51,0.0,0.0,0.0
2025-11-24,ucdp:112,Government of Sudan,856b5c8bfffffff,5,12.12924913438355,30.36970805847137,2,2,0,0,2,7,8,0,15,0.0,0.5333333333333333,0.0
2025-12-01,ucdp:112,Government of Sudan,856a2ca7fffffff,5,10.363222145827233,28.568937414984827,1,1,0,0,1,2,0,0,2,0.0,0.0,0.0
2025-12-01,ucdp:112,Government of Sudan,856b02a3fffffff,5,13.465387953201692,22.223469337348586,1,1,0,0,1,0,10,0,18,0.0,0.5555555555555556,0.0
2025-12-01,ucdp:112,Government of Sudan,856b0557fffffff,5,14.959324583377416,22.86801728124806,1,1,0,0,1,3,0,0,3,0.0,0.0,0.0
2025-12-01,ucdp:112,Government of Sudan,856b5003fffffff,5,11.98409272024042,28.218719000477183,1,1,0,0,1,0,0,0,6,0.0,0.0,0.0
2025-12-01,ucdp:112,Government of Sudan,856b52bbfffffff,5,11.337018718490974,27.753918817936633,1,1,0,0,1,104,0,0,104,0.0,0.0,0.0
2025-12-01,ucdp:112,Government of Sudan,856b5803fffffff,5,10.88969678764876,30.97059670896971,1,1,0,0,1,0,67,0,114,0.0,0.5877192982456141,0.0
2025-12-08,ucdp:112,Government of Sudan,856a2d07fffffff,5,10.057555504154955,29.350301079203568,1,1,0,0,1,10,0,0,41,0.0,0.0,0.0
2025-12-08,ucdp:112,Government of Sudan,856b0e93fffffff,5,13.673401348561217,24.081628252479913,1,1,0,0,1,2,0,0,2,0.0,0.0,0.0
2025-12-08,ucdp:112,Government of Sudan,856b1933fffffff,5,11.218685518061246,24.45718054986486,1,1,0,0,1,14,62,0,80,0.0,0.775,0.0
2025-12-08,ucdp:112,Government of Sudan,856b4287fffffff,5,13.225245724503111,30.152617420328752,2,2,0,0,2,0,3,0,3,0.0,1.0,0.0
2025-12-08,ucdp:112,Government of Sudan,856b5123fffffff,5,11.763010224573382,29.759257089568315,1,1,0,0,1,0,0,0,1,0.0,0.0,0.0
2025-12-08,ucdp:112,Government of Sudan,856b51abfffffff,5,12.039791373119341,29.622342418404127,1,1,0,0,1,0,9,0,9,0.0,1.0,0.0
2025-12-08,ucdp:112,Government of Sudan,856b5e1bfffffff,5,10.965939755270602,29.681033888773296,2,2,0,0,2,0,6,0,7,0.0,0.8571428571428571,0.0
2025-12-15,ucdp:112,Government of Sudan,853eda9bfffffff,5,17.31676853097341,26.606018603148257,1,1,0,0,1,0,0,0,11,0.0,0.0,0.0
2025-12-15,ucdp:112,Government of Sudan,855393b7fffffff,5,17.772085294404857,33.963720667814314,1,1,0,0,1,4,1,0,5,0.0,0.2,0.0
2025-12-15,ucdp:112,Government of Sudan,856b0dc3fffffff,5,14.157548064133358,25.625693667300094,1,1,0,0,1,0,5,0,13,0.0,0.38461538461538464,0.0
2025-12-15,ucdp:112,Government of Sudan,856b51abfffffff,5,12.039791373119341,29.622342418404127,2,2,0,0,2,1,5,0,16,0.0,0.3125,0.0
2025-12-15,ucdp:112,Government of Sudan,856b5e1bfffffff,5,10.965939755270602,29.681033888773296,1,1,0,0,1,0,8,0,8,0.0,1.0,0.0
2025-12-22,ucdp:112,Government of Sudan,856b02a7fffffff,5,13.45999398207289,22.391256500715567,2,2,0,0,2,0,2,0,9,0.0,0.2222222222222222,0.0
2025-12-22,ucdp:112,Government of Sudan,856b03d3fffffff,5,13.454488741595142,22.559037387434365,1,1,0,0,1,0,2,0,2,0.0,1.0,0.0
2025-12-22,ucdp:112,Government of Sudan,856b5177fffffff,5,11.643897379073964,29.502077465686593,1,1,0,0,1,0,4,0,12,0.0,0.3333333333333333,0.0
2025-12-29,ucdp:112,Government of Sudan,856b05affffffff,5,15.212142146478946,23.560090904468346,2,2,0,0,2,24,3,0,27,0.0,0.1111111111111111,0.0
2025-12-29,ucdp:112,Government of Sudan,856b51abfffffff,5,12.039791373119341,29.622342418404127,1,1,0,0,1,2,0,0,74,0.0,0.0,0.0
2023-05-22,ucdp:1123,SPLM/A-North,856b5e07fffffff,5,10.947343875005515,30.004209042627032,1,1,0,0,1,2,0,0,2,0.0,0.0,0.0
2023-06-19,ucdp:1123,SPLM/A-North,856b5e1bfffffff,5,10.965939755270602,29.681033888773296,1,1,0,0,1,0,0,0,2,0.0,0.0,0.0
2023-07-24,ucdp:1123,SPLM/A-North,856b5e1bfffffff,5,10.965939755270602,29.681033888773296,1,1,0,0,1,0,1,0,1,0.0,1.0,0.0
2023-08-14,ucdp:1123,SPLM/A-North,856b51abfffffff,5,12.039791373119341,29.622342418404127,1,1,0,0,1,0,2,0,2,0.0,1.0,0.0
2023-08-14,ucdp:1123,SPLM/A-North,856b5e1bfffffff,5,10.965939755270602,29.681033888773296,1,1,0,0,1,40,0,0,40,0.0,0.0,0.0
2023-08-28,ucdp:1123,SPLM/A-North,856b5c03fffffff,5,11.852231191173376,30.50451296033223,1,1,0,0,1,0,0,0,2,0.0,0.0,0.0
2023-10-09,ucdp:1123,SPLM/A-North,856b51abfffffff,5,12.039791373119341,29.622342418404127,1,1,0,0,1,0,1,0,1,0.0,1.0,0.0
2025-02-03,ucdp:1123,SPLM/A-North,856b5e1bfffffff,5,10.965939755270602,29.681033888773296,1,1,0,0,1,0,0,0,80,0.0,0.0,0.0
2023-06-05,ucdp:1923,Gimir,856b008ffffffff,5,14.418085663411349,22.508617506692236,1,0,1,0,1,126,0,0,126,0.0,0.0,0.0
2023-05-01,ucdp:1963,Nuba,856b4c4ffffffff,5,13.18662025068854,32.703264847585366,1,0,1,0,1,0,0,0,25,0.0,0.0,0.0
2023-10-02,ucdp:1963,Nuba,856b51abfffffff,5,12.039791373119341,29.622342418404127,2,0,2,0,2,10,0,0,10,0.0,0.0,0.0
2025-09-08,ucdp:57,Government of Russia (Soviet Union),856b1bc7fffffff,5,10.46326879760168,23.272466569333982,2,0,0,2,0,0,7,7,7,1.0,1.0,1.0
2024-01-22,ucdp:607,Fulani,8552b26bfffffff,5,12.858275146907221,35.17926353990695,1,0,1,0,1,0,0,0,5,0.0,0.0,0.0
2023-04-17,ucdp:608,Hausa,856a65affffffff,5,10.76863327447389,34.72028327781613,1,0,1,0,1,0,0,0,9,0.0,0.0,0.0
2023-05-01,ucdp:608,Hausa,856b4c4ffffffff,5,13.18662025068854,32.703264847585366,1,0,1,0,1,0,0,0,25,0.0,0.0,0.0
2023-09-25,ucdp:615,Habaniya,856a247bfffffff,5,10.788802839134618,25.1728370179604,1,0,1,0,1,0,0,0,3,0.0,0.0,0.0
2023-10-16,ucdp:615,Habaniya,856a2467fffffff,5,10.774954647265377,25.49985143595721,1,0,1,0,1,0,0,0,51,0.0,0.0,0.0
2023-10-23,ucdp:615,Habaniya,856a247bfffffff,5,10.788802839134618,25.1728370179604,2,0,2,0,2,0,0,0,91,0.0,0.0,0.0
2023-11-06,ucdp:615,Habaniya,856a26b7fffffff,5,10.659372314732288,25.083376188202855,1,0,1,0,1,0,0,0,30,0.0,0.0,0.0
2024-07-15,ucdp:705,Zaghawa,856b0897fffffff,5,13.617096818226427,25.424076053061942,1,0,1,0,1,0,0,0,3,0.0,0.0,0.0
2024-12-02,ucdp:705,Zaghawa,856b0807fffffff,5,13.064257572973435,25.557929310595892,1,0,1,0,1,0,0,0,2,0.0,0.0,0.0
2023-08-28,ucdp:7626,Twic Dinka,856a2883fffffff,5,9.576372955027766,28.499628856162758,1,0,1,0,1,0,0,0,4,0.0,0.0,0.0
2023-09-25,ucdp:7626,Twic Dinka,856a2883fffffff,5,9.576372955027766,28.499628856162758,1,0,1,0,1,0,0,0,11,0.0,0.0,0.0
2023-11-27,ucdp:7626,Twic Dinka,856a2883fffffff,5,9.576372955027766,28.499628856162758,1,0,1,0,1,0,0,0,6,0.0,0.0,0.0
2023-12-25,ucdp:7626,Twic Dinka,856a2883fffffff,5,9.576372955027766,28.499628856162758,1,0,1,0,1,0,0,0,6,0.0,0.0,0.0
2024-01-22,ucdp:7626,Twic Dinka,856a2817fffffff,5,9.307578202525233,28.636792160469263,2,0,2,0,2,0,0,0,54,0.0,0.0,0.0
2024-01-29,ucdp:7626,Twic Dinka,856a2883fffffff,5,9.576372955027766,28.499628856162758,2,0,2,0,2,0,0,0,37,0.0,0.0,0.0
2023-10-02,ucdp:7962,Hawazma,856b51abfffffff,5,12.039791373119341,29.622342418404127,2,0,2,0,2,10,0,0,10,0.0,0.0,0.0
2023-04-17,ucdp:8068,Funj,856a65affffffff,5,10.76863327447389,34.72028327781613,1,0,1,0,1,0,0,0,9,0.0,0.0,0.0
2023-04-10,ucdp:8635,RSF,856b02a7fffffff,5,13.45999398207289,22.391256500715567,1,0,0,1,0,0,0,0,0,1.0,0.0,0.0
2023-04-10,ucdp:8635,RSF,856b0897fffffff,5,13.617096818226427,25.424076053061942,1,1,0,0,1,0,20,0,44,0.0,0.45454545454545453,0.0
2023-04-10,ucdp:8635,RSF,856b0a0ffffffff,5,12.0101707938044,24.830215921368204,1,1,0,0,1,0,0,0,22,0.0,0.0,0.0
2023-04-10,ucdp:8635,RSF,856b0e93fffffff,5,13.673401348561217,24.081628252479913,1,1,0,0,1,0,3,0,3,0.0,1.0,0.0
2023-04-10,ucdp:8635,RSF,856b4287fffffff,5,13.225245724503111,30.152617420328752,1,1,0,0,1,0,6,0,6,0.0,1.0,0.0
2023-04-10,ucdp:8635,RSF,856b448bfffffff,5,15.012737341499482,30.083281550987248,3,3,0,0,3,0,31,0,510,0.0,0.060784313725490195,0.0
2023-04-10,ucdp:8635,RSF,856b6e37fffffff,5,15.523006487760396,32.57683706993741,3,3,0,0,3,30,11,0,57,0.0,0.19298245614035087,0.0
2023-04-10,ucdp:8635,RSF,856b6eaffffffff,5,15.666591746948761,32.5105778563475,3,3,0,0,3,0,14,0,27,0.0,0.5185185185185185,0.0
2023-04-17,ucdp:8635,RSF,856b038bfffffff,5,13.443145027750063,22.894568824204516,1,0,0,1,0,0,165,165,165,1.0,1.0,1.0
2023-04-17,ucdp:8635,RSF,856b4287fffffff,5,13.225245724503111,30.152617420328752,2,2,0,0,2,5,48,0,53,0.0,0.9056603773584906,0.0
2023-04-17,ucdp:8635,RSF,856b448bfffffff,5,15.012737341499482,30.083281550987248,1,1,0,0,1,0,30,0,30,0.0,1.0,0.0
2023-04-17,ucdp:8635,RSF,856b6eaffffffff,5,15.666591746948761,32.5105778563475,1,1,0,0,1,0,0,0,12,0.0,0.0,0.0
2023-04-24,ucdp:8635,RSF,856b02a7fffffff,5,13.45999398207289,22.391256500715567,14,5,0,9,5,1,25,25,6583,0.6428571428571429,0.0037976606410451163,0.0037976606410451163
2023-04-24,ucdp:8635,RSF,856b6e37fffffff,5,15.523006487760396,32.57683706993741,3,3,0,0,3,0,8,0,24,0.0,0.3333333333333333,0.0
2023-05-01,ucdp:8635,RSF,856b02a7fffffff,5,13.45999398207289,22.391256500715567,1,1,0,0,1,0,0,0,280,0.0,0.0,0.0
2023-05-01,ucdp:8635,RSF,856b6e37fffffff,5,15.523006487760396,32.57683706993741,2,2,0,0,2,5,4,0,9,0.0,0.4444444444444444,0.0
2023-05-01,ucdp:8635,RSF,856b712ffffffff,5,14.496724675418257,29.527796281782496,1,1,0,0,1,0,0,0,12,0.0,0.0,0.0
2023-05-08,ucdp:8635,RSF,856b02a7fffffff,5,13.45999398207289,22.391256500715567,4,3,0,1,3,0,34,14,514,0.25,0.06614785992217899,0.027237354085603113
2023-05-15,ucdp:8635,RSF,856b02a7fffffff,5,13.45999398207289,22.391256500715567,1,1,0,0,1,0,0,0,7,0.0,0.0,0.0
2023-05-15,ucdp:8635,RSF,856b032ffffffff,5,12.874105981248873,23.541366730640174,1,1,0,0,1,0,0,0,133,0.0,0.0,0.0
2023-05-15,ucdp:8635,RSF,856b0a0ffffffff,5,12.0101707938044,24.830215921368204,2,2,0,0,2,0,25,0,35,0.0,0.7142857142857143,0.0
2023-05-15,ucdp:8635,RSF,856b6e37fffffff,5,15.523006487760396,32.57683706993741,2,1,0,1,1,0,1,1,1,0.5,1.0,1.0
2023-05-22,ucdp:8635,RSF,856b0073fffffff,5,13.86803664339118,22.489423034857715,1,1,0,0,1,4,0,0,4,0.0,0.0,0.0
2023-05-22,ucdp:8635,RSF,856b023bfffffff,5,13.058772442969003,22.126603097484278,3,2,0,1,2,17,28,28,114,0.3333333333333333,0.24561403508771928,0.24561403508771928
2023-05-22,ucdp:8635,RSF,856b02a7fffffff,5,13.45999398207289,22.391256500715567,1,1,0,0,1,0,0,0,50,0.0,0.0,0.0
2023-05-22,ucdp:8635,RSF,856b032ffffffff,5,12.874105981248873,23.541366730640174,1,1,0,0,1,0,1,0,1,0.0,1.0,0.0
2023-05-22,ucdp:8635,RSF,856b0897fffffff,5,13.617096818226427,25.424076053061942,1,1,0,0,1,0,0,0,3,0.0,0.0,0.0
2023-05-22,ucdp:8635,RSF,856b6e37fffffff,5,15.523006487760396,32.57683706993741,1,1,0,0,1,0,0,0,2,0.0,0.0,0.0
2023-05-22,ucdp:8635,RSF,856b6eaffffffff,5,15.666591746948761,32.5105778563475,2,2,0,0,2,0,0,0,3,0.0,0.0,0.0
2023-05-29,ucdp:8635,RSF,856b02a7fffffff,5,13.45999398207289,22.391256500715567,1,1,0,0,1,0,40,0,40,0.0,1.0,0.0
2023-05-29,ucdp:8635,RSF,856b0cc7fffffff,5,14.201760031416846,24.61463456526655,1,1,0,0,1,0,0,0,40,0.0,0.0,0.0
2023-05-29,ucdp:8635,RSF,856b4287fffffff,5,13.225245724503111,30.152617420328752,2,1,0,1,1,0,23,20,23,0.5,1.0,0.8695652173913043
2023-05-29,ucdp:8635,RSF,856b6e37fffffff,5,15.523006487760396,32.57683706993741,3,3,0,0,3,0,13,0,31,0.0,0.41935483870967744,0.0
2023-05-29,ucdp:8635,RSF,856b6eaffffffff,5,15.666591746948761,32.5105778563475,1,1,0,0,1,0,3,0,3,0.0,1.0,0.0
2023-06-05,ucdp:8635,RSF,856b02a7fffffff,5,13.45999398207289,22.391256500715567,2,0,0,2,0,0,39,39,39,1.0,1.0,1.0
2023-06-05,ucdp:8635,RSF,856b0cc7fffffff,5,14.201760031416846,24.61463456526655,2,0,0,2,0,0,36,36,36,1.0,1.0,1.0
2023-06-05,ucdp:8635,RSF,856b6e37fffffff,5,15.523006487760396,32.57683706993741,4,4,0,0,4,0,26,0,26,0.0,1.0,0.0
2023-06-05,ucdp:8635,RSF,856b6eaffffffff,5,15.666591746948761,32.5105778563475,5,4,0,1,4,1,21,1,22,0.2,0.9545454545454546,0.045454545454545456
2023-06-12,ucdp:8635,RSF,856b02a3fffffff,5,13.465387953201692,22.223469337348586,1,0,0,1,0,0,5,5,5,1.0,1.0,1.0
2023-06-12,ucdp:8635,RSF,856b02a7fffffff,5,13.45999398207289,22.391256500715567,11,4,0,7,4,1,572,554,591,0.6363636363636364,0.9678510998307953,0.937394247038917
2023-06-12,ucdp:8635,RSF,856b0a0ffffffff,5,12.0101707938044,24.830215921368204,1,1,0,0,1,0,2,0,2,0.0,1.0,0.0
2023-06-12,ucdp:8635,RSF,856b0c6bfffffff,5,13.5058987836312,24.82956121088632,1,1,0,0,1,0,8,0,8,0.0,1.0,0.0
2023-06-12,ucdp:8635,RSF,856b43cbfffffff,5,12.784145919110161,30.68495769510305,1,0,0,1,0,0,4,4,4,1.0,1.0,1.0
2023-06-12,ucdp:8635,RSF,856b68a3fffffff,5,15.715431120031816,33.60509094769738,1,1,0,0,1,0,4,0,4,0.0,1.0,0.0
2023-06-12,ucdp:8635,RSF,856b6e37fffffff,5,15.523006487760396,32.57683706993741,3,3,0,0,3,0,43,0,43,0.0,1.0,0.0
2023-06-12,ucdp:8635,RSF,856b6eaffffffff,5,15.666591746948761,32.5105778563475,2,2,0,0,2,0,9,0,9,0.0,1.0,0.0
2023-06-19,ucdp:8635,RSF,856b0897fffffff,5,13.617096818226427,25.424076053061942,1,1,0,0,1,0,0,0,1,0.0,0.0,0.0
2023-06-19,ucdp:8635,RSF,856b0a0ffffffff,5,12.0101707938044,24.830215921368204,2,2,0,0,2,0,30,0,30,0.0,1.0,0.0
2023-06-19,ucdp:8635,RSF,856b0c6bfffffff,5,13.5058987836312,24.82956121088632,1,1,0,0,1,0,0,0,7,0.0,0.0,0.0
2023-06-19,ucdp:8635,RSF,856b6e37fffffff,5,15.523006487760396,32.57683706993741,1,1,0,0,1,0,28,0,28,0.0,1.0,0.0
2023-06-19,ucdp:8635,RSF,856b6eaffffffff,5,15.666591746948761,32.5105778563475,1,1,0,0,1,0,9,0,9,0.0,1.0,0.0
2023-06-26,ucdp:8635,RSF,856b032ffffffff,5,12.874105981248873,23.541366730640174,1,1,0,0,1,0,1,0,1,0.0,1.0,0.0
2023-06-26,ucdp:8635,RSF,856b0347fffffff,5,12.897923213817887,22.87369602428455,1,0,0,1,0,0,7,7,7,1.0,1.0,1.0
2023-06-26,ucdp:8635,RSF,856b084bfffffff,5,12.682291556655446,24.95092036788911,1,0,0,1,0,0,2,2,2,1.0,1.0,1.0
2023-06-26,ucdp:8635,RSF,856b6eaffffffff,5,15.666591746948761,32.5105778563475,2,1,0,1,1,1,1,1,2,0.5,0.5,0.5
2023-07-03,ucdp:8635,RSF,856b032ffffffff,5,12.874105981248873,23.541366730640174,2,1,0,1,1,4,4,3,8,0.5,0.5,0.375
2023-07-03,ucdp:8635,RSF,856b0a0ffffffff,5,12.0101707938044,24.830215921368204,1,1,0,0,1,0,3,0,3,0.0,1.0,0.0
2023-07-03,ucdp:8635,RSF,856b0ad3fffffff,5,12.438621624291777,24.27143746873513,1,1,0,0,1,0,0,0,40,0.0,0.0,0.0
2023-07-03,ucdp:8635,RSF,856b4287fffffff,5,13.225245724503111,30.152617420328752,1,1,0,0,1,0,1,0,1,0.0,1.0,0.0
2023-07-03,ucdp:8635,RSF,856b68d7fffffff,5,15.77035469261784,32.94280046627911,1,1,0,0,1,0,49,0,49,0.0,1.0,0.0
2023-07-03,ucdp:8635,RSF,856b6e37fffffff,5,15.523006487760396,32.57683706993741,2,2,0,0,2,0,4,0,16,0.0,0.25,0.0
2023-07-03,ucdp:8635,RSF,856b6eaffffffff,5,15.666591746948761,32.5105778563475,3,3,0,0,3,0,20,0,72,0.0,0.2777777777777778,0.0
2023-07-10,ucdp:8635,RSF,856b084bfffffff,5,12.682291556655446,24.95092036788911,1,1,0,0,1,0,8,0,8,0.0,1.0,0.0
2023-07-10,ucdp:8635,RSF,856b0ad3fffffff,5,12.438621624291777,24.27143746873513,1,1,0,0,1,0,3,0,3,0.0,1.0,0.0
2023-07-10,ucdp:8635,RSF,856b51abfffffff,5,12.039791373119341,29.622342418404127,1,1,0,0,1,2,0,0,2,0.0,0.0,0.0
2023-07-10,ucdp:8635,RSF,856b51b3fffffff,5,12.307738921387287,29.648411656127955,1,0,0,1,0,0,1,1,1,1.0,1.0,1.0
2023-07-10,ucdp:8635,RSF,856b6eaffffffff,5,15.666591746948761,32.5105778563475,5,5,0,0,5,0,5,0,50,0.0,0.1,0.0
2023-07-17,ucdp:8635,RSF,856b02a7fffffff,5,13.45999398207289,22.391256500715567,1,0,0,1,0,0,1,1,1,1.0,1.0,1.0
2023-07-17,ucdp:8635,RSF,856b032ffffffff,5,12.874105981248873,23.541366730640174,1,1,0,0,1,1,0,0,1,0.0,0.0,0.0
2023-07-17,ucdp:8635,RSF,856b038bfffffff,5,13.443145027750063,22.894568824204516,1,0,0,1,0,0,1,1,1,1.0,1.0,1.0
2023-07-17,ucdp:8635,RSF,856b0a0ffffffff,5,12.0101707938044,24.830215921368204,1,1,0,0,1,0,16,0,16,0.0,1.0,0.0
2023-07-17,ucdp:8635,RSF,856b4287fffffff,5,13.225245724503111,30.152617420328752,1,1,0,0,1,0,4,0,4,0.0,1.0,0.0
2023-07-17,ucdp:8635,RSF,856b4317fffffff,5,12.880972286537473,31.271603111564453,2,0,0,2,0,0,2,2,2,1.0,1.0,1.0
2023-07-17,ucdp:8635,RSF,856b6e37fffffff,5,15.523006487760396,32.57683706993741,3,3,0,0,3,11,0,0,25,0.0,0.0,0.0
2023-07-17,ucdp:8635,RSF,856b6eaffffffff,5,15.666591746948761,32.5105778563475,1,1,0,0,1,9,0,0,9,0.0,0.0,0.0
2023-07-24,ucdp:8635,RSF,856b0073fffffff,5,13.86803664339118,22.489423034857715,1,0,0,1,0,0,200,200,200,1.0,1.0,1.0
2023-07-24,ucdp:8635,RSF,856b032ffffffff,5,12.874105981248873,23.541366730640174,1,1,0,0,1,0,0,0,0,0.0,0.0,0.0
2023-07-24,ucdp:8635,RSF,856b6e37fffffff,5,15.523006487760396,32.57683706993741,3,3,0,0,3,0,6,0,6,0.0,1.0,0.0
2023-07-24,ucdp:8635,RSF,856b6ea3fffffff,5,15.81036943723314,32.44412721021031,1,1,0,0,1,0,0,0,0,0.0,0.0,0.0
2023-07-24,ucdp:8635,RSF,856b6eaffffffff,5,15.666591746948761,32.5105778563475,4,3,0,1,3,2,3,1,20,0.25,0.15,0.05
2023-07-31,ucdp:8635,RSF,856b0a0ffffffff,5,12.0101707938044,24.830215921368204,2,1,0,1,1,0,9,1,9,0.5,1.0,0.1111111111111111
2023-07-31,ucdp:8635,RSF,856b4317fffffff,5,12.880972286537473,31.271603111564453,1,1,0,0,1,4,0,0,4,0.0,0.0,0.0
2023-07-31,ucdp:8635,RSF,856b6e37fffffff,5,15.523006487760396,32.57683706993741,1,1,0,0,1,15,0,0,15,0.0,0.0,0.0
2023-07-31,ucdp:8635,RSF,856b6eaffffffff,5,15.666591746948761,32.5105778563475,3,3,0,0,3,12,6,0,18,0.0,0.3333333333333333,0.0
2023-08-07,ucdp:8635,RSF,856b032ffffffff,5,12.874105981248873,23.541366730640174,1,1,0,0,1,0,0,0,42,0.0,0.0,0.0
2023-08-07,ucdp:8635,RSF,856b0a0ffffffff,5,12.0101707938044,24.830215921368204,5,5,0,0,5,0,50,0,97,0.0,0.5154639175257731,0.0
2023-08-07,ucdp:8635,RSF,856b404bfffffff,5,13.355254129012573,30.248774237764447,1,1,0,0,1,26,0,0,26,0.0,0.0,0.0
2023-08-07,ucdp:8635,RSF,856b680bfffffff,5,15.339874169964126,33.13909489052418,1,0,0,1,0,0,1,1,1,1.0,1.0,1.0
2023-08-07,ucdp:8635,RSF,856b6eaffffffff,5,15.666591746948761,32.5105778563475,4,4,0,0,4,6,36,0,42,0.0,0.8571428571428571,0.0
2023-08-14,ucdp:8635,RSF,856b0a0ffffffff,5,12.0101707938044,24.830215921368204,3,3,0,0,3,0,5,0,7,0.0,0.7142857142857143,0.0
2023-08-14,ucdp:8635,RSF,856b0a3bfffffff,5,12.003275215866061,24.995598861904284,1,0,0,1,0,0,10,10,10,1.0,1.0,1.0
2023-08-14,ucdp:8635,RSF,856b6e37fffffff,5,15.523006487760396,32.57683706993741,3,3,0,0,3,2,9,0,11,0.0,0.8181818181818182,0.0
2023-08-14,ucdp:8635,RSF,856b6eaffffffff,5,15.666591746948761,32.5105778563475,3,3,0,0,3,5,4,0,9,0.0,0.4444444444444444,0.0
2023-08-21,ucdp:8635,RSF,856b0a0ffffffff,5,12.0101707938044,24.830215921368204,5,4,0,1,4,1,98,2,99,0.2,0.98989898989899,0.020202020202020204
2023-08-21,ucdp:8635,RSF,856b6e37fffffff,5,15.523006487760396,32.57683706993741,3,3,0,0,3,0,13,0,13,0.0,1.0,0.0
2023-08-21,ucdp:8635,RSF,856b6eaffffffff,5,15.666591746948761,32.5105778563475,2,2,0,0,2,0,7,0,7,0.0,1.0,0.0
2023-08-28,ucdp:8635,RSF,856b0a0ffffffff,5,12.0101707938044,24.830215921368204,3,3,0,0,3,0,41,0,58,0.0,0.7068965517241379,0.0
2023-08-28,ucdp:8635,RSF,856b4287fffffff,5,13.225245724503111,30.152617420328752,1,1,0,0,1,0,14,0,14,0.0,1.0,0.0
2023-08-28,ucdp:8635,RSF,856b6e37fffffff,5,15.523006487760396,32.57683706993741,4,3,0,1,3,5,25,0,30,0.25,0.8333333333333334,0.0
2023-08-28,ucdp:8635,RSF,856b6eaffffffff,5,15.666591746948761,32.5105778563475,9,7,0,2,7,2,30,3,32,0.2222222222222222,0.9375,0.09375
2023-09-04,ucdp:8635,RSF,856b0897fffffff,5,13.617096818226427,25.424076053061942,1,1,0,0,1,0,2,0,2,0.0,1.0,0.0
2023-09-04,ucdp:8635,RSF,856b0a0ffffffff,5,12.0101707938044,24.830215921368204,1,1,0,0,1,0,1,0,1,0.0,1.0,0.0
2023-09-04,ucdp:8635,RSF,856b6e37fffffff,5,15.523006487760396,32.57683706993741,3,3,0,0,3,0,2,0,49,0.0,0.04081632653061224,0.0
2023-09-04,ucdp:8635,RSF,856b6eaffffffff,5,15.666591746948761,32.5105778563475,4,4,0,0,4,0,37,0,50,0.0,0.74,0.0
2023-09-11,ucdp:8635,RSF,856b02a3fffffff,5,13.465387953201692,22.223469337348586,1,1,0,0,1,0,0,0,5,0.0,0.0,0.0
2023-09-11,ucdp:8635,RSF,856b0a0ffffffff,5,12.0101707938044,24.830215921368204,1,1,0,0,1,0,0,0,40,0.0,0.0,0.0
2023-09-11,ucdp:8635,RSF,856b5077fffffff,5,11.707532226545537,28.359621421240988,1,1,0,0,1,2,0,0,2,0.0,0.0,0.0
2023-09-11,ucdp:8635,RSF,856b6eaffffffff,5,15.666591746948761,32.5105778563475,7,6,0,1,6,0,23,3,59,0.14285714285714285,0.3898305084745763,0.05084745762711865
2023-09-18,ucdp:8635,RSF,856b032ffffffff,5,12.874105981248873,23.541366730640174,1,1,0,0,1,0,9,0,9,0.0,1.0,0.0
2023-09-18,ucdp:8635,RSF,856b0a0ffffffff,5,12.0101707938044,24.830215921368204,1,1,0,0,1,0,1,0,1,0.0,1.0,0.0
2023-09-18,ucdp:8635,RSF,856b5017fffffff,5,12.113834823442144,28.31224433044174,1,1,0,0,1,0,1,0,4,0.0,0.25,0.0
2023-09-18,ucdp:8635,RSF,856b6e37fffffff,5,15.523006487760396,32.57683706993741,7,7,0,0,7,0,10,0,10,0.0,1.0,0.0
2023-09-18,ucdp:8635,RSF,856b6eaffffffff,5,15.666591746948761,32.5105778563475,4,4,0,0,4,0,9,0,9,0.0,1.0,0.0
2023-09-25,ucdp:8635,RSF,856b032ffffffff,5,12.874105981248873,23.541366730640174,2,1,0,1,1,0,30,24,30,0.5,1.0,0.8
2023-09-25,ucdp:8635,RSF,856b0a0ffffffff,5,12.0101707938044,24.830215921368204,1,1,0,0,1,0,0,0,15,0.0,0.0,0.0
2023-09-25,ucdp:8635,RSF,856b4317fffffff,5,12.880972286537473,31.271603111564453,1,1,0,0,1,4,0,0,4,0.0,0.0,0.0
2023-09-25,ucdp:8635,RSF,856b43a7fffffff,5,12.987613726092313,31.694720542113796,1,1,0,0,1,0,8,0,8,0.0,1.0,0.0
2023-09-25,ucdp:8635,RSF,856b6e2ffffffff,5,15.249419818998454,32.54329883583084,1,1,0,0,1,0,0,0,35,0.0,0.0,0.0
2023-09-25,ucdp:8635,RSF,856b6e37fffffff,5,15.523006487760396,32.57683706993741,3,3,0,0,3,0,10,0,10,0.0,1.0,0.0
2023-09-25,ucdp:8635,RSF,856b6eaffffffff,5,15.666591746948761,32.5105778563475,6,6,0,0,6,0,36,0,36,0.0,1.0,0.0
2023-10-02,ucdp:8635,RSF,856b032ffffffff,5,12.874105981248873,23.541366730640174,1,0,0,1,0,0,1,1,1,1.0,1.0,1.0
2023-10-02,ucdp:8635,RSF,856b4287fffffff,5,13.225245724503111,30.152617420328752,2,2,0,0,2,2,1,0,7,0.0,0.14285714285714285,0.0
2023-10-02,ucdp:8635,RSF,856b6e2ffffffff,5,15.249419818998454,32.54329883583084,2,2,0,0,2,0,0,0,190,0.0,0.0,0.0
2023-10-02,ucdp:8635,RSF,856b6e37fffffff,5,15.523006487760396,32.57683706993741,1,1,0,0,1,0,3,0,3,0.0,1.0,0.0
2023-10-02,ucdp:8635,RSF,856b6eaffffffff,5,15.666591746948761,32.5105778563475,3,2,0,1,2,0,22,1,22,0.3333333333333333,1.0,0.045454545454545456
2023-10-09,ucdp:8635,RSF,856b4287fffffff,5,13.225245724503111,30.152617420328752,1,1,0,0,1,0,0,0,3,0.0,0.0,0.0
2023-10-09,ucdp:8635,RSF,856b6e37fffffff,5,15.523006487760396,32.57683706993741,1,1,0,0,1,1,0,0,1,0.0,0.0,0.0
2023-10-09,ucdp:8635,RSF,856b6eaffffffff,5,15.666591746948761,32.5105778563475,3,3,0,0,3,0,8,0,25,0.0,0.32,0.0
2023-10-16,ucdp:8635,RSF,856b032ffffffff,5,12.874105981248873,23.541366730640174,2,2,0,0,2,0,2,0,4,0.0,0.5,0.0
2023-10-16,ucdp:8635,RSF,856b43a7fffffff,5,12.987613726092313,31.694720542113796,1,0,0,1,0,0,2,2,2,1.0,1.0,1.0
2023-10-23,ucdp:8635,RSF,856b032ffffffff,5,12.874105981248873,23.541366730640174,2,2,0,0,2,0,0,0,5,0.0,0.0,0.0
2023-10-23,ucdp:8635,RSF,856b0897fffffff,5,13.617096818226427,25.424076053061942,1,1,0,0,1,0,0,0,10,0.0,0.0,0.0
2023-10-23,ucdp:8635,RSF,856b0a0ffffffff,5,12.0101707938044,24.830215921368204,4,3,0,1,3,3,13,10,59,0.25,0.22033898305084745,0.1694915254237288
2023-10-23,ucdp:8635,RSF,856b436ffffffff,5,12.205946599272277,31.2783539360464,1,1,0,0,1,0,1,0,1,0.0,1.0,0.0
2023-10-23,ucdp:8635,RSF,856b6e37fffffff,5,15.523006487760396,32.57683706993741,1,1,0,0,1,0,2,0,2,0.0,1.0,0.0
2023-10-23,ucdp:8635,RSF,856b6eaffffffff,5,15.666591746948761,32.5105778563475,2,2,0,0,2,24,3,0,27,0.0,0.1111111111111111,0.0
2023-10-30,ucdp:8635,RSF,856b02a7fffffff,5,13.45999398207289,22.391256500715567,1,1,0,0,1,0,0,0,15,0.0,0.0,0.0
2023-10-30,ucdp:8635,RSF,856b032ffffffff,5,12.874105981248873,23.541366730640174,1,1,0,0,1,0,1,0,1,0.0,1.0,0.0
2023-10-30,ucdp:8635,RSF,856b03d3fffffff,5,13.454488741595142,22.559037387434365,9,4,0,5,4,6,1050,1040,1795,0.5555555555555556,0.584958217270195,0.5793871866295265
2023-10-30,ucdp:8635,RSF,856b0897fffffff,5,13.617096818226427,25.424076053061942,1,1,0,0,1,0,0,0,1,0.0,0.0,0.0
2023-10-30,ucdp:8635,RSF,856b4287fffffff,5,13.225245724503111,30.152617420328752,1,1,0,0,1,0,1,0,1,0.0,1.0,0.0
2023-10-30,ucdp:8635,RSF,856b5077fffffff,5,11.707532226545537,28.359621421240988,1,1,0,0,1,0,0,0,0,0.0,0.0,0.0
2023-10-30,ucdp:8635,RSF,856b6e37fffffff,5,15.523006487760396,32.57683706993741,1,1,0,0,1,0,15,0,15,0.0,1.0,0.0
2023-10-30,ucdp:8635,RSF,856b6eaffffffff,5,15.666591746948761,32.5105778563475,2,2,0,0,2,0,0,0,14,0.0,0.0,0.0
2023-11-06,ucdp:8635,RSF,856b03d3fffffff,5,13.454488741595142,22.559037387434365,2,0,0,2,0,0,60,60,60,1.0,1.0,1.0
2023-11-06,ucdp:8635,RSF,856b0897fffffff,5,13.617096818226427,25.424076053061942,3,3,0,0,3,1,2,0,8,0.0,0.25,0.0
2023-11-06,ucdp:8635,RSF,856b4313fffffff,5,12.891859824223866,31.10826413344214,1,0,0,1,0,0,9,9,9,1.0,1.0,1.0
2023-11-06,ucdp:8635,RSF,856b6e2ffffffff,5,15.249419818998454,32.54329883583084,2,2,0,0,2,0,71,0,71,0.0,1.0,0.0
2023-11-06,ucdp:8635,RSF,856b6eaffffffff,5,15.666591746948761,32.5105778563475,3,3,0,0,3,0,3,0,17,0.0,0.17647058823529413,0.0
2023-11-13,ucdp:8635,RSF,856b6e2ffffffff,5,15.249419818998454,32.54329883583084,1,1,0,0,1,3,0,0,7,0.0,0.0,0.0
2023-11-20,ucdp:8635,RSF,856a25d7fffffff,5,11.416072472580225,26.115900548809837,1,1,0,0,1,0,40,0,40,0.0,1.0,0.0
2023-11-20,ucdp:8635,RSF,856b6eaffffffff,5,15.666591746948761,32.5105778563475,3,3,0,0,3,0,2,0,16,0.0,0.125,0.0
2023-11-20,ucdp:8635,RSF,856b712ffffffff,5,14.496724675418257,29.527796281782496,1,1,0,0,1,0,0,0,7,0.0,0.0,0.0
2023-11-27,ucdp:8635,RSF,856b52bbfffffff,5,11.337018718490974,27.753918817936633,1,1,0,0,1,1,0,0,1,0.0,0.0,0.0
2023-11-27,ucdp:8635,RSF,856b6eaffffffff,5,15.666591746948761,32.5105778563475,1,1,0,0,1,0,4,0,4,0.0,1.0,0.0
2023-11-27,ucdp:8635,RSF,856b712ffffffff,5,14.496724675418257,29.527796281782496,1,1,0,0,1,0,4,0,4,0.0,1.0,0.0
2023-12-04,ucdp:8635,RSF,856b51affffffff,5,12.030134169840528,29.7855726535072,1,0,0,1,0,0,4,4,4,1.0,1.0,1.0
2023-12-04,ucdp:8635,RSF,856b6e37fffffff,5,15.523006487760396,32.57683706993741,1,1,0,0,1,0,2,0,2,0.0,1.0,0.0
2023-12-04,ucdp:8635,RSF,856b6eaffffffff,5,15.666591746948761,32.5105778563475,2,2,0,0,2,0,7,0,7,0.0,1.0,0.0
2023-12-04,ucdp:8635,RSF,856b7077fffffff,5,14.586735638130152,28.020551626896516,1,1,0,0,1,0,0,0,5,0.0,0.0,0.0
2023-12-11,ucdp:8635,RSF,856b0a0ffffffff,5,12.0101707938044,24.830215921368204,1,1,0,0,1,0,0,0,6,0.0,0.0,0.0
2023-12-11,ucdp:8635,RSF,856b0c2ffffffff,5,13.757616890803206,25.34844956941545,1,1,0,0,1,0,2,0,2,0.0,1.0,0.0
2023-12-11,ucdp:8635,RSF,856b5ccbfffffff,5,11.88192621135297,30.016732410402085,1,0,0,1,0,0,13,13,13,1.0,1.0,1.0
2023-12-11,ucdp:8635,RSF,856b6b1bfffffff,5,14.484353147764434,33.52660543136047,3,3,0,0,3,2,5,0,304,0.0,0.01644736842105263,0.0
2023-12-18,ucdp:8635,RSF,856b4287fffffff,5,13.225245724503111,30.152617420328752,1,1,0,0,1,0,2,0,2,0.0,1.0,0.0
2023-12-18,ucdp:8635,RSF,856b6b1bfffffff,5,14.484353147764434,33.52660543136047,1,0,0,1,0,0,1,1,1,1.0,1.0,1.0
2023-12-18,ucdp:8635,RSF,856b6bd3fffffff,5,14.781916997454012,33.234068187157774,1,0,0,1,0,0,2,2,2,1.0,1.0,1.0
2023-12-18,ucdp:8635,RSF,856b6bd7fffffff,5,14.768703203995601,33.398181540419955,1,0,0,1,0,0,2,2,2,1.0,1.0,1.0
2023-12-25,ucdp:8635,RSF,856b0a0ffffffff,5,12.0101707938044,24.830215921368204,1,1,0,0,1,0,30,0,30,0.0,1.0,0.0
2023-12-25,ucdp:8635,RSF,856b5ccbfffffff,5,11.88192621135297,30.016732410402085,1,0,0,1,0,0,8,8,8,1.0,1.0,1.0
2023-12-25,ucdp:8635,RSF,856b6b1bfffffff,5,14.484353147764434,33.52660543136047,1,0,0,1,0,0,1,1,1,1.0,1.0,1.0
2023-12-25,ucdp:8635,RSF,856b6b53fffffff,5,14.368587889587243,33.2637641534057,1,1,0,0,1,0,0,0,4,0.0,0.0,0.0
2023-12-25,ucdp:8635,RSF,856b6bc3fffffff,5,14.639599355537094,33.298646533523275,1,0,0,1,0,0,1,1,1,1.0,1.0,1.0
2024-01-01,ucdp:8635,RSF,856b40cffffffff,5,13.756528642419191,30.3731773839385,1,1,0,0,1,3,0,0,3,0.0,0.0,0.0
2024-01-01,ucdp:8635,RSF,856b51abfffffff,5,12.039791373119341,29.622342418404127,1,0,0,1,0,0,17,17,17,1.0,1.0,1.0
2024-01-01,ucdp:8635,RSF,856b51affffffff,5,12.030134169840528,29.7855726535072,1,0,0,1,0,0,4,4,4,1.0,1.0,1.0
2024-01-01,ucdp:8635,RSF,856b5c53fffffff,5,11.743680749110238,30.08460474265854,1,0,0,1,0,0,21,21,21,1.0,1.0,1.0
2024-01-01,ucdp:8635,RSF,856b5ccbfffffff,5,11.88192621135297,30.016732410402085,1,0,0,1,0,0,1,1,1,1.0,1.0,1.0
2024-01-01,ucdp:8635,RSF,856b6b1bfffffff,5,14.484353147764434,33.52660543136047,2,1,0,1,1,0,9,3,14,0.5,0.6428571428571429,0.21428571428571427
2024-01-01,ucdp:8635,RSF,856b6b6bfffffff,5,13.931167296261178,33.61876134125003,1,1,0,0,1,0,7,0,7,0.0,1.0,0.0
2024-01-01,ucdp:8635,RSF,856b6bd7fffffff,5,14.768703203995601,33.398181540419955,1,0,0,1,0,0,1,1,1,1.0,1.0,1.0
2024-01-01,ucdp:8635,RSF,856b6c73fffffff,5,16.202578508294817,32.744789763100805,2,2,0,0,2,0,3,0,3,0.0,1.0,0.0
2024-01-01,ucdp:8635,RSF,856b6e97fffffff,5,16.111653402951703,32.143513396531354,1,1,0,0,1,0,1,0,1,0.0,1.0,0.0
2024-01-01,ucdp:8635,RSF,856b6eabfffffff,5,15.679675700261631,32.344269579727474,1,0,0,1,0,0,9,9,9,1.0,1.0,1.0
2024-01-08,ucdp:8635,RSF,856b0a0ffffffff,5,12.0101707938044,24.830215921368204,2,2,0,0,2,0,7,0,7,0.0,1.0,0.0
2024-01-08,ucdp:8635,RSF,856b4ca7fffffff,5,13.802958103861757,33.51983570704063,1,1,0,0,1,0,2,0,2,0.0,1.0,0.0
2024-01-08,ucdp:8635,RSF,856b51abfffffff,5,12.039791373119341,29.622342418404127,1,1,0,0,1,3,0,0,3,0.0,0.0,0.0
2024-01-08,ucdp:8635,RSF,856b6853fffffff,5,15.366477555999683,32.80848485005667,1,0,0,1,0,0,1,1,1,1.0,1.0,1.0
2024-01-08,ucdp:8635,RSF,856b687bfffffff,5,15.067168834298581,33.104350983654285,1,0,0,1,0,0,6,6,6,1.0,1.0,1.0
2024-01-08,ucdp:8635,RSF,856b6a8bfffffff,5,14.84643178702341,32.410751731197266,1,1,0,0,1,0,7,0,7,0.0,1.0,0.0
2024-01-08,ucdp:8635,RSF,856b6b6bfffffff,5,13.931167296261178,33.61876134125003,1,1,0,0,1,0,10,0,10,0.0,1.0,0.0
2024-01-08,ucdp:8635,RSF,856b6e37fffffff,5,15.523006487760396,32.57683706993741,3,3,0,0,3,0,33,0,36,0.0,0.9166666666666666,0.0
2024-01-08,ucdp:8635,RSF,856b6e97fffffff,5,16.111653402951703,32.143513396531354,1,1,0,0,1,0,1,0,1,0.0,1.0,0.0
2024-01-08,ucdp:8635,RSF,856b6eaffffffff,5,15.666591746948761,32.5105778563475,2,2,0,0,2,0,1,0,4,0.0,0.25,0.0
2024-01-15,ucdp:8635,RSF,856b2a37fffffff,5,15.022363407245473,24.82888898186477,1,1,0,0,1,0,0,0,12,0.0,0.0,0.0
2024-01-15,ucdp:8635,RSF,856b4c33fffffff,5,13.546660813884062,33.32249344951398,1,1,0,0,1,0,0,0,9,0.0,0.0,0.0
2024-01-15,ucdp:8635,RSF,856b5207fffffff,5,11.07078885710619,27.732367857903256,1,1,0,0,1,0,9,0,11,0.0,0.8181818181818182,0.0
2024-01-15,ucdp:8635,RSF,856b68bbfffffff,5,15.729328193164328,33.439805035509984,1,1,0,0,1,0,10,0,10,0.0,1.0,0.0
2024-01-22,ucdp:8635,RSF,856b0c2ffffffff,5,13.757616890803206,25.34844956941545,1,1,0,0,1,0,0,0,2,0.0,0.0,0.0
2024-01-22,ucdp:8635,RSF,856b0dc3fffffff,5,14.157548064133358,25.625693667300094,2,2,0,0,2,0,0,0,9,0.0,0.0,0.0
2024-01-22,ucdp:8635,RSF,856b1b87fffffff,5,10.716934500846234,23.611112543659967,1,1,0,0,1,0,0,0,8,0.0,0.0,0.0
2024-01-22,ucdp:8635,RSF,856b5207fffffff,5,11.07078885710619,27.732367857903256,1,1,0,0,1,0,8,0,8,0.0,1.0,0.0
2024-01-22,ucdp:8635,RSF,856b52bbfffffff,5,11.337018718490974,27.753918817936633,3,3,0,0,3,0,16,0,43,0.0,0.37209302325581395,0.0
2024-01-22,ucdp:8635,RSF,856b6e37fffffff,5,15.523006487760396,32.57683706993741,2,2,0,0,2,0,1,0,2,0.0,0.5,0.0
2024-01-22,ucdp:8635,RSF,856b6e97fffffff,5,16.111653402951703,32.143513396531354,1,1,0,0,1,0,1,0,1,0.0,1.0,0.0
2024-01-22,ucdp:8635,RSF,856b6eaffffffff,5,15.666591746948761,32.5105778563475,3,3,0,0,3,6,4,0,14,0.0,0.2857142857142857,0.0
2024-01-29,ucdp:8635,RSF,856b0897fffffff,5,13.617096818226427,25.424076053061942,2,2,0,0,2,0,5,0,5,0.0,1.0,0.0
2024-01-29,ucdp:8635,RSF,856b6a23fffffff,5,14.394286067063872,32.93624621305424,1,0,0,1,0,0,12,12,12,1.0,1.0,1.0
2024-01-29,ucdp:8635,RSF,856b6a2ffffffff,5,14.252483117643951,33.00108234762603,1,0,0,1,0,0,5,5,5,1.0,1.0,1.0
2024-01-29,ucdp:8635,RSF,856b6a33fffffff,5,14.536297645561135,32.87122396847487,1,0,0,1,0,0,15,15,15,1.0,1.0,1.0
2024-01-29,ucdp:8635,RSF,856b6b4ffffffff,5,14.085344574226403,33.39216775081777,1,0,0,1,0,0,1,1,1,1.0,1.0,1.0
2024-01-29,ucdp:8635,RSF,856b6b57fffffff,5,14.355589874543668,33.42724592601439,1,0,0,1,0,0,2,2,2,1.0,1.0,1.0
2024-01-29,ucdp:8635,RSF,856b6bc3fffffff,5,14.639599355537094,33.298646533523275,6,0,0,6,0,0,22,22,22,1.0,1.0,1.0
2024-01-29,ucdp:8635,RSF,856b6bcbfffffff,5,14.510526404273525,33.199284904221805,2,0,0,2,0,0,7,7,7,1.0,1.0,1.0
2024-01-29,ucdp:8635,RSF,856b6eaffffffff,5,15.666591746948761,32.5105778563475,1,1,0,0,1,10,0,0,10,0.0,0.0,0.0
2024-02-05,ucdp:8635,RSF,856b0897fffffff,5,13.617096818226427,25.424076053061942,1,1,0,0,1,0,0,0,2,0.0,0.0,0.0
2024-02-05,ucdp:8635,RSF,856b2a37fffffff,5,15.022363407245473,24.82888898186477,1,1,0,0,1,0,0,0,5,0.0,0.0,0.0
2024-02-05,ucdp:8635,RSF,856b5137fffffff,5,11.891652933465702,29.853875873317154,1,0,0,1,0,0,3,3,3,1.0,1.0,1.0
2024-02-05,ucdp:8635,RSF,856b51abfffffff,5,12.039791373119341,29.622342418404127,1,0,0,1,0,0,22,22,22,1.0,1.0,1.0
2024-02-05,ucdp:8635,RSF,856b5c03fffffff,5,11.852231191173376,30.50451296033223,1,0,0,1,0,0,4,4,4,1.0,1.0,1.0
2024-02-05,ucdp:8635,RSF,856b5c53fffffff,5,11.743680749110238,30.08460474265854,1,0,0,1,0,0,12,12,12,1.0,1.0,1.0
2024-02-05,ucdp:8635,RSF,856b5c8bfffffff,5,12.12924913438355,30.36970805847137,1,0,0,1,0,0,24,24,24,1.0,1.0,1.0
2024-02-05,ucdp:8635,RSF,856b5ccbfffffff,5,11.88192621135297,30.016732410402085,1,0,0,1,0,0,23,23,23,1.0,1.0,1.0
2024-02-05,ucdp:8635,RSF,856b6bc3fffffff,5,14.639599355537094,33.298646533523275,2,0,0,2,0,0,6,6,6,1.0,1.0,1.0
2024-02-05,ucdp:8635,RSF,856b6eaffffffff,5,15.666591746948761,32.5105778563475,1,1,0,0,1,0,0,0,24,0.0,0.0,0.0
2024-02-12,ucdp:8635,RSF,856b434bfffffff,5,12.37639356682033,30.72372474091405,1,0,0,1,0,0,41,41,41,1.0,1.0,1.0
2024-02-12,ucdp:8635,RSF,856b5137fffffff,5,11.891652933465702,29.853875873317154,1,0,0,1,0,0,8,8,8,1.0,1.0,1.0
2024-02-12,ucdp:8635,RSF,856b5c03fffffff,5,11.852231191173376,30.50451296033223,1,0,0,1,0,0,8,8,8,1.0,1.0,1.0
2024-02-12,ucdp:8635,RSF,856b5ccbfffffff,5,11.88192621135297,30.016732410402085,1,0,0,1,0,0,8,8,8,1.0,1.0,1.0
2024-02-19,ucdp:8635,RSF,856a25d7fffffff,5,11.416072472580225,26.115900548809837,1,1,0,0,1,0,5,0,10,0.0,0.5,0.0
2024-02-19,ucdp:8635,RSF,856b5ccbfffffff,5,11.88192621135297,30.016732410402085,1,0,0,1,0,0,24,24,24,1.0,1.0,1.0
2024-02-19,ucdp:8635,RSF,856b6aa7fffffff,5,14.795028048612995,33.06976831916465,1,0,0,1,0,0,2,2,2,1.0,1.0,1.0
2024-02-19,ucdp:8635,RSF,856b6aaffffffff,5,14.665646171769,32.97040852436593,1,0,0,1,0,0,4,4,4,1.0,1.0,1.0
2024-02-19,ucdp:8635,RSF,856b6e37fffffff,5,15.523006487760396,32.57683706993741,2,2,0,0,2,0,11,0,14,0.0,0.7857142857142857,0.0
2024-02-19,ucdp:8635,RSF,856b6eaffffffff,5,15.666591746948761,32.5105778563475,2,2,0,0,2,1,0,0,5,0.0,0.0,0.0
2024-02-26,ucdp:8635,RSF,856b0857fffffff,5,12.946632048262824,25.13297413560665,1,0,0,1,0,0,1,1,1,1.0,1.0,1.0
2024-02-26,ucdp:8635,RSF,856b0ad3fffffff,5,12.438621624291777,24.27143746873513,1,0,0,1,0,0,0,0,0,1.0,0.0,0.0
2024-02-26,ucdp:8635,RSF,856b4cb7fffffff,5,13.94404335170838,33.4560933679697,1,0,0,1,0,0,16,16,16,1.0,1.0,1.0
2024-02-26,ucdp:8635,RSF,856b6eaffffffff,5,15.666591746948761,32.5105778563475,1,1,0,0,1,0,1,0,1,0.0,1.0,0.0
2024-03-04,ucdp:8635,RSF,856b0c2ffffffff,5,13.757616890803206,25.34844956941545,1,1,0,0,1,0,0,0,5,0.0,0.0,0.0
2024-03-04,ucdp:8635,RSF,856b5207fffffff,5,11.07078885710619,27.732367857903256,1,1,0,0,1,0,2,0,2,0.0,1.0,0.0
2024-03-04,ucdp:8635,RSF,856b52bbfffffff,5,11.337018718490974,27.753918817936633,1,1,0,0,1,0,0,0,3,0.0,0.0,0.0
2024-03-04,ucdp:8635,RSF,856b555bfffffff,5,12.652205894555758,28.358529475015647,1,0,0,1,0,0,5,5,5,1.0,1.0,1.0
2024-03-04,ucdp:8635,RSF,856b6aa7fffffff,5,14.795028048612995,33.06976831916465,2,0,0,2,0,0,9,9,9,1.0,1.0,1.0
2024-03-04,ucdp:8635,RSF,856b6bc3fffffff,5,14.639599355537094,33.298646533523275,1,0,0,1,0,0,4,4,4,1.0,1.0,1.0
2024-03-04,ucdp:8635,RSF,856b6bd3fffffff,5,14.781916997454012,33.234068187157774,1,0,0,1,0,0,3,3,3,1.0,1.0,1.0
2024-03-11,ucdp:8635,RSF,856b0897fffffff,5,13.617096818226427,25.424076053061942,1,1,0,0,1,0,1,0,1,0.0,1.0,0.0
2024-03-11,ucdp:8635,RSF,856b4227fffffff,5,12.6550107088778,30.588954548251603,1,0,0,1,0,0,0,0,4,1.0,0.0,0.0
2024-03-11,ucdp:8635,RSF,856b52bbfffffff,5,11.337018718490974,27.753918817936633,2,1,0,1,1,0,6,3,6,0.5,1.0,0.5
2024-03-11,ucdp:8635,RSF,856b5c4bfffffff,5,11.477514217775266,30.057683044979193,1,1,0,0,1,0,13,0,14,0.0,0.9285714285714286,0.0
2024-03-11,ucdp:8635,RSF,856b5e3bfffffff,5,10.81059109299894,30.07154217866512,1,1,0,0,1,0,5,0,5,0.0,1.0,0.0
2024-03-11,ucdp:8635,RSF,856b6853fffffff,5,15.366477555999683,32.80848485005667,1,0,0,1,0,0,1,1,1,1.0,1.0,1.0
2024-03-11,ucdp:8635,RSF,856b6aaffffffff,5,14.665646171769,32.97040852436593,1,0,0,1,0,0,8,8,8,1.0,1.0,1.0
2024-03-18,ucdp:8635,RSF,856b0897fffffff,5,13.617096818226427,25.424076053061942,2,2,0,0,2,0,2,0,6,0.0,0.3333333333333333,0.0
2024-03-18,ucdp:8635,RSF,856b52bbfffffff,5,11.337018718490974,27.753918817936633,2,2,0,0,2,0,7,0,7,0.0,1.0,0.0
2024-03-18,ucdp:8635,RSF,856b6aaffffffff,5,14.665646171769,32.97040852436593,1,0,0,1,0,0,1,1,1,1.0,1.0,1.0
2024-03-18,ucdp:8635,RSF,856b6b8bfffffff,5,14.755387329592146,33.56210600811757,1,0,0,1,0,0,1,1,1,1.0,1.0,1.0
2024-03-18,ucdp:8635,RSF,856b6bc3fffffff,5,14.639599355537094,33.298646533523275,1,0,0,1,0,0,1,1,1,1.0,1.0,1.0
2024-03-18,ucdp:8635,RSF,856b6bdbfffffff,5,14.652673737370709,33.1346198391187,2,0,0,2,0,0,3,3,3,1.0,1.0,1.0
2024-03-18,ucdp:8635,RSF,856b6e37fffffff,5,15.523006487760396,32.57683706993741,1,0,0,1,0,0,1,1,1,1.0,1.0,1.0
2024-03-18,ucdp:8635,RSF,856b6eaffffffff,5,15.666591746948761,32.5105778563475,2,2,0,0,2,27,0,0,27,0.0,0.0,0.0
2024-03-25,ucdp:8635,RSF,856b0897fffffff,5,13.617096818226427,25.424076053061942,2,2,0,0,2,3,12,0,15,0.0,0.8,0.0
2024-03-25,ucdp:8635,RSF,856b0bcbfffffff,5,12.120289160732657,25.416979752220843,1,0,0,1,0,0,3,3,3,1.0,1.0,1.0
2024-03-25,ucdp:8635,RSF,856b4c3bfffffff,5,13.418577555213474,33.22407712044353,1,0,0,1,0,0,16,16,16,1.0,1.0,1.0
2024-03-25,ucdp:8635,RSF,856b4cb7fffffff,5,13.94404335170838,33.4560933679697,1,0,0,1,0,0,12,12,12,1.0,1.0,1.0
2024-03-25,ucdp:8635,RSF,856b4cbbfffffff,5,13.828344148496193,33.19448040827256,1,0,0,1,0,0,5,5,5,1.0,1.0,1.0
2024-03-25,ucdp:8635,RSF,856b6a37fffffff,5,14.523462598758716,33.035345802216696,1,0,0,1,0,0,1,1,1,1.0,1.0,1.0
2024-03-25,ucdp:8635,RSF,856b6b4bfffffff,5,14.098166026170027,33.229042472524036,1,0,0,1,0,0,13,13,13,1.0,1.0,1.0
2024-03-25,ucdp:8635,RSF,856b6eabfffffff,5,15.679675700261631,32.344269579727474,1,0,0,1,0,0,3,3,3,1.0,1.0,1.0
2024-03-25,ucdp:8635,RSF,856b6eaffffffff,5,15.666591746948761,32.5105778563475,3,2,0,1,2,33,1,1,34,0.3333333333333333,0.029411764705882353,0.029411764705882353
2024-04-01,ucdp:8635,RSF,855393b7fffffff,5,17.772085294404857,33.963720667814314,1,1,0,0,1,0,0,0,12,0.0,0.0,0.0
2024-04-01,ucdp:8635,RSF,856b0897fffffff,5,13.617096818226427,25.424076053061942,4,2,0,2,2,0,17,15,40,0.5,0.425,0.375
2024-04-01,ucdp:8635,RSF,856b0e93fffffff,5,13.673401348561217,24.081628252479913,1,1,0,0,1,0,0,0,2,0.0,0.0,0.0
2024-04-01,ucdp:8635,RSF,856b437bfffffff,5,12.355454071552648,31.049391526807625,1,0,0,1,0,0,24,24,24,1.0,1.0,1.0
2024-04-01,ucdp:8635,RSF,856b6b0ffffffff,5,14.329299208427093,33.75364336693428,1,1,0,0,1,0,2,0,2,0.0,1.0,0.0
2024-04-01,ucdp:8635,RSF,856b6b1bfffffff,5,14.484353147764434,33.52660543136047,1,1,0,0,1,0,0,0,0,0.0,0.0,0.0
2024-04-01,ucdp:8635,RSF,856b6bdbfffffff,5,14.652673737370709,33.1346198391187,1,0,0,1,0,0,28,28,28,1.0,1.0,1.0
2024-04-01,ucdp:8635,RSF,856b6e37fffffff,5,15.523006487760396,32.57683706993741,1,1,0,0,1,0,3,0,24,0.0,0.125,0.0
2024-04-08,ucdp:8635,RSF,856b0897fffffff,5,13.617096818226427,25.424076053061942,5,3,0,2,3,0,30,17,55,0.4,0.5454545454545454,0.3090909090909091
2024-04-08,ucdp:8635,RSF,856b0dc3fffffff,5,14.157548064133358,25.625693667300094,2,2,0,0,2,0,0,0,4,0.0,0.0,0.0
2024-04-08,ucdp:8635,RSF,856b2b4ffffffff,5,14.58940264044183,25.228894662485818,1,1,0,0,1,0,1,0,1,0.0,1.0,0.0
2024-04-08,ucdp:8635,RSF,856b4287fffffff,5,13.225245724503111,30.152617420328752,1,1,0,0,1,0,5,0,5,0.0,1.0,0.0
2024-04-08,ucdp:8635,RSF,856b68a3fffffff,5,15.715431120031816,33.60509094769738,1,1,0,0,1,0,0,0,13,0.0,0.0,0.0
2024-04-15,ucdp:8635,RSF,856b0897fffffff,5,13.617096818226427,25.424076053061942,1,1,0,0,1,0,0,0,18,0.0,0.0,0.0
2024-04-15,ucdp:8635,RSF,856b0a0ffffffff,5,12.0101707938044,24.830215921368204,1,1,0,0,1,0,4,0,4,0.0,1.0,0.0
2024-04-15,ucdp:8635,RSF,856b0c27fffffff,5,13.890820641102401,25.440659577064963,1,0,0,1,0,0,4,4,4,1.0,1.0,1.0
2024-04-15,ucdp:8635,RSF,856b0cc7fffffff,5,14.201760031416846,24.61463456526655,1,1,0,0,1,0,13,0,13,0.0,1.0,0.0
2024-04-15,ucdp:8635,RSF,856b4287fffffff,5,13.225245724503111,30.152617420328752,3,3,0,0,3,0,7,0,8,0.0,0.875,0.0
2024-04-15,ucdp:8635,RSF,856b4343fffffff,5,12.505145215491595,30.819590790473818,2,1,0,1,1,2,18,18,20,0.5,0.9,0.9
2024-04-15,ucdp:8635,RSF,856b434bfffffff,5,12.37639356682033,30.72372474091405,1,0,0,1,0,0,23,23,23,1.0,1.0,1.0
2024-04-15,ucdp:8635,RSF,856b6853fffffff,5,15.366477555999683,32.80848485005667,1,0,0,1,0,0,1,1,1,1.0,1.0,1.0
2024-04-15,ucdp:8635,RSF,856b6aa7fffffff,5,14.795028048612995,33.06976831916465,1,1,0,0,1,0,0,0,5,0.0,0.0,0.0
2024-04-15,ucdp:8635,RSF,856b6b1bfffffff,5,14.484353147764434,33.52660543136047,1,1,0,0,1,0,2,0,2,0.0,1.0,0.0
2024-04-15,ucdp:8635,RSF,856b6e37fffffff,5,15.523006487760396,32.57683706993741,1,1,0,0,1,0,1,0,1,0.0,1.0,0.0
2024-04-22,ucdp:8635,RSF,856b0dc3fffffff,5,14.157548064133358,25.625693667300094,1,1,0,0,1,0,7,0,7,0.0,1.0,0.0
2024-04-22,ucdp:8635,RSF,856b52bbfffffff,5,11.337018718490974,27.753918817936633,1,1,0,0,1,5,0,0,5,0.0,0.0,0.0
2024-04-22,ucdp:8635,RSF,856b6e37fffffff,5,15.523006487760396,32.57683706993741,1,0,0,1,0,0,1,1,1,1.0,1.0,1.0
2024-04-29,ucdp:8635,RSF,856b0897fffffff,5,13.617096818226427,25.424076053061942,2,1,0,1,1,0,4,1,4,0.5,1.0,0.25
2024-04-29,ucdp:8635,RSF,856b4287fffffff,5,13.225245724503111,30.152617420328752,1,1,0,0,1,7,0,0,7,0.0,0.0,0.0
2024-04-29,ucdp:8635,RSF,856b42b3fffffff,5,13.214789671223274,30.317184588701977,1,0,0,1,0,0,16,16,16,1.0,1.0,1.0
2024-04-29,ucdp:8635,RSF,856b52bbfffffff,5,11.337018718490974,27.753918817936633,1,1,0,0,1,0,4,0,4,0.0,1.0,0.0
2024-05-06,ucdp:8635,RSF,856b088bfffffff,5,13.351412988099886,25.240335793837772,1,0,0,1,0,0,1,1,1,1.0,1.0,1.0
2024-05-06,ucdp:8635,RSF,856b0897fffffff,5,13.617096818226427,25.424076053061942,8,8,0,0,8,0,77,0,147,0.0,0.5238095238095238,0.0
2024-05-06,ucdp:8635,RSF,856b0c27fffffff,5,13.890820641102401,25.440659577064963,1,0,0,1,0,0,8,8,8,1.0,1.0,1.0
2024-05-06,ucdp:8635,RSF,856b428ffffffff,5,13.095312599951582,30.056645183307552,1,1,0,0,1,0,14,0,14,0.0,1.0,0.0
2024-05-06,ucdp:8635,RSF,856b43a3fffffff,5,12.998804957433652,31.531584207941805,1,1,0,0,1,5,0,0,5,0.0,0.0,0.0
2024-05-06,ucdp:8635,RSF,856b56abfffffff,5,12.165534654186953,27.325244816559575,1,1,0,0,1,0,0,0,8,0.0,0.0,0.0
2024-05-06,ucdp:8635,RSF,856b6b0bfffffff,5,14.342493431432745,33.59053977194792,1,0,0,1,0,0,1,1,1,1.0,1.0,1.0
2024-05-06,ucdp:8635,RSF,856b6b1bfffffff,5,14.484353147764434,33.52660543136047,1,0,0,1,0,0,13,13,13,1.0,1.0,1.0
2024-05-06,ucdp:8635,RSF,856b6e37fffffff,5,15.523006487760396,32.57683706993741,1,1,0,0,1,0,0,0,6,0.0,0.0,0.0
2024-05-06,ucdp:8635,RSF,856b6e97fffffff,5,16.111653402951703,32.143513396531354,1,1,0,0,1,0,1,0,1,0.0,1.0,0.0
2024-05-06,ucdp:8635,RSF,856b6eaffffffff,5,15.666591746948761,32.5105778563475,2,1,0,1,1,0,4,2,4,0.5,1.0,0.5
2024-05-13,ucdp:8635,RSF,856b0897fffffff,5,13.617096818226427,25.424076053061942,2,2,0,0,2,0,5,0,5,0.0,1.0,0.0
2024-05-13,ucdp:8635,RSF,856b0a0ffffffff,5,12.0101707938044,24.830215921368204,1,1,0,0,1,0,3,0,3,0.0,1.0,0.0
2024-05-13,ucdp:8635,RSF,856b4317fffffff,5,12.880972286537473,31.271603111564453,1,0,0,1,0,0,15,15,15,1.0,1.0,1.0
2024-05-13,ucdp:8635,RSF,856b448bfffffff,5,15.012737341499482,30.083281550987248,1,1,0,0,1,1,0,0,1,0.0,0.0,0.0
2024-05-13,ucdp:8635,RSF,856b5c03fffffff,5,11.852231191173376,30.50451296033223,1,1,0,0,1,0,0,0,3,0.0,0.0,0.0
2024-05-13,ucdp:8635,RSF,856b5e07fffffff,5,10.947343875005515,30.004209042627032,1,0,0,1,0,0,1,1,1,1.0,1.0,1.0
2024-05-13,ucdp:8635,RSF,856b5e9bfffffff,5,11.368349205348665,29.638867754388812,1,1,0,0,1,0,1,0,1,0.0,1.0,0.0
2024-05-13,ucdp:8635,RSF,856b6aa7fffffff,5,14.795028048612995,33.06976831916465,1,0,0,1,0,0,1,1,1,1.0,1.0,1.0
2024-05-13,ucdp:8635,RSF,856b6b7bfffffff,5,14.072426891978031,33.555106511045736,1,0,0,1,0,0,8,8,8,1.0,1.0,1.0
2024-05-13,ucdp:8635,RSF,856b6bcbfffffff,5,14.510526404273525,33.199284904221805,1,0,0,1,0,0,1,1,1,1.0,1.0,1.0
2024-05-13,ucdp:8635,RSF,856b6bd3fffffff,5,14.781916997454012,33.234068187157774,1,1,0,0,1,0,5,0,5,0.0,1.0,0.0
2024-05-13,ucdp:8635,RSF,856b6eaffffffff,5,15.666591746948761,32.5105778563475,1,1,0,0,1,0,11,0,11,0.0,1.0,0.0
2024-05-20,ucdp:8635,RSF,856b0897fffffff,5,13.617096818226427,25.424076053061942,7,7,0,0,7,0,34,0,59,0.0,0.576271186440678,0.0
2024-05-20,ucdp:8635,RSF,856b0c2ffffffff,5,13.757616890803206,25.34844956941545,3,2,0,1,2,0,17,2,17,0.3333333333333333,1.0,0.11764705882352941
2024-05-20,ucdp:8635,RSF,856b0cc7fffffff,5,14.201760031416846,24.61463456526655,1,1,0,0,1,0,3,0,3,0.0,1.0,0.0
2024-05-20,ucdp:8635,RSF,856b0e93fffffff,5,13.673401348561217,24.081628252479913,2,1,0,1,1,0,20,8,24,0.5,0.8333333333333334,0.3333333333333333
2024-05-20,ucdp:8635,RSF,856b52bbfffffff,5,11.337018718490974,27.753918817936633,2,2,0,0,2,22,0,0,22,0.0,0.0,0.0
2024-05-20,ucdp:8635,RSF,856b687bfffffff,5,15.067168834298581,33.104350983654285,2,0,0,2,0,0,18,18,18,1.0,1.0,1.0
2024-05-20,ucdp:8635,RSF,856b6eaffffffff,5,15.666591746948761,32.5105778563475,3,2,0,1,2,0,13,1,18,0.3333333333333333,0.7222222222222222,0.05555555555555555
2024-05-20,ucdp:8635,RSF,856b712ffffffff,5,14.496724675418257,29.527796281782496,1,0,0,1,0,0,1,1,1,1.0,1.0,1.0
2024-05-27,ucdp:8635,RSF,856b0897fffffff,5,13.617096818226427,25.424076053061942,4,4,0,0,4,0,12,0,96,0.0,0.125,0.0
2024-05-27,ucdp:8635,RSF,856b0cc7fffffff,5,14.201760031416846,24.61463456526655,1,1,0,0,1,0,0,0,3,0.0,0.0,0.0
2024-05-27,ucdp:8635,RSF,856b0e93fffffff,5,13.673401348561217,24.081628252479913,1,1,0,0,1,0,2,0,4,0.0,0.5,0.0
2024-05-27,ucdp:8635,RSF,856b4287fffffff,5,13.225245724503111,30.152617420328752,1,1,0,0,1,18,0,0,18,0.0,0.0,0.0
2024-05-27,ucdp:8635,RSF,856b53bbfffffff,5,11.276575316672206,28.89512688802662,1,0,0,1,0,0,1,1,1,1.0,1.0,1.0
2024-05-27,ucdp:8635,RSF,856b6b57fffffff,5,14.355589874543668,33.42724592601439,2,2,0,0,2,0,13,0,13,0.0,1.0,0.0
2024-05-27,ucdp:8635,RSF,856b6bcffffffff,5,14.49748970471835,33.363038899710936,1,1,0,0,1,0,7,0,7,0.0,1.0,0.0
2024-05-27,ucdp:8635,RSF,856b6eaffffffff,5,15.666591746948761,32.5105778563475,3,2,0,1,2,7,3,1,10,0.3333333333333333,0.3,0.1
2024-06-03,ucdp:8635,RSF,856b0897fffffff,5,13.617096818226427,25.424076053061942,3,3,0,0,3,0,16,0,16,0.0,1.0,0.0
2024-06-03,ucdp:8635,RSF,856b0a0ffffffff,5,12.0101707938044,24.830215921368204,1,0,0,1,0,0,1,1,1,1.0,1.0,1.0
2024-06-03,ucdp:8635,RSF,856b0c2ffffffff,5,13.757616890803206,25.34844956941545,1,1,0,0,1,0,0,0,2,0.0,0.0,0.0
2024-06-03,ucdp:8635,RSF,856b0d03fffffff,5,14.000739280646407,26.03730252413982,2,2,0,0,2,0,14,0,14,0.0,1.0,0.0
2024-06-03,ucdp:8635,RSF,856b2837fffffff,5,15.968086034801278,25.482079364743772,1,1,0,0,1,0,11,0,11,0.0,1.0,0.0
2024-06-03,ucdp:8635,RSF,856b4127fffffff,5,13.479351368370795,32.41064970757232,1,1,0,0,1,0,4,0,4,0.0,1.0,0.0
2024-06-03,ucdp:8635,RSF,856b53b7fffffff,5,11.396048397714381,29.151376088782317,1,1,0,0,1,8,0,0,8,0.0,0.0,0.0
2024-06-03,ucdp:8635,RSF,856b6a03fffffff,5,14.561661751600138,32.54244169118677,1,1,0,0,1,0,0,0,180,0.0,0.0,0.0
2024-06-03,ucdp:8635,RSF,856b6acbfffffff,5,14.598933540415864,32.04795814185922,1,1,0,0,1,0,9,0,9,0.0,1.0,0.0
2024-06-03,ucdp:8635,RSF,856b6bdbfffffff,5,14.652673737370709,33.1346198391187,1,0,0,1,0,0,2,2,2,1.0,1.0,1.0
2024-06-03,ucdp:8635,RSF,856b6e37fffffff,5,15.523006487760396,32.57683706993741,1,0,0,1,0,0,1,1,1,1.0,1.0,1.0
2024-06-03,ucdp:8635,RSF,856b6e97fffffff,5,16.111653402951703,32.143513396531354,2,1,0,1,1,0,41,1,41,0.5,1.0,0.024390243902439025
2024-06-03,ucdp:8635,RSF,856b6eaffffffff,5,15.666591746948761,32.5105778563475,2,2,0,0,2,0,38,0,38,0.0,1.0,0.0
2024-06-10,ucdp:8635,RSF,856b02a7fffffff,5,13.45999398207289,22.391256500715567,1,0,0,1,0,0,3,3,3,1.0,1.0,1.0
2024-06-10,ucdp:8635,RSF,856b0897fffffff,5,13.617096818226427,25.424076053061942,4,4,0,0,4,6,35,0,41,0.0,0.8536585365853658,0.0
2024-06-10,ucdp:8635,RSF,856b0a0ffffffff,5,12.0101707938044,24.830215921368204,1,0,0,1,0,0,3,3,3,1.0,1.0,1.0
2024-06-10,ucdp:8635,RSF,856b4d6bfffffff,5,12.948519546699035,34.059262054202875,1,1,0,0,1,0,20,0,20,0.0,1.0,0.0
2024-06-10,ucdp:8635,RSF,856b6e37fffffff,5,15.523006487760396,32.57683706993741,1,0,0,1,0,0,2,2,2,1.0,1.0,1.0
2024-06-10,ucdp:8635,RSF,856b6eaffffffff,5,15.666591746948761,32.5105778563475,1,1,0,0,1,0,1,0,1,0.0,1.0,0.0
2024-06-17,ucdp:8635,RSF,856b0897fffffff,5,13.617096818226427,25.424076053061942,3,3,0,0,3,0,15,0,15,0.0,1.0,0.0
2024-06-17,ucdp:8635,RSF,856b0c2ffffffff,5,13.757616890803206,25.34844956941545,1,1,0,0,1,0,20,0,20,0.0,1.0,0.0
2024-06-17,ucdp:8635,RSF,856b0cc7fffffff,5,14.201760031416846,24.61463456526655,1,1,0,0,1,0,4,0,4,0.0,1.0,0.0
2024-06-17,ucdp:8635,RSF,856b2a37fffffff,5,15.022363407245473,24.82888898186477,1,1,0,0,1,3,0,0,3,0.0,0.0,0.0
2024-06-17,ucdp:8635,RSF,856b5077fffffff,5,11.707532226545537,28.359621421240988,2,2,0,0,2,0,20,0,20,0.0,1.0,0.0
2024-06-17,ucdp:8635,RSF,856b6a33fffffff,5,14.536297645561135,32.87122396847487,2,1,0,1,1,0,25,24,25,0.5,1.0,0.96
2024-06-17,ucdp:8635,RSF,856b6b43fffffff,5,14.226860013127116,33.32805822381812,1,0,0,1,0,0,18,18,18,1.0,1.0,1.0
2024-06-17,ucdp:8635,RSF,856b6e37fffffff,5,15.523006487760396,32.57683706993741,2,1,0,1,1,2,1,1,3,0.5,0.3333333333333333,0.3333333333333333
2024-06-17,ucdp:8635,RSF,856b6e97fffffff,5,16.111653402951703,32.143513396531354,1,1,0,0,1,0,1,0,1,0.0,1.0,0.0
2024-06-17,ucdp:8635,RSF,856b6eaffffffff,5,15.666591746948761,32.5105778563475,3,3,0,0,3,0,5,0,5,0.0,1.0,0.0
2024-06-24,ucdp:8635,RSF,856a2ccffffffff,5,10.140942323917526,27.738565870114794,1,1,0,0,1,3,0,0,3,0.0,0.0,0.0
2024-06-24,ucdp:8635,RSF,856b0897fffffff,5,13.617096818226427,25.424076053061942,8,8,0,0,8,6,14,0,20,0.0,0.7,0.0
2024-06-24,ucdp:8635,RSF,856b0c2ffffffff,5,13.757616890803206,25.34844956941545,3,3,0,0,3,0,12,0,12,0.0,1.0,0.0
2024-06-24,ucdp:8635,RSF,856b4c33fffffff,5,13.546660813884062,33.32249344951398,2,1,0,1,1,2,55,40,57,0.5,0.9649122807017544,0.7017543859649122
2024-06-24,ucdp:8635,RSF,856b4c37fffffff,5,13.53409727111366,33.48472627177144,1,1,0,0,1,3,0,0,3,0.0,0.0,0.0
2024-06-24,ucdp:8635,RSF,856b4d47fffffff,5,13.228157557741207,33.93430613370238,1,1,0,0,1,2,2,0,4,0.0,0.5,0.0
2024-06-24,ucdp:8635,RSF,856b6bd3fffffff,5,14.781916997454012,33.234068187157774,1,0,0,1,0,0,5,5,5,1.0,1.0,1.0
2024-07-01,ucdp:8635,RSF,856a2ccffffffff,5,10.140942323917526,27.738565870114794,1,1,0,0,1,8,0,0,68,0.0,0.0,0.0
2024-07-01,ucdp:8635,RSF,856b0897fffffff,5,13.617096818226427,25.424076053061942,4,4,0,0,4,0,34,0,37,0.0,0.918918918918919,0.0
2024-07-01,ucdp:8635,RSF,856b0c2ffffffff,5,13.757616890803206,25.34844956941545,1,1,0,0,1,0,3,0,3,0.0,1.0,0.0
2024-07-01,ucdp:8635,RSF,856b4d6bfffffff,5,12.948519546699035,34.059262054202875,1,1,0,0,1,0,1,0,1,0.0,1.0,0.0
2024-07-01,ucdp:8635,RSF,856b4d73fffffff,5,13.215416498203888,34.095436055373085,2,1,0,1,1,0,1,1,1,0.5,1.0,1.0
2024-07-01,ucdp:8635,RSF,856b5ca3fffffff,5,12.098643219434368,30.85775787181509,1,0,0,1,0,0,2,2,2,1.0,1.0,1.0
2024-07-01,ucdp:8635,RSF,856b5ccffffffff,5,11.872113389448195,30.17945907966461,1,1,0,0,1,0,1,0,1,0.0,1.0,0.0
2024-07-08,ucdp:8635,RSF,856b02a7fffffff,5,13.45999398207289,22.391256500715567,1,1,0,0,1,0,3,0,3,0.0,1.0,0.0
2024-07-08,ucdp:8635,RSF,856b4227fffffff,5,12.6550107088778,30.588954548251603,1,0,0,1,0,0,23,23,23,1.0,1.0,1.0
2024-07-08,ucdp:8635,RSF,856b4983fffffff,5,12.910338987770533,34.540458524968706,1,0,0,1,0,0,3,3,3,1.0,1.0,1.0
2024-07-08,ucdp:8635,RSF,856b4d53fffffff,5,13.381015482796718,33.70996934636946,2,2,0,0,2,2,11,0,13,0.0,0.8461538461538461,0.0
2024-07-08,ucdp:8635,RSF,856b4d6bfffffff,5,12.948519546699035,34.059262054202875,1,1,0,0,1,0,1,0,1,0.0,1.0,0.0
2024-07-08,ucdp:8635,RSF,856b4d73fffffff,5,13.215416498203888,34.095436055373085,1,0,0,1,0,0,2,2,2,1.0,1.0,1.0
2024-07-08,ucdp:8635,RSF,856b5077fffffff,5,11.707532226545537,28.359621421240988,1,1,0,0,1,0,1,0,1,0.0,1.0,0.0
2024-07-08,ucdp:8635,RSF,856b52bbfffffff,5,11.337018718490974,27.753918817936633,1,1,0,0,1,17,0,0,17,0.0,0.0,0.0
2024-07-08,ucdp:8635,RSF,856b6e37fffffff,5,15.523006487760396,32.57683706993741,1,1,0,0,1,0,0,0,101,0.0,0.0,0.0
2024-07-15,ucdp:8635,RSF,856a2ccffffffff,5,10.140942323917526,27.738565870114794,2,2,0,0,2,0,6,0,6,0.0,1.0,0.0
2024-07-15,ucdp:8635,RSF,856b0897fffffff,5,13.617096818226427,25.424076053061942,1,1,0,0,1,0,8,0,8,0.0,1.0,0.0
2024-07-15,ucdp:8635,RSF,856b43d3fffffff,5,13.053366767371962,30.713615745759736,1,0,0,1,0,0,12,12,12,1.0,1.0,1.0
2024-07-15,ucdp:8635,RSF,856b4d6bfffffff,5,12.948519546699035,34.059262054202875,1,1,0,0,1,1,0,0,1,0.0,0.0,0.0
2024-07-15,ucdp:8635,RSF,856b55a3fffffff,5,13.145564367420294,29.23245224782049,1,1,0,0,1,22,18,0,40,0.0,0.45,0.0
2024-07-22,ucdp:8635,RSF,856a2503fffffff,5,11.134074176240555,26.425575660258765,1,1,0,0,1,1,0,0,2,0.0,0.0,0.0
2024-07-22,ucdp:8635,RSF,856b0897fffffff,5,13.617096818226427,25.424076053061942,6,4,0,2,4,0,29,2,66,0.3333333333333333,0.4393939393939394,0.030303030303030304
2024-07-22,ucdp:8635,RSF,856b0c2ffffffff,5,13.757616890803206,25.34844956941545,1,1,0,0,1,0,2,0,2,0.0,1.0,0.0
2024-07-22,ucdp:8635,RSF,856b4193fffffff,5,14.209126450542835,31.75291148233113,1,0,0,1,0,0,26,26,26,1.0,1.0,1.0
2024-07-22,ucdp:8635,RSF,856b4d57fffffff,5,13.368315419745215,33.87155899503859,1,1,0,0,1,0,0,0,0,0.0,0.0,0.0
2024-07-22,ucdp:8635,RSF,856b5003fffffff,5,11.98409272024042,28.218719000477183,1,1,0,0,1,3,0,0,3,0.0,0.0,0.0
2024-07-22,ucdp:8635,RSF,856b55a3fffffff,5,13.145564367420294,29.23245224782049,1,0,0,1,0,0,10,10,10,1.0,1.0,1.0
2024-07-22,ucdp:8635,RSF,856b6bd3fffffff,5,14.781916997454012,33.234068187157774,1,0,0,1,0,0,1,1,1,1.0,1.0,1.0
2024-07-22,ucdp:8635,RSF,856b6e37fffffff,5,15.523006487760396,32.57683706993741,1,0,0,1,0,0,2,2,2,1.0,1.0,1.0
2024-07-29,ucdp:8635,RSF,85538e53fffffff,5,18.882738970037874,36.83983316717179,1,1,0,0,1,1,0,0,5,0.0,0.0,0.0
2024-07-29,ucdp:8635,RSF,856b0897fffffff,5,13.617096818226427,25.424076053061942,5,5,0,0,5,4,33,0,73,0.0,0.4520547945205479,0.0
2024-07-29,ucdp:8635,RSF,856b4bc3fffffff,5,11.78468719025789,33.50000693480772,1,1,0,0,1,24,0,0,24,0.0,0.0,0.0
2024-07-29,ucdp:8635,RSF,856b4c4ffffffff,5,13.18662025068854,32.703264847585366,1,1,0,0,1,1,1,0,2,0.0,0.5,0.0
2024-07-29,ucdp:8635,RSF,856b6a23fffffff,5,14.394286067063872,32.93624621305424,1,0,0,1,0,0,23,23,23,1.0,1.0,1.0
2024-07-29,ucdp:8635,RSF,856b6b57fffffff,5,14.355589874543668,33.42724592601439,1,0,0,1,0,0,11,11,11,1.0,1.0,1.0
2024-07-29,ucdp:8635,RSF,856b6e37fffffff,5,15.523006487760396,32.57683706993741,1,1,0,0,1,0,0,0,2,0.0,0.0,0.0
2024-07-29,ucdp:8635,RSF,856b6eaffffffff,5,15.666591746948761,32.5105778563475,1,1,0,0,1,24,0,0,24,0.0,0.0,0.0
2024-08-05,ucdp:8635,RSF,856b0883fffffff,5,13.484198335604699,25.3321041769971,1,1,0,0,1,0,4,0,4,0.0,1.0,0.0
2024-08-05,ucdp:8635,RSF,856b0897fffffff,5,13.617096818226427,25.424076053061942,5,4,0,1,4,3,61,28,64,0.2,0.953125,0.4375
2024-08-05,ucdp:8635,RSF,856b55a3fffffff,5,13.145564367420294,29.23245224782049,1,1,0,0,1,1,0,0,1,0.0,0.0,0.0
2024-08-05,ucdp:8635,RSF,856b56abfffffff,5,12.165534654186953,27.325244816559575,1,1,0,0,1,0,1,0,1,0.0,1.0,0.0
2024-08-05,ucdp:8635,RSF,856b6b83fffffff,5,14.884378170950331,33.661898064941,1,0,0,1,0,0,1,1,1,1.0,1.0,1.0
2024-08-05,ucdp:8635,RSF,856b6b9bfffffff,5,14.897835459079364,33.49788977675424,1,0,0,1,0,0,2,2,2,1.0,1.0,1.0
2024-08-05,ucdp:8635,RSF,856b6e37fffffff,5,15.523006487760396,32.57683706993741,1,1,0,0,1,0,2,0,2,0.0,1.0,0.0
2024-08-05,ucdp:8635,RSF,856b6e97fffffff,5,16.111653402951703,32.143513396531354,2,2,0,0,2,0,2,0,8,0.0,0.25,0.0
2024-08-05,ucdp:8635,RSF,856b6eaffffffff,5,15.666591746948761,32.5105778563475,3,3,0,0,3,0,1,0,7,0.0,0.14285714285714285,0.0
2024-08-12,ucdp:8635,RSF,856b0897fffffff,5,13.617096818226427,25.424076053061942,1,1,0,0,1,0,2,0,2,0.0,1.0,0.0
2024-08-12,ucdp:8635,RSF,856b0d03fffffff,5,14.000739280646407,26.03730252413982,1,1,0,0,1,0,2,0,2,0.0,1.0,0.0
2024-08-12,ucdp:8635,RSF,856b4157fffffff,5,13.537775025789019,31.59296755371061,1,0,0,1,0,0,2,2,2,1.0,1.0,1.0
2024-08-12,ucdp:8635,RSF,856b4287fffffff,5,13.225245724503111,30.152617420328752,1,1,0,0,1,5,11,0,20,0.0,0.55,0.0
2024-08-12,ucdp:8635,RSF,856b4953fffffff,5,12.40435634113296,34.14731649794796,1,0,0,1,0,0,80,80,80,1.0,1.0,1.0
2024-08-12,ucdp:8635,RSF,856b4983fffffff,5,12.910338987770533,34.540458524968706,1,0,0,1,0,0,6,6,6,1.0,1.0,1.0
2024-08-12,ucdp:8635,RSF,856b6a87fffffff,5,14.963565641674332,32.67503422333285,1,0,0,1,0,0,20,20,20,1.0,1.0,1.0
2024-08-12,ucdp:8635,RSF,856b6bc3fffffff,5,14.639599355537094,33.298646533523275,1,0,0,1,0,0,2,2,2,1.0,1.0,1.0
2024-08-12,ucdp:8635,RSF,856b6e37fffffff,5,15.523006487760396,32.57683706993741,1,1,0,0,1,0,2,0,2,0.0,1.0,0.0
2024-08-12,ucdp:8635,RSF,856b6eaffffffff,5,15.666591746948761,32.5105778563475,2,2,0,0,2,0,12,0,12,0.0,1.0,0.0
2024-08-19,ucdp:8635,RSF,856a25d7fffffff,5,11.416072472580225,26.115900548809837,1,1,0,0,1,0,18,0,18,0.0,1.0,0.0
2024-08-19,ucdp:8635,RSF,856b0897fffffff,5,13.617096818226427,25.424076053061942,3,3,0,0,3,0,11,0,15,0.0,0.7333333333333333,0.0
2024-08-19,ucdp:8635,RSF,856b0cc7fffffff,5,14.201760031416846,24.61463456526655,2,0,0,2,0,0,2,2,2,1.0,1.0,1.0
2024-08-19,ucdp:8635,RSF,856b0d03fffffff,5,14.000739280646407,26.03730252413982,1,1,0,0,1,0,5,0,5,0.0,1.0,0.0
2024-08-19,ucdp:8635,RSF,856b56abfffffff,5,12.165534654186953,27.325244816559575,1,1,0,0,1,6,0,0,6,0.0,0.0,0.0
2024-08-19,ucdp:8635,RSF,856b56d3fffffff,5,12.33689541596909,26.592422984542345,1,1,0,0,1,0,2,0,2,0.0,1.0,0.0
2024-08-19,ucdp:8635,RSF,856b5ccffffffff,5,11.872113389448195,30.17945907966461,1,0,0,1,0,0,1,1,1,1.0,1.0,1.0
2024-08-19,ucdp:8635,RSF,856b6bd3fffffff,5,14.781916997454012,33.234068187157774,1,0,0,1,0,0,1,1,1,1.0,1.0,1.0
2024-08-19,ucdp:8635,RSF,856b6eabfffffff,5,15.679675700261631,32.344269579727474,1,1,0,0,1,0,3,0,3,0.0,1.0,0.0
2024-08-26,ucdp:8635,RSF,856b02a7fffffff,5,13.45999398207289,22.391256500715567,1,1,0,0,1,0,1,0,1,0.0,1.0,0.0
2024-08-26,ucdp:8635,RSF,856b032ffffffff,5,12.874105981248873,23.541366730640174,1,1,0,0,1,0,5,0,5,0.0,1.0,0.0
2024-08-26,ucdp:8635,RSF,856b0897fffffff,5,13.617096818226427,25.424076053061942,1,1,0,0,1,0,2,0,2,0.0,1.0,0.0
2024-08-26,ucdp:8635,RSF,856b0c2ffffffff,5,13.757616890803206,25.34844956941545,1,1,0,0,1,0,0,0,25,0.0,0.0,0.0
2024-08-26,ucdp:8635,RSF,856b0cc7fffffff,5,14.201760031416846,24.61463456526655,1,0,0,1,0,0,1,1,1,1.0,1.0,1.0
2024-08-26,ucdp:8635,RSF,856b0dc3fffffff,5,14.157548064133358,25.625693667300094,2,2,0,0,2,0,0,0,18,0.0,0.0,0.0
2024-08-26,ucdp:8635,RSF,856b4c37fffffff,5,13.53409727111366,33.48472627177144,1,1,0,0,1,0,0,0,2,0.0,0.0,0.0
2024-08-26,ucdp:8635,RSF,856b5257fffffff,5,10.958199315275097,27.314297100725064,1,0,0,1,0,0,3,3,3,1.0,1.0,1.0
2024-08-26,ucdp:8635,RSF,856b6b1bfffffff,5,14.484353147764434,33.52660543136047,1,1,0,0,1,0,2,0,2,0.0,1.0,0.0
2024-08-26,ucdp:8635,RSF,856b6eaffffffff,5,15.666591746948761,32.5105778563475,2,2,0,0,2,0,19,0,19,0.0,1.0,0.0
2024-09-02,ucdp:8635,RSF,856a25d7fffffff,5,11.416072472580225,26.115900548809837,1,1,0,0,1,0,1,0,1,0.0,1.0,0.0
2024-09-02,ucdp:8635,RSF,856b0897fffffff,5,13.617096818226427,25.424076053061942,2,2,0,0,2,0,13,0,15,0.0,0.8666666666666667,0.0
2024-09-02,ucdp:8635,RSF,856b0dc3fffffff,5,14.157548064133358,25.625693667300094,1,1,0,0,1,0,12,0,14,0.0,0.8571428571428571,0.0
2024-09-02,ucdp:8635,RSF,856b1807fffffff,5,11.26802799517525,23.141430557946666,1,0,0,1,0,0,1,1,1,1.0,1.0,1.0
2024-09-02,ucdp:8635,RSF,856b4287fffffff,5,13.225245724503111,30.152617420328752,2,1,0,1,1,0,1,1,2,0.5,0.5,0.5
2024-09-02,ucdp:8635,RSF,856b4c37fffffff,5,13.53409727111366,33.48472627177144,1,1,0,0,1,0,0,0,40,0.0,0.0,0.0
2024-09-02,ucdp:8635,RSF,856b4d57fffffff,5,13.368315419745215,33.87155899503859,1,1,0,0,1,0,0,0,4,0.0,0.0,0.0
2024-09-02,ucdp:8635,RSF,856b6a2ffffffff,5,14.252483117643951,33.00108234762603,1,0,0,1,0,0,1,1,1,1.0,1.0,1.0
2024-09-02,ucdp:8635,RSF,856b6bd3fffffff,5,14.781916997454012,33.234068187157774,2,0,0,2,0,0,2,2,2,1.0,1.0,1.0
2024-09-02,ucdp:8635,RSF,856b6eaffffffff,5,15.666591746948761,32.5105778563475,1,1,0,0,1,0,0,0,2,0.0,0.0,0.0
2024-09-09,ucdp:8635,RSF,856a25d7fffffff,5,11.416072472580225,26.115900548809837,1,1,0,0,1,0,10,0,10,0.0,1.0,0.0
2024-09-09,ucdp:8635,RSF,856b0897fffffff,5,13.617096818226427,25.424076053061942,5,5,0,0,5,84,14,0,98,0.0,0.14285714285714285,0.0
2024-09-09,ucdp:8635,RSF,856b0dc3fffffff,5,14.157548064133358,25.625693667300094,2,2,0,0,2,0,2,0,2,0.0,1.0,0.0
2024-09-09,ucdp:8635,RSF,856b0dd7fffffff,5,14.291066980915462,25.718518145367558,1,1,0,0,1,0,2,0,2,0.0,1.0,0.0
2024-09-09,ucdp:8635,RSF,856b448bfffffff,5,15.012737341499482,30.083281550987248,1,0,0,1,0,0,1,1,1,1.0,1.0,1.0
2024-09-09,ucdp:8635,RSF,856b55a3fffffff,5,13.145564367420294,29.23245224782049,1,0,0,1,0,0,1,1,1,1.0,1.0,1.0
2024-09-09,ucdp:8635,RSF,856b6a87fffffff,5,14.963565641674332,32.67503422333285,1,0,0,1,0,0,40,40,40,1.0,1.0,1.0
2024-09-09,ucdp:8635,RSF,856b6eaffffffff,5,15.666591746948761,32.5105778563475,1,1,0,0,1,0,3,0,3,0.0,1.0,0.0
2024-09-16,ucdp:8635,RSF,856b0897fffffff,5,13.617096818226427,25.424076053061942,7,7,0,0,7,1,10,0,50,0.0,0.2,0.0
2024-09-16,ucdp:8635,RSF,856b0a0ffffffff,5,12.0101707938044,24.830215921368204,1,1,0,0,1,0,18,0,18,0.0,1.0,0.0
2024-09-16,ucdp:8635,RSF,856b0d03fffffff,5,14.000739280646407,26.03730252413982,1,1,0,0,1,0,1,0,1,0.0,1.0,0.0
2024-09-16,ucdp:8635,RSF,856b0e93fffffff,5,13.673401348561217,24.081628252479913,1,0,0,1,0,0,1,1,1,1.0,1.0,1.0
2024-09-16,ucdp:8635,RSF,856b4317fffffff,5,12.880972286537473,31.271603111564453,1,0,0,1,0,0,1,1,1,1.0,1.0,1.0
2024-09-16,ucdp:8635,RSF,856b52bbfffffff,5,11.337018718490974,27.753918817936633,1,1,0,0,1,1,0,0,1,0.0,0.0,0.0
2024-09-16,ucdp:8635,RSF,856b6a2ffffffff,5,14.252483117643951,33.00108234762603,1,0,0,1,0,0,7,7,7,1.0,1.0,1.0
2024-09-16,ucdp:8635,RSF,856b6b1bfffffff,5,14.484353147764434,33.52660543136047,1,0,0,1,0,0,1,1,1,1.0,1.0,1.0
2024-09-16,ucdp:8635,RSF,856b6bc3fffffff,5,14.639599355537094,33.298646533523275,1,0,0,1,0,0,4,4,4,1.0,1.0,1.0
2024-09-16,ucdp:8635,RSF,856b6e23fffffff,5,15.392643793788992,32.477146551575075,1,1,0,0,1,0,45,0,45,0.0,1.0,0.0
2024-09-16,ucdp:8635,RSF,856b6e97fffffff,5,16.111653402951703,32.143513396531354,1,1,0,0,1,0,0,0,2,0.0,0.0,0.0
2024-09-16,ucdp:8635,RSF,856b6eaffffffff,5,15.666591746948761,32.5105778563475,1,1,0,0,1,0,2,0,2,0.0,1.0,0.0
2024-09-23,ucdp:8635,RSF,856b0897fffffff,5,13.617096818226427,25.424076053061942,7,7,0,0,7,11,0,0,120,0.0,0.0,0.0
2024-09-23,ucdp:8635,RSF,856b0cc7fffffff,5,14.201760031416846,24.61463456526655,1,0,0,1,0,0,1,1,1,1.0,1.0,1.0
2024-09-23,ucdp:8635,RSF,856b0dc3fffffff,5,14.157548064133358,25.625693667300094,1,1,0,0,1,0,2,0,2,0.0,1.0,0.0
2024-09-23,ucdp:8635,RSF,856b4287fffffff,5,13.225245724503111,30.152617420328752,1,1,0,0,1,0,1,0,1,0.0,1.0,0.0
2024-09-23,ucdp:8635,RSF,856b51d3fffffff,5,12.21629482771309,28.89849230738843,1,1,0,0,1,0,9,0,9,0.0,1.0,0.0
2024-09-23,ucdp:8635,RSF,856b687bfffffff,5,15.067168834298581,33.104350983654285,2,0,0,2,0,0,2,2,2,1.0,1.0,1.0
2024-09-23,ucdp:8635,RSF,856b6c03fffffff,5,16.47796030856572,32.77907194724002,1,1,0,0,1,0,0,0,0,0.0,0.0,0.0
2024-09-23,ucdp:8635,RSF,856b6e37fffffff,5,15.523006487760396,32.57683706993741,3,3,0,0,3,4,6,0,10,0.0,0.6,0.0
2024-09-23,ucdp:8635,RSF,856b6e97fffffff,5,16.111653402951703,32.143513396531354,1,1,0,0,1,0,6,0,6,0.0,1.0,0.0
2024-09-23,ucdp:8635,RSF,856b6eaffffffff,5,15.666591746948761,32.5105778563475,3,3,0,0,3,0,2,0,87,0.0,0.022988505747126436,0.0
2024-09-30,ucdp:8635,RSF,856b0073fffffff,5,13.86803664339118,22.489423034857715,1,0,0,1,0,0,1,1,1,1.0,1.0,1.0
2024-09-30,ucdp:8635,RSF,856b008ffffffff,5,14.418085663411349,22.508617506692236,1,1,0,0,1,1,0,0,1,0.0,0.0,0.0
2024-09-30,ucdp:8635,RSF,856b0897fffffff,5,13.617096818226427,25.424076053061942,1,1,0,0,1,2,0,0,2,0.0,0.0,0.0
2024-09-30,ucdp:8635,RSF,856b08d7fffffff,5,13.358673703577482,25.07304525293461,1,1,0,0,1,0,3,0,5,0.0,0.6,0.0
2024-09-30,ucdp:8635,RSF,856b0c2ffffffff,5,13.757616890803206,25.34844956941545,1,1,0,0,1,0,0,0,10,0.0,0.0,0.0
2024-09-30,ucdp:8635,RSF,856b0c8bfffffff,5,14.335794350970474,24.70641585409657,2,1,0,1,1,3,40,40,43,0.5,0.9302325581395349,0.9302325581395349
2024-09-30,ucdp:8635,RSF,856b0cc7fffffff,5,14.201760031416846,24.61463456526655,2,2,0,0,2,0,5,0,8,0.0,0.625,0.0
2024-09-30,ucdp:8635,RSF,856b0d03fffffff,5,14.000739280646407,26.03730252413982,1,1,0,0,1,0,45,0,65,0.0,0.6923076923076923,0.0
2024-09-30,ucdp:8635,RSF,856b0dc3fffffff,5,14.157548064133358,25.625693667300094,2,2,0,0,2,0,31,0,31,0.0,1.0,0.0
2024-09-30,ucdp:8635,RSF,856b4287fffffff,5,13.225245724503111,30.152617420328752,1,1,0,0,1,15,1,0,16,0.0,0.0625,0.0
2024-09-30,ucdp:8635,RSF,856b4ca7fffffff,5,13.802958103861757,33.51983570704063,1,0,0,1,0,0,1,1,1,1.0,1.0,1.0
2024-09-30,ucdp:8635,RSF,856b6e37fffffff,5,15.523006487760396,32.57683706993741,1,1,0,0,1,0,8,0,8,0.0,1.0,0.0
2024-09-30,ucdp:8635,RSF,856b6eaffffffff,5,15.666591746948761,32.5105778563475,3,3,0,0,3,0,2,0,5,0.0,0.4,0.0
2024-09-30,ucdp:8635,RSF,856b7077fffffff,5,14.586735638130152,28.020551626896516,1,1,0,0,1,0,0,0,30,0.0,0.0,0.0
2024-09-30,ucdp:8635,RSF,856b76dbfffffff,5,15.102509059792393,26.110234776485783,1,1,0,0,1,0,0,0,0,0.0,0.0,0.0
2024-10-07,ucdp:8635,RSF,856b000ffffffff,5,14.002520241715795,22.57849748095755,1,1,0,0,1,0,2,0,2,0.0,1.0,0.0
2024-10-07,ucdp:8635,RSF,856b032ffffffff,5,12.874105981248873,23.541366730640174,1,0,0,1,0,0,1,1,1,1.0,1.0,1.0
2024-10-07,ucdp:8635,RSF,856b0807fffffff,5,13.064257572973435,25.557929310595892,1,1,0,0,1,4,3,0,7,0.0,0.42857142857142855,0.0
2024-10-07,ucdp:8635,RSF,856b0897fffffff,5,13.617096818226427,25.424076053061942,6,6,0,0,6,7,3,0,36,0.0,0.08333333333333333,0.0
2024-10-07,ucdp:8635,RSF,856b42b7fffffff,5,13.204236398740148,30.481614097331278,1,0,0,1,0,0,30,30,30,1.0,1.0,1.0
2024-10-07,ucdp:8635,RSF,856b48a7fffffff,5,12.821552035467402,33.96095298308895,1,1,0,0,1,0,0,0,30,0.0,0.0,0.0
2024-10-07,ucdp:8635,RSF,856b4d67fffffff,5,13.06275472354985,34.31840295632013,1,0,0,1,0,0,1,1,1,1.0,1.0,1.0
2024-10-07,ucdp:8635,RSF,856b51abfffffff,5,12.039791373119341,29.622342418404127,1,1,0,0,1,0,1,0,1,0.0,1.0,0.0
2024-10-07,ucdp:8635,RSF,856b54abfffffff,5,13.08061790172604,27.979380563365407,1,1,0,0,1,7,0,0,7,0.0,0.0,0.0
2024-10-07,ucdp:8635,RSF,856b54b3fffffff,5,13.352114932783444,28.001892723803138,1,1,0,0,1,0,3,0,3,0.0,1.0,0.0
2024-10-07,ucdp:8635,RSF,856b5dd7fffffff,5,12.06726231875785,31.344519151666947,1,0,0,1,0,0,7,7,7,1.0,1.0,1.0
2024-10-07,ucdp:8635,RSF,856b6a37fffffff,5,14.523462598758716,33.035345802216696,1,0,0,1,0,0,6,6,6,1.0,1.0,1.0
2024-10-07,ucdp:8635,RSF,856b6b47fffffff,5,14.213901674098475,33.491268250908675,1,0,0,1,0,0,1,1,1,1.0,1.0,1.0
2024-10-07,ucdp:8635,RSF,856b6bd3fffffff,5,14.781916997454012,33.234068187157774,1,1,0,0,1,0,50,0,50,0.0,1.0,0.0
2024-10-07,ucdp:8635,RSF,856b6c03fffffff,5,16.47796030856572,32.77907194724002,1,0,0,1,0,0,2,2,2,1.0,1.0,1.0
2024-10-07,ucdp:8635,RSF,856b6e37fffffff,5,15.523006487760396,32.57683706993741,2,2,0,0,2,0,1,0,24,0.0,0.041666666666666664,0.0
2024-10-14,ucdp:8635,RSF,856b0007fffffff,5,14.137133743398717,22.66778407962769,1,1,0,0,1,24,0,0,24,0.0,0.0,0.0
2024-10-14,ucdp:8635,RSF,856b000ffffffff,5,14.002520241715795,22.57849748095755,1,1,0,0,1,0,3,0,3,0.0,1.0,0.0
2024-10-14,ucdp:8635,RSF,856b008ffffffff,5,14.418085663411349,22.508617506692236,1,1,0,0,1,0,0,0,30,0.0,0.0,0.0
2024-10-14,ucdp:8635,RSF,856b0897fffffff,5,13.617096818226427,25.424076053061942,1,1,0,0,1,0,2,0,2,0.0,1.0,0.0
2024-10-14,ucdp:8635,RSF,856b4d6ffffffff,5,12.935876513793493,34.219855913363816,1,1,0,0,1,0,15,0,15,0.0,1.0,0.0
2024-10-14,ucdp:8635,RSF,856b52bbfffffff,5,11.337018718490974,27.753918817936633,1,1,0,0,1,1,0,0,1,0.0,0.0,0.0
2024-10-14,ucdp:8635,RSF,856b5523fffffff,5,12.735451950346159,29.276809691703694,1,0,0,1,0,0,13,13,13,1.0,1.0,1.0
2024-10-14,ucdp:8635,RSF,856b6b1bfffffff,5,14.484353147764434,33.52660543136047,1,1,0,0,1,0,31,0,31,0.0,1.0,0.0
2024-10-14,ucdp:8635,RSF,856b6b9bfffffff,5,14.897835459079364,33.49788977675424,1,0,0,1,0,0,11,11,11,1.0,1.0,1.0
2024-10-14,ucdp:8635,RSF,856b6bd7fffffff,5,14.768703203995601,33.398181540419955,1,0,0,1,0,0,10,10,10,1.0,1.0,1.0
2024-10-14,ucdp:8635,RSF,856b6e37fffffff,5,15.523006487760396,32.57683706993741,2,1,0,1,1,0,2,2,6,0.5,0.3333333333333333,0.3333333333333333
2024-10-21,ucdp:8635,RSF,856b0897fffffff,5,13.617096818226427,25.424076053061942,4,4,0,0,4,0,29,0,29,0.0,1.0,0.0
2024-10-21,ucdp:8635,RSF,856b0c2ffffffff,5,13.757616890803206,25.34844956941545,1,1,0,0,1,0,0,0,3,0.0,0.0,0.0
2024-10-21,ucdp:8635,RSF,856b0dc3fffffff,5,14.157548064133358,25.625693667300094,1,1,0,0,1,0,9,0,9,0.0,1.0,0.0
2024-10-21,ucdp:8635,RSF,856b4317fffffff,5,12.880972286537473,31.271603111564453,1,0,0,1,0,0,5,5,5,1.0,1.0,1.0
2024-10-21,ucdp:8635,RSF,856b4d6bfffffff,5,12.948519546699035,34.059262054202875,1,0,0,1,0,0,120,120,120,1.0,1.0,1.0
2024-10-21,ucdp:8635,RSF,856b4ed3fffffff,5,12.976330754522891,31.85769874594637,1,0,0,1,0,0,9,9,9,1.0,1.0,1.0
2024-10-21,ucdp:8635,RSF,856b684ffffffff,5,15.080350142429761,32.93950335008769,3,3,0,0,3,0,0,0,133,0.0,0.0,0.0
2024-10-21,ucdp:8635,RSF,856b686ffffffff,5,14.911189885871337,33.3336907050502,3,0,0,3,0,0,29,29,29,1.0,1.0,1.0
2024-10-21,ucdp:8635,RSF,856b6b9bfffffff,5,14.897835459079364,33.49788977675424,3,1,0,2,1,1,20,20,21,0.6666666666666666,0.9523809523809523,0.9523809523809523
2024-10-21,ucdp:8635,RSF,856b6e37fffffff,5,15.523006487760396,32.57683706993741,1,1,0,0,1,0,6,0,25,0.0,0.24,0.0
2024-10-28,ucdp:8635,RSF,856b0897fffffff,5,13.617096818226427,25.424076053061942,1,1,0,0,1,0,2,0,2,0.0,1.0,0.0
2024-10-28,ucdp:8635,RSF,856b0c2ffffffff,5,13.757616890803206,25.34844956941545,1,1,0,0,1,0,0,0,2,0.0,0.0,0.0
2024-10-28,ucdp:8635,RSF,856b0d03fffffff,5,14.000739280646407,26.03730252413982,1,1,0,0,1,0,2,0,2,0.0,1.0,0.0
2024-10-28,ucdp:8635,RSF,856b0dc3fffffff,5,14.157548064133358,25.625693667300094,1,1,0,0,1,0,0,0,15,0.0,0.0,0.0
2024-10-28,ucdp:8635,RSF,856b1807fffffff,5,11.26802799517525,23.141430557946666,1,0,0,1,0,0,3,3,3,1.0,1.0,1.0
2024-10-28,ucdp:8635,RSF,856b2a2ffffffff,5,14.74583451233657,24.81361045110372,1,1,0,0,1,0,0,0,12,0.0,0.0,0.0
2024-10-28,ucdp:8635,RSF,856b4ed3fffffff,5,12.976330754522891,31.85769874594637,1,1,0,0,1,0,1,0,9,0.0,0.1111111111111111,0.0
2024-10-28,ucdp:8635,RSF,856b6867fffffff,5,15.04048990201878,33.43348724680458,2,0,0,2,0,0,7,7,7,1.0,1.0,1.0
2024-10-28,ucdp:8635,RSF,856b686bfffffff,5,14.924440780495845,33.16930321850691,1,0,0,1,0,0,24,24,24,1.0,1.0,1.0
2024-10-28,ucdp:8635,RSF,856b686ffffffff,5,14.911189885871337,33.3336907050502,1,0,0,1,0,0,1,1,1,1.0,1.0,1.0
2024-10-28,ucdp:8635,RSF,856b687bfffffff,5,15.067168834298581,33.104350983654285,1,0,0,1,0,0,2,2,2,1.0,1.0,1.0
2024-10-28,ucdp:8635,RSF,856b6b13fffffff,5,14.613147362425343,33.62613658745852,1,0,0,1,0,0,11,11,11,1.0,1.0,1.0
2024-10-28,ucdp:8635,RSF,856b6b83fffffff,5,14.884378170950331,33.661898064941,1,0,0,1,0,0,8,8,8,1.0,1.0,1.0
2024-10-28,ucdp:8635,RSF,856b6bc3fffffff,5,14.639599355537094,33.298646533523275,1,0,0,1,0,0,13,13,13,1.0,1.0,1.0
2024-10-28,ucdp:8635,RSF,856b6bd3fffffff,5,14.781916997454012,33.234068187157774,1,0,0,1,0,0,20,20,20,1.0,1.0,1.0
2024-10-28,ucdp:8635,RSF,856b6e37fffffff,5,15.523006487760396,32.57683706993741,2,2,0,0,2,0,0,0,15,0.0,0.0,0.0
2024-10-28,ucdp:8635,RSF,856b6eabfffffff,5,15.679675700261631,32.344269579727474,1,1,0,0,1,0,11,0,11,0.0,1.0,0.0
2024-10-28,ucdp:8635,RSF,856b6eaffffffff,5,15.666591746948761,32.5105778563475,1,1,0,0,1,0,51,0,51,0.0,1.0,0.0
2024-11-04,ucdp:8635,RSF,856b032ffffffff,5,12.874105981248873,23.541366730640174,1,0,0,1,0,0,1,1,1,1.0,1.0,1.0
2024-11-04,ucdp:8635,RSF,856b03b3fffffff,5,13.565050185907548,23.319647799029408,1,1,0,0,1,0,12,0,12,0.0,1.0,0.0
2024-11-04,ucdp:8635,RSF,856b0897fffffff,5,13.617096818226427,25.424076053061942,3,3,0,0,3,0,17,0,17,0.0,1.0,0.0
2024-11-04,ucdp:8635,RSF,856b0a0ffffffff,5,12.0101707938044,24.830215921368204,2,1,0,1,1,0,17,1,17,0.5,1.0,0.058823529411764705
2024-11-04,ucdp:8635,RSF,856b0a23fffffff,5,11.99628428109655,25.160932277349875,1,1,0,0,1,0,5,0,5,0.0,1.0,0.0
2024-11-04,ucdp:8635,RSF,856b0c2ffffffff,5,13.757616890803206,25.34844956941545,1,1,0,0,1,0,4,0,4,0.0,1.0,0.0
2024-11-04,ucdp:8635,RSF,856b0e93fffffff,5,13.673401348561217,24.081628252479913,2,2,0,0,2,0,1,0,10,0.0,0.1,0.0
2024-11-04,ucdp:8635,RSF,856b6847fffffff,5,15.21009926814756,33.039210836879604,1,0,0,1,0,0,2,2,2,1.0,1.0,1.0
2024-11-04,ucdp:8635,RSF,856b6863fffffff,5,15.053881864210267,33.269013083326975,1,0,0,1,0,0,11,11,11,1.0,1.0,1.0
2024-11-04,ucdp:8635,RSF,856b6bc3fffffff,5,14.639599355537094,33.298646533523275,2,1,0,1,1,0,4,2,4,0.5,1.0,0.5
2024-11-04,ucdp:8635,RSF,856b6eaffffffff,5,15.666591746948761,32.5105778563475,1,1,0,0,1,0,0,0,1,0.0,0.0,0.0
2024-11-11,ucdp:8635,RSF,856b0883fffffff,5,13.484198335604699,25.3321041769971,1,1,0,0,1,0,2,0,2,0.0,1.0,0.0
2024-11-11,ucdp:8635,RSF,856b0897fffffff,5,13.617096818226427,25.424076053061942,7,6,0,1,6,161,15,14,186,0.14285714285714285,0.08064516129032258,0.07526881720430108
2024-11-11,ucdp:8635,RSF,856b0c8bfffffff,5,14.335794350970474,24.70641585409657,1,0,0,1,0,0,4,4,4,1.0,1.0,1.0
2024-11-11,ucdp:8635,RSF,856b68a3fffffff,5,15.715431120031816,33.60509094769738,1,1,0,0,1,0,0,0,1,0.0,0.0,0.0
2024-11-11,ucdp:8635,RSF,856b6b6bfffffff,5,13.931167296261178,33.61876134125003,1,1,0,0,1,0,0,0,1,0.0,0.0,0.0
2024-11-11,ucdp:8635,RSF,856b6b7bfffffff,5,14.072426891978031,33.555106511045736,1,1,0,0,1,0,0,0,14,0.0,0.0,0.0
2024-11-11,ucdp:8635,RSF,856b6bc3fffffff,5,14.639599355537094,33.298646533523275,1,1,0,0,1,0,3,0,3,0.0,1.0,0.0
2024-11-11,ucdp:8635,RSF,856b6e37fffffff,5,15.523006487760396,32.57683706993741,1,0,0,1,0,0,1,1,1,1.0,1.0,1.0
2024-11-11,ucdp:8635,RSF,856b6e97fffffff,5,16.111653402951703,32.143513396531354,1,1,0,0,1,0,5,0,5,0.0,1.0,0.0
2024-11-18,ucdp:8635,RSF,856b0897fffffff,5,13.617096818226427,25.424076053061942,1,1,0,0,1,0,15,0,15,0.0,1.0,0.0
2024-11-18,ucdp:8635,RSF,856b0c2ffffffff,5,13.757616890803206,25.34844956941545,1,1,0,0,1,0,5,0,5,0.0,1.0,0.0
2024-11-18,ucdp:8635,RSF,856b0d03fffffff,5,14.000739280646407,26.03730252413982,1,1,0,0,1,0,0,0,5,0.0,0.0,0.0
2024-11-18,ucdp:8635,RSF,856b0dc3fffffff,5,14.157548064133358,25.625693667300094,2,2,0,0,2,0,0,0,12,0.0,0.0,0.0
2024-11-18,ucdp:8635,RSF,856b0e93fffffff,5,13.673401348561217,24.081628252479913,1,1,0,0,1,0,3,0,6,0.0,0.5,0.0
2024-11-18,ucdp:8635,RSF,856b5e53fffffff,5,10.847385940416137,29.425667419853948,1,1,0,0,1,0,2,0,2,0.0,1.0,0.0
2024-11-18,ucdp:8635,RSF,856b6847fffffff,5,15.21009926814756,33.039210836879604,2,0,0,2,0,0,14,14,14,1.0,1.0,1.0
2024-11-18,ucdp:8635,RSF,856b684ffffffff,5,15.080350142429761,32.93950335008769,1,1,0,0,1,0,0,0,1,0.0,0.0,0.0
2024-11-18,ucdp:8635,RSF,856b687bfffffff,5,15.067168834298581,33.104350983654285,1,0,0,1,0,0,42,42,42,1.0,1.0,1.0
2024-11-18,ucdp:8635,RSF,856b6a9bfffffff,5,14.989119162011951,32.34462370689703,1,0,0,1,0,0,4,4,4,1.0,1.0,1.0
2024-11-25,ucdp:8635,RSF,856b0883fffffff,5,13.484198335604699,25.3321041769971,1,1,0,0,1,0,9,0,9,0.0,1.0,0.0
2024-11-25,ucdp:8635,RSF,856b0897fffffff,5,13.617096818226427,25.424076053061942,2,0,0,2,0,0,9,9,9,1.0,1.0,1.0
2024-11-25,ucdp:8635,RSF,856b0dc3fffffff,5,14.157548064133358,25.625693667300094,1,1,0,0,1,0,0,0,7,0.0,0.0,0.0
2024-11-25,ucdp:8635,RSF,856b0e93fffffff,5,13.673401348561217,24.081628252479913,3,3,0,0,3,0,2,0,11,0.0,0.18181818181818182,0.0
2024-11-25,ucdp:8635,RSF,856b4bc3fffffff,5,11.78468719025789,33.50000693480772,1,0,0,1,0,0,120,120,120,1.0,1.0,1.0
2024-11-25,ucdp:8635,RSF,856b6bd3fffffff,5,14.781916997454012,33.234068187157774,1,1,0,0,1,2,2,0,4,0.0,0.5,0.0
2024-12-02,ucdp:8635,RSF,856a2ccffffffff,5,10.140942323917526,27.738565870114794,1,1,0,0,1,0,5,0,5,0.0,1.0,0.0
2024-12-02,ucdp:8635,RSF,856b0883fffffff,5,13.484198335604699,25.3321041769971,1,1,0,0,1,0,0,0,8,0.0,0.0,0.0
2024-12-02,ucdp:8635,RSF,856b088bfffffff,5,13.351412988099886,25.240335793837772,1,0,0,1,0,0,20,20,20,1.0,1.0,1.0
2024-12-02,ucdp:8635,RSF,856b0897fffffff,5,13.617096818226427,25.424076053061942,1,1,0,0,1,0,15,0,15,0.0,1.0,0.0
2024-12-02,ucdp:8635,RSF,856b0a2bfffffff,5,11.865248818369675,25.070530842383363,1,0,0,1,0,0,3,3,3,1.0,1.0,1.0
2024-12-02,ucdp:8635,RSF,856b0c2ffffffff,5,13.757616890803206,25.34844956941545,1,1,0,0,1,0,0,0,1,0.0,0.0,0.0
2024-12-02,ucdp:8635,RSF,856b0d03fffffff,5,14.000739280646407,26.03730252413982,1,1,0,0,1,0,9,0,9,0.0,1.0,0.0
2024-12-02,ucdp:8635,RSF,856b0dc3fffffff,5,14.157548064133358,25.625693667300094,1,1,0,0,1,0,7,0,7,0.0,1.0,0.0
2024-12-02,ucdp:8635,RSF,856b0e93fffffff,5,13.673401348561217,24.081628252479913,1,1,0,0,1,0,0,0,1,0.0,0.0,0.0
2024-12-02,ucdp:8635,RSF,856b448bfffffff,5,15.012737341499482,30.083281550987248,1,0,0,1,0,0,3,3,3,1.0,1.0,1.0
2024-12-02,ucdp:8635,RSF,856b48cbfffffff,5,12.62774443976066,32.96023647059505,1,0,0,1,0,0,20,20,20,1.0,1.0,1.0
2024-12-02,ucdp:8635,RSF,856b6e37fffffff,5,15.523006487760396,32.57683706993741,2,1,0,1,1,0,29,1,29,0.5,1.0,0.034482758620689655
2024-12-02,ucdp:8635,RSF,856b6e97fffffff,5,16.111653402951703,32.143513396531354,1,1,0,0,1,0,2,0,2,0.0,1.0,0.0
2024-12-02,ucdp:8635,RSF,856b6eaffffffff,5,15.666591746948761,32.5105778563475,2,2,0,0,2,0,8,0,8,0.0,1.0,0.0
2024-12-09,ucdp:8635,RSF,856b0883fffffff,5,13.484198335604699,25.3321041769971,1,1,0,0,1,0,0,0,8,0.0,0.0,0.0
2024-12-09,ucdp:8635,RSF,856b0897fffffff,5,13.617096818226427,25.424076053061942,6,6,0,0,6,0,105,0,120,0.0,0.875,0.0
2024-12-09,ucdp:8635,RSF,856b0a0ffffffff,5,12.0101707938044,24.830215921368204,2,2,0,0,2,0,7,0,7,0.0,1.0,0.0
2024-12-09,ucdp:8635,RSF,856b0e93fffffff,5,13.673401348561217,24.081628252479913,1,1,0,0,1,0,0,0,101,0.0,0.0,0.0
2024-12-09,ucdp:8635,RSF,856b416bfffffff,5,13.116370458394414,31.791793424958705,1,0,0,1,0,0,13,13,13,1.0,1.0,1.0
2024-12-09,ucdp:8635,RSF,856b4517fffffff,5,14.777705523071544,31.4845988139711,1,1,0,0,1,0,15,0,15,0.0,1.0,0.0
2024-12-09,ucdp:8635,RSF,856b6b1bfffffff,5,14.484353147764434,33.52660543136047,1,1,0,0,1,0,9,0,9,0.0,1.0,0.0
2024-12-09,ucdp:8635,RSF,856b6b57fffffff,5,14.355589874543668,33.42724592601439,1,0,0,1,0,0,2,2,2,1.0,1.0,1.0
2024-12-09,ucdp:8635,RSF,856b6bcbfffffff,5,14.510526404273525,33.199284904221805,2,1,0,1,1,0,5,2,5,0.5,1.0,0.4
2024-12-09,ucdp:8635,RSF,856b6bdbfffffff,5,14.652673737370709,33.1346198391187,1,0,0,1,0,0,1,1,1,1.0,1.0,1.0
2024-12-09,ucdp:8635,RSF,856b6e97fffffff,5,16.111653402951703,32.143513396531354,1,1,0,0,1,0,0,0,65,0.0,0.0,0.0
2024-12-16,ucdp:8635,RSF,853eca97fffffff,5,19.26827369495008,29.472831070752537,1,1,0,0,1,5,0,0,5,0.0,0.0,0.0
2024-12-16,ucdp:8635,RSF,856a61dbfffffff,5,9.889587219986621,34.20258459740573,1,1,0,0,1,0,3,0,3,0.0,1.0,0.0
2024-12-16,ucdp:8635,RSF,856b088bfffffff,5,13.351412988099886,25.240335793837772,1,0,0,1,0,0,50,50,50,1.0,1.0,1.0
2024-12-16,ucdp:8635,RSF,856b0897fffffff,5,13.617096818226427,25.424076053061942,4,4,0,0,4,0,25,0,35,0.0,0.7142857142857143,0.0
2024-12-16,ucdp:8635,RSF,856b0a0ffffffff,5,12.0101707938044,24.830215921368204,2,2,0,0,2,0,5,0,6,0.0,0.8333333333333334,0.0
2024-12-16,ucdp:8635,RSF,856b0c67fffffff,5,13.631838696479218,25.08875652166804,1,0,0,1,0,0,1,1,1,1.0,1.0,1.0
2024-12-16,ucdp:8635,RSF,856b0cc7fffffff,5,14.201760031416846,24.61463456526655,1,1,0,0,1,0,0,0,87,0.0,0.0,0.0
2024-12-16,ucdp:8635,RSF,856b28b3fffffff,5,16.398735142261142,25.25009764548636,1,1,0,0,1,1,0,0,1,0.0,0.0,0.0
2024-12-16,ucdp:8635,RSF,856b2a37fffffff,5,15.022363407245473,24.82888898186477,1,1,0,0,1,2,0,0,2,0.0,0.0,0.0
2024-12-16,ucdp:8635,RSF,856b43a7fffffff,5,12.987613726092313,31.694720542113796,1,1,0,0,1,1,0,0,1,0.0,0.0,0.0
2024-12-16,ucdp:8635,RSF,856b43cbfffffff,5,12.784145919110161,30.68495769510305,1,0,0,1,0,0,3,3,3,1.0,1.0,1.0
2024-12-16,ucdp:8635,RSF,856b6a87fffffff,5,14.963565641674332,32.67503422333285,1,0,0,1,0,0,2,2,2,1.0,1.0,1.0
2024-12-16,ucdp:8635,RSF,856b6eaffffffff,5,15.666591746948761,32.5105778563475,1,1,0,0,1,17,0,0,17,0.0,0.0,0.0
2024-12-23,ucdp:8635,RSF,856b0173fffffff,5,13.82654865176715,23.66776162445098,1,1,0,0,1,0,0,0,7,0.0,0.0,0.0
2024-12-23,ucdp:8635,RSF,856b0897fffffff,5,13.617096818226427,25.424076053061942,3,3,0,0,3,0,21,0,25,0.0,0.84,0.0
2024-12-23,ucdp:8635,RSF,856b0a0ffffffff,5,12.0101707938044,24.830215921368204,2,2,0,0,2,1,4,0,8,0.0,0.5,0.0
2024-12-23,ucdp:8635,RSF,856b0c2ffffffff,5,13.757616890803206,25.34844956941545,2,1,0,1,1,0,7,1,9,0.5,0.7777777777777778,0.1111111111111111
2024-12-23,ucdp:8635,RSF,856b0cc7fffffff,5,14.201760031416846,24.61463456526655,4,2,0,2,2,0,7,3,24,0.5,0.2916666666666667,0.125
2024-12-23,ucdp:8635,RSF,856b4b53fffffff,5,11.52095054197654,33.46556353562259,1,1,0,0,1,0,0,0,0,0.0,0.0,0.0
2024-12-23,ucdp:8635,RSF,856b6dc7fffffff,5,16.537835160936922,33.71380175759378,1,1,0,0,1,10,0,0,10,0.0,0.0,0.0
2024-12-23,ucdp:8635,RSF,856b6e37fffffff,5,15.523006487760396,32.57683706993741,1,1,0,0,1,0,7,0,7,0.0,1.0,0.0
2024-12-30,ucdp:8635,RSF,856b0883fffffff,5,13.484198335604699,25.3321041769971,2,2,0,0,2,0,4,0,6,0.0,0.6666666666666666,0.0
2024-12-30,ucdp:8635,RSF,856b088bfffffff,5,13.351412988099886,25.240335793837772,1,1,0,0,1,0,0,0,100,0.0,0.0,0.0
2024-12-30,ucdp:8635,RSF,856b0897fffffff,5,13.617096818226427,25.424076053061942,2,2,0,0,2,2,1,0,3,0.0,0.3333333333333333,0.0
2024-12-30,ucdp:8635,RSF,856b0a0ffffffff,5,12.0101707938044,24.830215921368204,1,1,0,0,1,0,6,0,6,0.0,1.0,0.0
2024-12-30,ucdp:8635,RSF,856b0c2ffffffff,5,13.757616890803206,25.34844956941545,4,4,0,0,4,0,6,0,66,0.0,0.09090909090909091,0.0
2024-12-30,ucdp:8635,RSF,856b0c67fffffff,5,13.631838696479218,25.08875652166804,1,0,0,1,0,0,16,16,16,1.0,1.0,1.0
2024-12-30,ucdp:8635,RSF,856b0cc7fffffff,5,14.201760031416846,24.61463456526655,1,1,0,0,1,0,4,0,8,0.0,0.5,0.0
2024-12-30,ucdp:8635,RSF,856b2a2ffffffff,5,14.74583451233657,24.81361045110372,1,0,0,1,0,0,4,4,4,1.0,1.0,1.0
2024-12-30,ucdp:8635,RSF,856b6873fffffff,5,15.196777259014647,33.204148028134846,1,0,0,1,0,0,5,5,5,1.0,1.0,1.0
2024-12-30,ucdp:8635,RSF,856b6b3bfffffff,5,14.31600785842787,33.91655440444772,1,0,0,1,0,0,1,1,1,1.0,1.0,1.0
2024-12-30,ucdp:8635,RSF,856b6b63fffffff,5,14.059413613930325,33.71785644201067,1,0,0,1,0,0,1,1,1,1.0,1.0,1.0
2024-12-30,ucdp:8635,RSF,856b6e37fffffff,5,15.523006487760396,32.57683706993741,1,1,0,0,1,0,10,0,10,0.0,1.0,0.0
2024-12-30,ucdp:8635,RSF,856b6eaffffffff,5,15.666591746948761,32.5105778563475,2,2,0,0,2,21,0,0,25,0.0,0.0,0.0
2025-01-06,ucdp:8635,RSF,856b0883fffffff,5,13.484198335604699,25.3321041769971,1,1,0,0,1,0,17,0,17,0.0,1.0,0.0
2025-01-06,ucdp:8635,RSF,856b0897fffffff,5,13.617096818226427,25.424076053061942,4,4,0,0,4,0,25,0,31,0.0,0.8064516129032258,0.0
2025-01-06,ucdp:8635,RSF,856b0a0ffffffff,5,12.0101707938044,24.830215921368204,2,1,0,1,1,0,13,4,13,0.5,1.0,0.3076923076923077
2025-01-06,ucdp:8635,RSF,856b0c2ffffffff,5,13.757616890803206,25.34844956941545,1,1,0,0,1,0,0,0,8,0.0,0.0,0.0
2025-01-06,ucdp:8635,RSF,856b0d03fffffff,5,14.000739280646407,26.03730252413982,1,1,0,0,1,0,1,0,1,0.0,1.0,0.0
2025-01-06,ucdp:8635,RSF,856b6b1bfffffff,5,14.484353147764434,33.52660543136047,1,1,0,0,1,0,0,0,251,0.0,0.0,0.0
2025-01-06,ucdp:8635,RSF,856b6e37fffffff,5,15.523006487760396,32.57683706993741,2,2,0,0,2,0,11,0,15,0.0,0.7333333333333333,0.0
2025-01-06,ucdp:8635,RSF,856b6eabfffffff,5,15.679675700261631,32.344269579727474,1,0,0,1,0,0,1,1,1,1.0,1.0,1.0
2025-01-06,ucdp:8635,RSF,856b6eaffffffff,5,15.666591746948761,32.5105778563475,1,1,0,0,1,0,0,0,1,0.0,0.0,0.0
2025-01-06,ucdp:8635,RSF,856b724bfffffff,5,13.553751358777026,26.762798849591622,1,1,0,0,1,0,0,0,2,0.0,0.0,0.0
2025-01-13,ucdp:8635,RSF,856b0897fffffff,5,13.617096818226427,25.424076053061942,6,6,0,0,6,88,7,0,120,0.0,0.058333333333333334,0.0
2025-01-13,ucdp:8635,RSF,856b0a0ffffffff,5,12.0101707938044,24.830215921368204,1,1,0,0,1,0,4,0,4,0.0,1.0,0.0
2025-01-13,ucdp:8635,RSF,856b0dc3fffffff,5,14.157548064133358,25.625693667300094,1,1,0,0,1,0,25,0,25,0.0,1.0,0.0
2025-01-13,ucdp:8635,RSF,856b0e93fffffff,5,13.673401348561217,24.081628252479913,1,0,1,0,1,0,0,0,120,0.0,0.0,0.0
2025-01-13,ucdp:8635,RSF,856b2837fffffff,5,15.968086034801278,25.482079364743772,1,1,0,0,1,200,0,0,200,0.0,0.0,0.0
2025-01-13,ucdp:8635,RSF,856b6847fffffff,5,15.21009926814756,33.039210836879604,1,0,0,1,0,0,4,4,4,1.0,1.0,1.0
2025-01-13,ucdp:8635,RSF,856b6873fffffff,5,15.196777259014647,33.204148028134846,1,0,0,1,0,0,4,4,4,1.0,1.0,1.0
2025-01-13,ucdp:8635,RSF,856b6a87fffffff,5,14.963565641674332,32.67503422333285,1,0,0,1,0,0,2,2,2,1.0,1.0,1.0
2025-01-13,ucdp:8635,RSF,856b6abbfffffff,5,14.820939304661387,32.74061861046105,1,0,0,1,0,0,20,20,20,1.0,1.0,1.0
2025-01-13,ucdp:8635,RSF,856b6b1bfffffff,5,14.484353147764434,33.52660543136047,2,2,0,0,2,0,0,0,2,0.0,0.0,0.0
2025-01-13,ucdp:8635,RSF,856b6b83fffffff,5,14.884378170950331,33.661898064941,1,0,0,1,0,0,2,2,2,1.0,1.0,1.0
2025-01-13,ucdp:8635,RSF,856b6e37fffffff,5,15.523006487760396,32.57683706993741,1,1,0,0,1,0,0,0,8,0.0,0.0,0.0
2025-01-13,ucdp:8635,RSF,856b6eaffffffff,5,15.666591746948761,32.5105778563475,1,1,0,0,1,0,120,0,120,0.0,1.0,0.0
2025-01-13,ucdp:8635,RSF,856b724ffffffff,5,13.545345875209348,26.929805309590613,2,1,0,1,1,0,29,29,48,0.5,0.6041666666666666,0.6041666666666666
2025-01-20,ucdp:8635,RSF,856b0897fffffff,5,13.617096818226427,25.424076053061942,3,3,0,0,3,0,31,0,81,0.0,0.38271604938271603,0.0
2025-01-20,ucdp:8635,RSF,856b0c2ffffffff,5,13.757616890803206,25.34844956941545,3,3,0,0,3,0,23,0,34,0.0,0.6764705882352942,0.0
2025-01-20,ucdp:8635,RSF,856b1c3bfffffff,5,12.09103515012432,22.67698079992028,1,0,0,1,0,0,1,1,1,1.0,1.0,1.0
2025-01-20,ucdp:8635,RSF,856b687bfffffff,5,15.067168834298581,33.104350983654285,1,1,0,0,1,0,3,0,3,0.0,1.0,0.0
2025-01-20,ucdp:8635,RSF,856b6bd3fffffff,5,14.781916997454012,33.234068187157774,1,1,0,0,1,0,3,0,3,0.0,1.0,0.0
2025-01-20,ucdp:8635,RSF,856b724ffffffff,5,13.545345875209348,26.929805309590613,1,1,0,0,1,0,0,0,80,0.0,0.0,0.0
2025-01-27,ucdp:8635,RSF,856b032ffffffff,5,12.874105981248873,23.541366730640174,1,0,0,1,0,0,1,1,1,1.0,1.0,1.0
2025-01-27,ucdp:8635,RSF,856b084bfffffff,5,12.682291556655446,24.95092036788911,1,1,0,0,1,0,3,0,6,0.0,0.5,0.0
2025-01-27,ucdp:8635,RSF,856b0897fffffff,5,13.617096818226427,25.424076053061942,7,5,0,2,5,140,69,14,285,0.2857142857142857,0.24210526315789474,0.04912280701754386
2025-01-27,ucdp:8635,RSF,856b0a0ffffffff,5,12.0101707938044,24.830215921368204,2,2,0,0,2,0,0,0,17,0.0,0.0,0.0
2025-01-27,ucdp:8635,RSF,856b0c2ffffffff,5,13.757616890803206,25.34844956941545,3,3,0,0,3,0,11,0,28,0.0,0.39285714285714285,0.0
2025-01-27,ucdp:8635,RSF,856b0cc7fffffff,5,14.201760031416846,24.61463456526655,1,1,0,0,1,0,13,0,13,0.0,1.0,0.0
2025-01-27,ucdp:8635,RSF,856b0d03fffffff,5,14.000739280646407,26.03730252413982,1,1,0,0,1,0,0,0,3,0.0,0.0,0.0
2025-01-27,ucdp:8635,RSF,856b4287fffffff,5,13.225245724503111,30.152617420328752,1,1,0,0,1,0,7,0,7,0.0,1.0,0.0
2025-01-27,ucdp:8635,RSF,856b6e2ffffffff,5,15.249419818998454,32.54329883583084,1,0,0,1,0,0,8,8,8,1.0,1.0,1.0
2025-01-27,ucdp:8635,RSF,856b6e37fffffff,5,15.523006487760396,32.57683706993741,1,1,0,0,1,0,2,0,2,0.0,1.0,0.0
2025-01-27,ucdp:8635,RSF,856b6e97fffffff,5,16.111653402951703,32.143513396531354,1,1,0,0,1,0,0,0,61,0.0,0.0,0.0
2025-01-27,ucdp:8635,RSF,856b6eaffffffff,5,15.666591746948761,32.5105778563475,1,1,0,0,1,1,0,0,2,0.0,0.0,0.0
2025-02-03,ucdp:8635,RSF,856b032ffffffff,5,12.874105981248873,23.541366730640174,1,1,0,0,1,0,3,0,3,0.0,1.0,0.0
2025-02-03,ucdp:8635,RSF,856b0883fffffff,5,13.484198335604699,25.3321041769971,1,1,0,0,1,0,30,0,39,0.0,0.7692307692307693,0.0
2025-02-03,ucdp:8635,RSF,856b0893fffffff,5,13.624522926904898,25.25644398413446,1,1,0,0,1,0,0,0,6,0.0,0.0,0.0
2025-02-03,ucdp:8635,RSF,856b0a0ffffffff,5,12.0101707938044,24.830215921368204,2,2,0,0,2,0,0,0,62,0.0,0.0,0.0
2025-02-03,ucdp:8635,RSF,856b4287fffffff,5,13.225245724503111,30.152617420328752,1,1,0,0,1,0,3,0,3,0.0,1.0,0.0
2025-02-03,ucdp:8635,RSF,856b687bfffffff,5,15.067168834298581,33.104350983654285,1,1,0,0,1,1,0,0,1,0.0,0.0,0.0
2025-02-03,ucdp:8635,RSF,856b6e27fffffff,5,15.379615652468702,32.642905500554456,1,0,0,1,0,0,1,1,1,1.0,1.0,1.0
2025-02-03,ucdp:8635,RSF,856b6e2ffffffff,5,15.249419818998454,32.54329883583084,1,0,0,1,0,0,4,4,4,1.0,1.0,1.0
2025-02-03,ucdp:8635,RSF,856b6eaffffffff,5,15.666591746948761,32.5105778563475,1,1,0,0,1,0,1,0,6,0.0,0.16666666666666666,0.0
2025-02-10,ucdp:8635,RSF,856b0883fffffff,5,13.484198335604699,25.3321041769971,2,2,0,0,2,0,8,0,31,0.0,0.25806451612903225,0.0
2025-02-10,ucdp:8635,RSF,856b0897fffffff,5,13.617096818226427,25.424076053061942,1,1,0,0,1,0,0,0,5,0.0,0.0,0.0
2025-02-10,ucdp:8635,RSF,856b08affffffff,5,13.188959856700944,25.81668681795176,1,0,0,1,0,0,3,3,3,1.0,1.0,1.0
2025-02-10,ucdp:8635,RSF,856b0dc3fffffff,5,14.157548064133358,25.625693667300094,1,1,0,0,1,0,0,0,5,0.0,0.0,0.0
2025-02-10,ucdp:8635,RSF,856b4033fffffff,5,13.712635814953709,31.03301129215613,1,0,0,1,0,0,6,6,6,1.0,1.0,1.0
2025-02-10,ucdp:8635,RSF,856b68a3fffffff,5,15.715431120031816,33.60509094769738,1,0,0,1,0,0,6,6,6,1.0,1.0,1.0
2025-02-10,ucdp:8635,RSF,856b6a8bfffffff,5,14.84643178702341,32.410751731197266,1,0,0,1,0,0,176,176,176,1.0,1.0,1.0
2025-02-10,ucdp:8635,RSF,856b6acffffffff,5,14.586613686710924,32.21295741336476,2,0,0,2,0,0,30,30,30,1.0,1.0,1.0
2025-02-17,ucdp:8635,RSF,856b0897fffffff,5,13.617096818226427,25.424076053061942,2,2,0,0,2,70,0,0,70,0.0,0.0,0.0
2025-02-17,ucdp:8635,RSF,856b0b93fffffff,5,12.645909742661816,25.78203127655221,1,1,0,0,1,0,14,0,14,0.0,1.0,0.0
2025-02-17,ucdp:8635,RSF,856b0d03fffffff,5,14.000739280646407,26.03730252413982,2,2,0,0,2,0,3,0,3,0.0,1.0,0.0
2025-02-17,ucdp:8635,RSF,856b4287fffffff,5,13.225245724503111,30.152617420328752,1,1,0,0,1,0,0,0,3,0.0,0.0,0.0
2025-02-17,ucdp:8635,RSF,856b6a8bfffffff,5,14.84643178702341,32.410751731197266,3,0,0,3,0,0,24,24,24,1.0,1.0,1.0
2025-02-17,ucdp:8635,RSF,856b6e37fffffff,5,15.523006487760396,32.57683706993741,1,1,0,0,1,17,0,0,17,0.0,0.0,0.0
2025-02-17,ucdp:8635,RSF,856b6eaffffffff,5,15.666591746948761,32.5105778563475,1,1,0,0,1,0,8,0,8,0.0,1.0,0.0
2025-02-17,ucdp:9645,SFA,856b082bfffffff,5,12.78517862931551,25.707521290167957,1,1,0,0,1,0,0,0,1,0.0,0.0,0.0
2025-02-17,ucdp:9645,SFA,856b0883fffffff,5,13.484198335604699,25.3321041769971,1,1,0,0,1,0,0,0,1,0.0,0.0,0.0
2025-02-17,ucdp:9645,SFA,856b0b93fffffff,5,12.645909742661816,25.78203127655221,1,1,0,0,1,0,4,0,4,0.0,1.0,0.0
2025-02-17,ucdp:9645,SFA,856b0d03fffffff,5,14.000739280646407,26.03730252413982,1,1,0,0,1,0,6,0,6,0.0,1.0,0.0
2025-02-17,ucdp:9645,SFA,856b4247fffffff,5,12.566479137498533,29.838570501682415,1,1,0,0,1,0,6,0,6,0.0,1.0,0.0
2025-02-17,ucdp:9645,SFA,856b52bbfffffff,5,11.337018718490974,27.753918817936633,1,1,0,0,1,1,0,0,1,0.0,0.0,0.0
2025-02-24,ucdp:9645,SFA,856b0897fffffff,5,13.617096818226427,25.424076053061942,2,2,0,0,2,34,0,0,34,0.0,0.0,0.0
2025-02-24,ucdp:9645,SFA,856b08affffffff,5,13.188959856700944,25.81668681795176,3,0,0,3,0,0,31,31,31,1.0,1.0,1.0
2025-02-24,ucdp:9645,SFA,856b0a0ffffffff,5,12.0101707938044,24.830215921368204,1,1,0,0,1,7,0,0,7,0.0,0.0,0.0
2025-02-24,ucdp:9645,SFA,856b0c2ffffffff,5,13.757616890803206,25.34844956941545,1,1,0,0,1,0,0,0,6,0.0,0.0,0.0
2025-02-24,ucdp:9645,SFA,856b40cffffffff,5,13.756528642419191,30.3731773839385,1,1,0,0,1,12,0,0,12,0.0,0.0,0.0
2025-02-24,ucdp:9645,SFA,856b463bfffffff,5,13.65769449353888,29.78059274433886,1,1,0,0,1,0,7,0,7,0.0,1.0,0.0
2025-02-24,ucdp:9645,SFA,856b6eaffffffff,5,15.666591746948761,32.5105778563475,1,1,0,0,1,10,0,0,10,0.0,0.0,0.0
2025-02-24,ucdp:9645,SFA,856b73d3fffffff,5,14.179916519541083,27.902684953731235,1,1,0,0,1,0,70,0,70,0.0,1.0,0.0
2025-03-03,ucdp:9645,SFA,856b0c2ffffffff,5,13.757616890803206,25.34844956941545,2,2,0,0,2,0,0,0,7,0.0,0.0,0.0
2025-03-03,ucdp:9645,SFA,856b40cffffffff,5,13.756528642419191,30.3731773839385,1,1,0,0,1,4,0,0,4,0.0,0.0,0.0
2025-03-03,ucdp:9645,SFA,856b4287fffffff,5,13.225245724503111,30.152617420328752,2,2,0,0,2,0,0,0,20,0.0,0.0,0.0
2025-03-03,ucdp:9645,SFA,856b428bfffffff,5,13.105558348942102,29.89206293818998,1,1,0,0,1,0,62,0,62,0.0,1.0,0.0
2025-03-03,ucdp:9645,SFA,856b55a3fffffff,5,13.145564367420294,29.23245224782049,1,0,0,1,0,0,7,7,7,1.0,1.0,1.0
2025-03-03,ucdp:9645,SFA,856b55abfffffff,5,13.01516189734286,29.137286581064554,1,0,0,1,0,0,7,7,7,1.0,1.0,1.0
2025-03-03,ucdp:9645,SFA,856b6eaffffffff,5,15.666591746948761,32.5105778563475,1,1,0,0,1,0,1,0,1,0.0,1.0,0.0
2025-03-03,ucdp:9645,SFA,856b76dbfffffff,5,15.102509059792393,26.110234776485783,2,2,0,0,2,2,0,0,15,0.0,0.0,0.0
2025-03-10,ucdp:9645,SFA,856b004ffffffff,5,13.739089786819877,22.2323702962997,1,0,0,1,0,0,5,5,5,1.0,1.0,1.0
2025-03-10,ucdp:9645,SFA,856b0897fffffff,5,13.617096818226427,25.424076053061942,5,4,0,1,4,8,27,23,45,0.2,0.6,0.5111111111111111
2025-03-10,ucdp:9645,SFA,856b4287fffffff,5,13.225245724503111,30.152617420328752,3,3,0,0,3,0,4,0,9,0.0,0.4444444444444444,0.0
2025-03-10,ucdp:9645,SFA,856b6e37fffffff,5,15.523006487760396,32.57683706993741,2,0,0,2,0,0,54,54,54,1.0,1.0,1.0
2025-03-10,ucdp:9645,SFA,856b6e97fffffff,5,16.111653402951703,32.143513396531354,2,2,0,0,2,0,10,0,11,0.0,0.9090909090909091,0.0
2025-03-10,ucdp:9645,SFA,856b7077fffffff,5,14.586735638130152,28.020551626896516,1,1,0,0,1,0,2,0,2,0.0,1.0,0.0
2025-03-17,ucdp:9645,SFA,856b0883fffffff,5,13.484198335604699,25.3321041769971,1,0,0,1,0,0,9,9,9,1.0,1.0,1.0
2025-03-17,ucdp:9645,SFA,856b0897fffffff,5,13.617096818226427,25.424076053061942,1,1,0,0,1,0,8,0,8,0.0,1.0,0.0
2025-03-17,ucdp:9645,SFA,856b0c2ffffffff,5,13.757616890803206,25.34844956941545,1,1,0,0,1,0,0,0,5,0.0,0.0,0.0
2025-03-17,ucdp:9645,SFA,856b4287fffffff,5,13.225245724503111,30.152617420328752,1,1,0,0,1,0,4,0,4,0.0,1.0,0.0
2025-03-17,ucdp:9645,SFA,856b684bfffffff,5,15.093425124179449,32.77447260263137,1,0,0,1,0,0,2,2,2,1.0,1.0,1.0
2025-03-17,ucdp:9645,SFA,856b685bfffffff,5,15.236421213766233,32.708783796067145,1,0,0,1,0,0,12,12,12,1.0,1.0,1.0
2025-03-17,ucdp:9645,SFA,856b6e27fffffff,5,15.379615652468702,32.642905500554456,1,0,0,1,0,0,4,4,4,1.0,1.0,1.0
2025-03-17,ucdp:9645,SFA,856b6e37fffffff,5,15.523006487760396,32.57683706993741,2,2,0,0,2,0,9,0,15,0.0,0.6,0.0
2025-03-17,ucdp:9645,SFA,856b6e97fffffff,5,16.111653402951703,32.143513396531354,2,2,0,0,2,0,11,0,11,0.0,1.0,0.0
2025-03-17,ucdp:9645,SFA,856b6eaffffffff,5,15.666591746948761,32.5105778563475,1,1,0,0,1,0,5,0,10,0.0,0.5,0.0
2025-03-17,ucdp:9645,SFA,856b76dbfffffff,5,15.102509059792393,26.110234776485783,2,0,0,2,0,0,94,94,94,1.0,1.0,1.0
2025-03-24,ucdp:9645,SFA,856b0883fffffff,5,13.484198335604699,25.3321041769971,1,0,0,1,0,0,10,10,10,1.0,1.0,1.0
2025-03-24,ucdp:9645,SFA,856b0897fffffff,5,13.617096818226427,25.424076053061942,3,3,0,0,3,7,359,0,366,0.0,0.9808743169398907,0.0
2025-03-24,ucdp:9645,SFA,856b09b3fffffff,5,13.41324860345307,26.836375890569293,1,1,0,0,1,0,4,0,4,0.0,1.0,0.0
2025-03-24,ucdp:9645,SFA,856b0c2ffffffff,5,13.757616890803206,25.34844956941545,1,1,0,0,1,0,1,0,1,0.0,1.0,0.0
2025-03-24,ucdp:9645,SFA,856b4287fffffff,5,13.225245724503111,30.152617420328752,1,1,0,0,1,0,1,0,1,0.0,1.0,0.0
2025-03-24,ucdp:9645,SFA,856b6e2ffffffff,5,15.249419818998454,32.54329883583084,1,1,0,0,1,0,0,0,6,0.0,0.0,0.0
2025-03-24,ucdp:9645,SFA,856b6eabfffffff,5,15.679675700261631,32.344269579727474,1,0,0,1,0,0,96,96,96,1.0,1.0,1.0
2025-03-31,ucdp:9645,SFA,856b0897fffffff,5,13.617096818226427,25.424076053061942,2,2,0,0,2,21,0,0,21,0.0,0.0,0.0
2025-03-31,ucdp:9645,SFA,856b0a0ffffffff,5,12.0101707938044,24.830215921368204,2,1,0,1,1,1,1,1,3,0.5,0.3333333333333333,0.3333333333333333
2025-03-31,ucdp:9645,SFA,856b0b4bfffffff,5,11.713254932445702,25.475012178219302,1,0,0,1,0,0,1,1,1,1.0,1.0,1.0
2025-03-31,ucdp:9645,SFA,856b0c2ffffffff,5,13.757616890803206,25.34844956941545,1,1,0,0,1,0,0,0,7,0.0,0.0,0.0
2025-03-31,ucdp:9645,SFA,856b4287fffffff,5,13.225245724503111,30.152617420328752,1,1,0,0,1,0,5,0,5,0.0,1.0,0.0
2025-03-31,ucdp:9645,SFA,856b4d53fffffff,5,13.381015482796718,33.70996934636946,1,1,0,0,1,0,0,0,38,0.0,0.0,0.0
2025-03-31,ucdp:9645,SFA,856b5ca3fffffff,5,12.098643219434368,30.85775787181509,2,2,0,0,2,3,0,0,3,0.0,0.0,0.0
2025-03-31,ucdp:9645,SFA,856b659bfffffff,5,18.02838683939146,30.911157047180804,2,2,0,0,2,0,6,0,10,0.0,0.6,0.0
2025-03-31,ucdp:9645,SFA,856b6eabfffffff,5,15.679675700261631,32.344269579727474,2,2,0,0,2,0,151,0,151,0.0,1.0,0.0
2025-03-31,ucdp:9645,SFA,856b6eaffffffff,5,15.666591746948761,32.5105778563475,1,0,0,1,0,0,2,2,2,1.0,1.0,1.0
2025-04-07,ucdp:9645,SFA,856b0883fffffff,5,13.484198335604699,25.3321041769971,19,6,0,13,6,2,309,309,1888,0.6842105263157895,0.16366525423728814,0.16366525423728814
2025-04-07,ucdp:9645,SFA,856b0893fffffff,5,13.624522926904898,25.25644398413446,3,2,0,1,2,0,16,10,16,0.3333333333333333,1.0,0.625
2025-04-07,ucdp:9645,SFA,856b0897fffffff,5,13.617096818226427,25.424076053061942,1,1,0,0,1,0,2,0,2,0.0,1.0,0.0
2025-04-07,ucdp:9645,SFA,856b09b3fffffff,5,13.41324860345307,26.836375890569293,1,1,0,0,1,3,0,0,3,0.0,0.0,0.0
2025-04-07,ucdp:9645,SFA,856b0c2ffffffff,5,13.757616890803206,25.34844956941545,2,2,0,0,2,0,2,0,38,0.0,0.05263157894736842,0.0
2025-04-07,ucdp:9645,SFA,856b4193fffffff,5,14.209126450542835,31.75291148233113,1,0,0,1,0,0,101,101,101,1.0,1.0,1.0
2025-04-07,ucdp:9645,SFA,856b4287fffffff,5,13.225245724503111,30.152617420328752,1,1,0,0,1,0,7,0,7,0.0,1.0,0.0
2025-04-07,ucdp:9645,SFA,856b52bbfffffff,5,11.337018718490974,27.753918817936633,1,1,0,0,1,5,0,0,5,0.0,0.0,0.0
2025-04-07,ucdp:9645,SFA,856b5c37fffffff,5,11.821773181829444,30.99105851598481,1,0,0,1,0,0,2,2,2,1.0,1.0,1.0
2025-04-07,ucdp:9645,SFA,856b659bfffffff,5,18.02838683939146,30.911157047180804,1,1,0,0,1,0,6,0,6,0.0,1.0,0.0
2025-04-07,ucdp:9645,SFA,856b6e37fffffff,5,15.523006487760396,32.57683706993741,1,1,0,0,1,0,0,0,2,0.0,0.0,0.0
2025-04-07,ucdp:9645,SFA,856b724bfffffff,5,13.553751358777026,26.762798849591622,2,0,0,2,0,0,56,56,56,1.0,1.0,1.0
2025-04-14,ucdp:9645,SFA,856b0897fffffff,5,13.617096818226427,25.424076053061942,5,5,0,0,5,0,103,0,138,0.0,0.7463768115942029,0.0
2025-04-14,ucdp:9645,SFA,856b09abfffffff,5,13.141127402387099,26.816573499644893,1,1,0,0,1,0,7,0,7,0.0,1.0,0.0
2025-04-14,ucdp:9645,SFA,856b09b3fffffff,5,13.41324860345307,26.836375890569293,1,0,0,1,0,0,20,20,20,1.0,1.0,1.0
2025-04-14,ucdp:9645,SFA,856b0c2ffffffff,5,13.757616890803206,25.34844956941545,2,2,0,0,2,0,17,0,17,0.0,1.0,0.0
2025-04-14,ucdp:9645,SFA,856b40cffffffff,5,13.756528642419191,30.3731773839385,1,1,0,0,1,50,0,0,50,0.0,0.0,0.0
2025-04-14,ucdp:9645,SFA,856b4247fffffff,5,12.566479137498533,29.838570501682415,1,1,0,0,1,0,0,0,2,0.0,0.0,0.0
2025-04-14,ucdp:9645,SFA,856b6ebbfffffff,5,15.823479645408375,32.27754359818576,1,1,0,0,1,5,0,0,5,0.0,0.0,0.0
2025-04-14,ucdp:9645,SFA,856b7243fffffff,5,13.686042359350044,26.8562724132047,1,0,0,1,0,0,23,23,23,1.0,1.0,1.0
2025-04-14,ucdp:9645,SFA,856b724ffffffff,5,13.545345875209348,26.929805309590613,1,0,0,1,0,0,22,22,22,1.0,1.0,1.0
2025-04-21,ucdp:9645,SFA,855393a7fffffff,5,17.625994771553472,34.02881997996949,1,1,0,0,1,0,8,0,11,0.0,0.7272727272727273,0.0
2025-04-21,ucdp:9645,SFA,856b0897fffffff,5,13.617096818226427,25.424076053061942,5,5,0,0,5,70,75,0,152,0.0,0.4934210526315789,0.0
2025-04-21,ucdp:9645,SFA,856b0c2ffffffff,5,13.757616890803206,25.34844956941545,1,1,0,0,1,0,0,0,14,0.0,0.0,0.0
2025-04-21,ucdp:9645,SFA,856b5013fffffff,5,12.122682454032907,28.147988390499638,2,0,0,2,0,0,144,144,144,1.0,1.0,1.0
2025-04-21,ucdp:9645,SFA,856b52bbfffffff,5,11.337018718490974,27.753918817936633,1,1,0,0,1,0,1,0,1,0.0,1.0,0.0
2025-04-21,ucdp:9645,SFA,856b6ea3fffffff,5,15.81036943723314,32.44412721021031,1,1,0,0,1,2,0,0,2,0.0,0.0,0.0
2025-04-21,ucdp:9645,SFA,856b6eaffffffff,5,15.666591746948761,32.5105778563475,1,1,0,0,1,0,0,0,31,0.0,0.0,0.0
2025-04-21,ucdp:9645,SFA,856b7077fffffff,5,14.586735638130152,28.020551626896516,1,1,0,0,1,2,0,0,2,0.0,0.0,0.0
2025-04-28,ucdp:9645,SFA,856b0897fffffff,5,13.617096818226427,25.424076053061942,6,6,0,0,6,19,13,0,143,0.0,0.09090909090909091,0.0
2025-04-28,ucdp:9645,SFA,856b0a3bfffffff,5,12.003275215866061,24.995598861904284,1,1,0,0,1,200,0,0,200,0.0,0.0,0.0
2025-04-28,ucdp:9645,SFA,856b0c2ffffffff,5,13.757616890803206,25.34844956941545,1,1,0,0,1,0,0,0,5,0.0,0.0,0.0
2025-04-28,ucdp:9645,SFA,856b4c4ffffffff,5,13.18662025068854,32.703264847585366,1,1,0,0,1,0,0,0,0,0.0,0.0,0.0
2025-04-28,ucdp:9645,SFA,856b555bfffffff,5,12.652205894555758,28.358529475015647,8,4,0,4,4,2,62,56,327,0.5,0.18960244648318042,0.1712538226299694
2025-05-05,ucdp:9645,SFA,856b0897fffffff,5,13.617096818226427,25.424076053061942,1,1,0,0,1,0,3,0,3,0.0,1.0,0.0
2025-05-05,ucdp:9645,SFA,856b0c2ffffffff,5,13.757616890803206,25.34844956941545,4,4,0,0,4,0,10,0,48,0.0,0.20833333333333334,0.0
2025-05-05,ucdp:9645,SFA,856b4287fffffff,5,13.225245724503111,30.152617420328752,2,1,0,1,1,0,6,6,27,0.5,0.2222222222222222,0.2222222222222222
2025-05-05,ucdp:9645,SFA,856b6eaffffffff,5,15.666591746948761,32.5105778563475,1,1,0,0,1,0,3,0,3,0.0,1.0,0.0
2025-05-12,ucdp:9645,SFA,856b0883fffffff,5,13.484198335604699,25.3321041769971,1,0,0,1,0,0,1,1,1,1.0,1.0,1.0
2025-05-12,ucdp:9645,SFA,856b0897fffffff,5,13.617096818226427,25.424076053061942,3,3,0,0,3,2,20,0,22,0.0,0.9090909090909091,0.0
2025-05-12,ucdp:9645,SFA,856b0c2ffffffff,5,13.757616890803206,25.34844956941545,1,1,0,0,1,0,14,0,14,0.0,1.0,0.0
2025-05-12,ucdp:9645,SFA,856b4287fffffff,5,13.225245724503111,30.152617420328752,3,2,0,1,2,0,8,4,12,0.3333333333333333,0.6666666666666666,0.3333333333333333
2025-05-12,ucdp:9645,SFA,856b52bbfffffff,5,11.337018718490974,27.753918817936633,2,2,0,0,2,2,0,0,2,0.0,0.0,0.0
2025-05-12,ucdp:9645,SFA,856b5523fffffff,5,12.735451950346159,29.276809691703694,1,0,0,1,0,0,1,1,1,1.0,1.0,1.0
2025-05-12,ucdp:9645,SFA,856b55a3fffffff,5,13.145564367420294,29.23245224782049,1,1,0,0,1,0,0,0,800,0.0,0.0,0.0
2025-05-12,ucdp:9645,SFA,856b5e1bfffffff,5,10.965939755270602,29.681033888773296,1,1,0,0,1,0,10,0,10,0.0,1.0,0.0
2025-05-12,ucdp:9645,SFA,856b6b8ffffffff,5,14.741970040675216,33.72583923723972,1,1,0,0,1,200,1,0,201,0.0,0.004975124378109453,0.0
2025-05-12,ucdp:9645,SFA,856b6eaffffffff,5,15.666591746948761,32.5105778563475,1,1,0,0,1,0,10,0,10,0.0,1.0,0.0
2025-05-19,ucdp:9645,SFA,856b0883fffffff,5,13.484198335604699,25.3321041769971,1,0,0,1,0,0,3,3,3,1.0,1.0,1.0
2025-05-19,ucdp:9645,SFA,856b0897fffffff,5,13.617096818226427,25.424076053061942,3,3,0,0,3,0,0,0,16,0.0,0.0,0.0
2025-05-19,ucdp:9645,SFA,856b0a0ffffffff,5,12.0101707938044,24.830215921368204,1,0,0,1,0,0,3,3,3,1.0,1.0,1.0
2025-05-19,ucdp:9645,SFA,856b5523fffffff,5,12.735451950346159,29.276809691703694,1,1,0,0,1,1,0,0,1,0.0,0.0,0.0
2025-05-26,ucdp:9645,SFA,856b0a3bfffffff,5,12.003275215866061,24.995598861904284,1,1,0,0,1,200,0,0,200,0.0,0.0,0.0
2025-05-26,ucdp:9645,SFA,856b0d03fffffff,5,14.000739280646407,26.03730252413982,1,1,0,0,1,0,40,0,40,0.0,1.0,0.0
2025-05-26,ucdp:9645,SFA,856b4227fffffff,5,12.6550107088778,30.588954548251603,1,1,0,0,1,0,0,0,3,0.0,0.0,0.0
2025-05-26,ucdp:9645,SFA,856b4247fffffff,5,12.566479137498533,29.838570501682415,3,3,0,0,3,2,2,0,4,0.0,0.5,0.0
2025-05-26,ucdp:9645,SFA,856b4287fffffff,5,13.225245724503111,30.152617420328752,1,1,0,0,1,0,22,0,22,0.0,1.0,0.0
2025-05-26,ucdp:9645,SFA,856b43abfffffff,5,12.869992839252635,31.434790621324144,1,1,0,0,1,0,4,0,4,0.0,1.0,0.0
2025-05-26,ucdp:9645,SFA,856b52bbfffffff,5,11.337018718490974,27.753918817936633,1,1,0,0,1,2,0,0,2,0.0,0.0,0.0
2025-05-26,ucdp:9645,SFA,856b55a3fffffff,5,13.145564367420294,29.23245224782049,1,1,0,0,1,0,8,0,8,0.0,1.0,0.0
2025-06-02,ucdp:9645,SFA,856b0c2ffffffff,5,13.757616890803206,25.34844956941545,2,2,0,0,2,0,0,0,20,0.0,0.0,0.0
2025-06-02,ucdp:9645,SFA,856b0d03fffffff,5,14.000739280646407,26.03730252413982,1,1,0,0,1,0,5,0,5,0.0,1.0,0.0
2025-06-09,ucdp:9645,SFA,856b0897fffffff,5,13.617096818226427,25.424076053061942,3,3,0,0,3,24,21,0,45,0.0,0.4666666666666667,0.0
2025-06-09,ucdp:9645,SFA,856b0c2ffffffff,5,13.757616890803206,25.34844956941545,1,1,0,0,1,0,8,0,8,0.0,1.0,0.0
2025-06-09,ucdp:9645,SFA,856b0cc7fffffff,5,14.201760031416846,24.61463456526655,1,1,0,0,1,0,0,0,1,0.0,0.0,0.0
2025-06-09,ucdp:9645,SFA,856b40cffffffff,5,13.756528642419191,30.3731773839385,1,0,0,1,0,0,4,4,4,1.0,1.0,1.0
2025-06-09,ucdp:9645,SFA,856b4247fffffff,5,12.566479137498533,29.838570501682415,1,1,0,0,1,1,0,0,1,0.0,0.0,0.0
2025-06-09,ucdp:9645,SFA,856b4287fffffff,5,13.225245724503111,30.152617420328752,2,2,0,0,2,0,13,0,13,0.0,1.0,0.0
2025-06-09,ucdp:9645,SFA,856b519bfffffff,5,12.33652955941342,29.15687542218849,1,1,0,0,1,0,8,0,8,0.0,1.0,0.0
2025-06-09,ucdp:9645,SFA,856b52bbfffffff,5,11.337018718490974,27.753918817936633,3,3,0,0,3,17,0,0,17,0.0,0.0,0.0
2025-06-09,ucdp:9645,SFA,856b52dbfffffff,5,11.240268161534814,27.00786558087213,1,1,0,0,1,10,0,0,10,0.0,0.0,0.0
2025-06-16,ucdp:9645,SFA,856b4247fffffff,5,12.566479137498533,29.838570501682415,1,1,0,0,1,1,0,0,1,0.0,0.0,0.0
2025-06-16,ucdp:9645,SFA,856b5207fffffff,5,11.07078885710619,27.732367857903256,1,1,0,0,1,0,41,0,41,0.0,1.0,0.0
2025-06-16,ucdp:9645,SFA,856b528ffffffff,5,11.345314241499032,27.590494735213827,1,1,0,0,1,0,25,0,25,0.0,1.0,0.0
2025-06-16,ucdp:9645,SFA,856b52bbfffffff,5,11.337018718490974,27.753918817936633,1,1,0,0,1,0,0,0,2,0.0,0.0,0.0
2025-06-23,ucdp:9645,SFA,856b02a7fffffff,5,13.45999398207289,22.391256500715567,1,1,0,0,1,3,0,0,3,0.0,0.0,0.0
2025-06-23,ucdp:9645,SFA,856b0897fffffff,5,13.617096818226427,25.424076053061942,3,2,0,1,2,0,5,2,19,0.3333333333333333,0.2631578947368421,0.10526315789473684
2025-06-23,ucdp:9645,SFA,856b4637fffffff,5,13.777865413423747,30.042411042390217,1,0,0,1,0,0,23,23,23,1.0,1.0,1.0
2025-06-23,ucdp:9645,SFA,856b519bfffffff,5,12.33652955941342,29.15687542218849,1,1,0,0,1,25,10,0,35,0.0,0.2857142857142857,0.0
2025-06-23,ucdp:9645,SFA,856b51abfffffff,5,12.039791373119341,29.622342418404127,2,1,0,1,1,0,17,13,17,0.5,1.0,0.7647058823529411
2025-06-23,ucdp:9645,SFA,856b5207fffffff,5,11.07078885710619,27.732367857903256,1,1,0,0,1,1,0,0,1,0.0,0.0,0.0
2025-06-23,ucdp:9645,SFA,856b528ffffffff,5,11.345314241499032,27.590494735213827,1,1,0,0,1,0,4,0,4,0.0,1.0,0.0
2025-06-23,ucdp:9645,SFA,856b52bbfffffff,5,11.337018718490974,27.753918817936633,1,1,0,0,1,0,0,0,0,0.0,0.0,0.0
2025-06-30,ucdp:9645,SFA,856b0897fffffff,5,13.617096818226427,25.424076053061942,1,1,0,0,1,0,7,0,7,0.0,1.0,0.0
2025-06-30,ucdp:9645,SFA,856b0c2ffffffff,5,13.757616890803206,25.34844956941545,1,1,0,0,1,0,7,0,7,0.0,1.0,0.0
2025-06-30,ucdp:9645,SFA,856b519bfffffff,5,12.33652955941342,29.15687542218849,1,1,0,0,1,1,0,0,1,0.0,0.0,0.0
2025-07-07,ucdp:9645,SFA,856b0897fffffff,5,13.617096818226427,25.424076053061942,3,3,0,0,3,3,8,0,14,0.0,0.5714285714285714,0.0
2025-07-07,ucdp:9645,SFA,856b40cffffffff,5,13.756528642419191,30.3731773839385,2,0,0,2,0,0,450,450,450,1.0,1.0,1.0
2025-07-07,ucdp:9645,SFA,856b4287fffffff,5,13.225245724503111,30.152617420328752,2,2,0,0,2,0,1,0,1,0.0,1.0,0.0
2025-07-07,ucdp:9645,SFA,856b42d3fffffff,5,13.125757675573361,29.562508776636854,1,1,0,0,1,233,0,0,233,0.0,0.0,0.0
2025-07-07,ucdp:9645,SFA,856b5077fffffff,5,11.707532226545537,28.359621421240988,1,1,0,0,1,0,16,0,16,0.0,1.0,0.0
2025-07-07,ucdp:9645,SFA,856b519bfffffff,5,12.33652955941342,29.15687542218849,2,2,0,0,2,0,35,0,35,0.0,1.0,0.0
2025-07-14,ucdp:9645,SFA,856b0897fffffff,5,13.617096818226427,25.424076053061942,3,3,0,0,3,203,5,0,208,0.0,0.02403846153846154,0.0
2025-07-14,ucdp:9645,SFA,856b0c2ffffffff,5,13.757616890803206,25.34844956941545,2,2,0,0,2,0,14,0,14,0.0,1.0,0.0
2025-07-14,ucdp:9645,SFA,856b5193fffffff,5,12.466170398871483,29.251489420979606,1,1,0,0,1,0,3,0,3,0.0,1.0,0.0
2025-07-14,ucdp:9645,SFA,856b55a3fffffff,5,13.145564367420294,29.23245224782049,1,1,0,0,1,3,0,0,3,0.0,0.0,0.0
2025-07-21,ucdp:9645,SFA,856b416bfffffff,5,13.116370458394414,31.791793424958705,1,1,0,0,1,0,0,0,8,0.0,0.0,0.0
2025-07-21,ucdp:9645,SFA,856b5077fffffff,5,11.707532226545537,28.359621421240988,1,1,0,0,1,0,0,0,1,0.0,0.0,0.0
2025-07-21,ucdp:9645,SFA,856b519bfffffff,5,12.33652955941342,29.15687542218849,3,3,0,0,3,3,19,0,22,0.0,0.8636363636363636,0.0
2025-07-21,ucdp:9645,SFA,856b5523fffffff,5,12.735451950346159,29.276809691703694,1,1,0,0,1,0,0,0,45,0.0,0.0,0.0
2025-07-21,ucdp:9645,SFA,856b555bfffffff,5,12.652205894555758,28.358529475015647,1,0,0,1,0,0,30,30,30,1.0,1.0,1.0
2025-07-28,ucdp:9645,SFA,856b0897fffffff,5,13.617096818226427,25.424076053061942,3,1,0,2,1,3,18,18,21,0.6666666666666666,0.8571428571428571,0.8571428571428571
2025-07-28,ucdp:9645,SFA,856b0a0ffffffff,5,12.0101707938044,24.830215921368204,2,1,0,1,1,0,1,1,1,0.5,1.0,1.0
2025-07-28,ucdp:9645,SFA,856b0c2ffffffff,5,13.757616890803206,25.34844956941545,1,1,0,0,1,0,0,0,5,0.0,0.0,0.0
2025-07-28,ucdp:9645,SFA,856b0c67fffffff,5,13.631838696479218,25.08875652166804,1,0,0,1,0,0,2,2,2,1.0,1.0,1.0
2025-07-28,ucdp:9645,SFA,856b0cc7fffffff,5,14.201760031416846,24.61463456526655,1,1,0,0,1,0,4,0,4,0.0,1.0,0.0
2025-07-28,ucdp:9645,SFA,856b42d3fffffff,5,13.125757675573361,29.562508776636854,1,1,0,0,1,24,0,0,24,0.0,0.0,0.0
2025-07-28,ucdp:9645,SFA,856b4547fffffff,5,14.386206913776032,31.1902669510297,2,2,0,0,2,0,9,0,9,0.0,1.0,0.0
2025-07-28,ucdp:9645,SFA,856b5523fffffff,5,12.735451950346159,29.276809691703694,1,1,0,0,1,0,9,0,9,0.0,1.0,0.0
2025-07-28,ucdp:9645,SFA,856b5e1bfffffff,5,10.965939755270602,29.681033888773296,1,1,0,0,1,0,2,0,2,0.0,1.0,0.0
2025-08-04,ucdp:9645,SFA,856b0897fffffff,5,13.617096818226427,25.424076053061942,1,1,0,0,1,255,0,0,255,0.0,0.0,0.0
2025-08-04,ucdp:9645,SFA,856b09b3fffffff,5,13.41324860345307,26.836375890569293,1,1,0,0,1,4,0,0,4,0.0,0.0,0.0
2025-08-04,ucdp:9645,SFA,856b0a0ffffffff,5,12.0101707938044,24.830215921368204,3,2,0,1,2,43,1,1,44,0.3333333333333333,0.022727272727272728,0.022727272727272728
2025-08-04,ucdp:9645,SFA,856b428bfffffff,5,13.105558348942102,29.89206293818998,1,1,0,0,1,101,0,0,101,0.0,0.0,0.0
2025-08-04,ucdp:9645,SFA,856b463bfffffff,5,13.65769449353888,29.78059274433886,1,0,0,1,0,0,18,18,18,1.0,1.0,1.0
2025-08-04,ucdp:9645,SFA,856b52bbfffffff,5,11.337018718490974,27.753918817936633,1,1,0,0,1,4,0,0,4,0.0,0.0,0.0
2025-08-04,ucdp:9645,SFA,856b555bfffffff,5,12.652205894555758,28.358529475015647,3,0,0,3,0,0,35,35,35,1.0,1.0,1.0
2025-08-11,ucdp:9645,SFA,856b0557fffffff,5,14.959324583377416,22.86801728124806,1,1,0,0,1,0,9,0,10,0.0,0.9,0.0
2025-08-11,ucdp:9645,SFA,856b0897fffffff,5,13.617096818226427,25.424076053061942,4,3,0,1,3,201,40,12,253,0.25,0.15810276679841898,0.04743083003952569
2025-08-11,ucdp:9645,SFA,856b0c2ffffffff,5,13.757616890803206,25.34844956941545,2,2,0,0,2,0,43,0,43,0.0,1.0,0.0
2025-08-11,ucdp:9645,SFA,856b0dc3fffffff,5,14.157548064133358,25.625693667300094,2,2,0,0,2,3,2,0,5,0.0,0.4,0.0
2025-08-11,ucdp:9645,SFA,856b40cffffffff,5,13.756528642419191,30.3731773839385,1,1,0,0,1,26,0,0,26,0.0,0.0,0.0
2025-08-11,ucdp:9645,SFA,856b448bfffffff,5,15.012737341499482,30.083281550987248,1,0,0,1,0,0,1,1,1,1.0,1.0,1.0
2025-08-11,ucdp:9645,SFA,856b6b9bfffffff,5,14.897835459079364,33.49788977675424,1,1,0,0,1,0,1,0,5,0.0,0.2,0.0
2025-08-18,ucdp:9645,SFA,856b0897fffffff,5,13.617096818226427,25.424076053061942,2,2,0,0,2,3,9,0,12,0.0,0.75,0.0
2025-08-18,ucdp:9645,SFA,856b0c2ffffffff,5,13.757616890803206,25.34844956941545,1,1,0,0,1,0,0,0,5,0.0,0.0,0.0
2025-08-18,ucdp:9645,SFA,856b0c67fffffff,5,13.631838696479218,25.08875652166804,1,0,0,1,0,0,13,13,13,1.0,1.0,1.0
2025-08-18,ucdp:9645,SFA,856b4287fffffff,5,13.225245724503111,30.152617420328752,2,1,0,1,1,3,7,7,10,0.5,0.7,0.7
2025-08-18,ucdp:9645,SFA,856b5003fffffff,5,11.98409272024042,28.218719000477183,1,1,0,0,1,10,0,0,10,0.0,0.0,0.0
2025-08-18,ucdp:9645,SFA,856b712ffffffff,5,14.496724675418257,29.527796281782496,1,1,0,0,1,10,0,0,10,0.0,0.0,0.0
2025-08-25,ucdp:9645,SFA,856a2d07fffffff,5,10.057555504154955,29.350301079203568,1,1,0,0,1,0,1,0,1,0.0,1.0,0.0
2025-08-25,ucdp:9645,SFA,856b0897fffffff,5,13.617096818226427,25.424076053061942,3,3,0,0,3,0,43,0,51,0.0,0.8431372549019608,0.0
2025-08-25,ucdp:9645,SFA,856b0a0ffffffff,5,12.0101707938044,24.830215921368204,1,1,0,0,1,0,0,0,35,0.0,0.0,0.0
2025-08-25,ucdp:9645,SFA,856b0c2ffffffff,5,13.757616890803206,25.34844956941545,2,2,0,0,2,0,0,0,14,0.0,0.0,0.0
2025-08-25,ucdp:9645,SFA,856b4207fffffff,5,12.815348740922873,30.193542590150138,1,1,0,0,1,30,0,0,30,0.0,0.0,0.0
2025-08-25,ucdp:9645,SFA,856b52bbfffffff,5,11.337018718490974,27.753918817936633,1,1,0,0,1,5,0,0,5,0.0,0.0,0.0
2025-08-25,ucdp:9645,SFA,856b6e7bfffffff,5,15.157182276494044,31.946658074517842,1,1,0,0,1,0,5,0,5,0.0,1.0,0.0
2025-09-01,ucdp:9645,SFA,856b084bfffffff,5,12.682291556655446,24.95092036788911,1,1,0,0,1,0,1,0,2,0.0,0.5,0.0
2025-09-01,ucdp:9645,SFA,856b0897fffffff,5,13.617096818226427,25.424076053061942,3,3,0,0,3,2,27,0,37,0.0,0.7297297297297297,0.0
2025-09-01,ucdp:9645,SFA,856b0c2ffffffff,5,13.757616890803206,25.34844956941545,1,1,0,0,1,0,0,0,4,0.0,0.0,0.0
2025-09-01,ucdp:9645,SFA,856b0dc3fffffff,5,14.157548064133358,25.625693667300094,1,1,0,0,1,0,18,0,18,0.0,1.0,0.0
2025-09-08,ucdp:9645,SFA,856b0897fffffff,5,13.617096818226427,25.424076053061942,3,2,0,1,2,0,26,10,26,0.3333333333333333,1.0,0.38461538461538464
2025-09-08,ucdp:9645,SFA,856b0a0ffffffff,5,12.0101707938044,24.830215921368204,1,1,0,0,1,0,4,0,4,0.0,1.0,0.0
2025-09-08,ucdp:9645,SFA,856b0c2ffffffff,5,13.757616890803206,25.34844956941545,1,1,0,0,1,0,0,0,10,0.0,0.0,0.0
2025-09-08,ucdp:9645,SFA,856b40cffffffff,5,13.756528642419191,30.3731773839385,3,3,0,0,3,24,3,0,27,0.0,0.1111111111111111,0.0
2025-09-08,ucdp:9645,SFA,856b4207fffffff,5,12.815348740922873,30.193542590150138,2,2,0,0,2,7,0,0,7,0.0,0.0,0.0
2025-09-08,ucdp:9645,SFA,856b4287fffffff,5,13.225245724503111,30.152617420328752,2,2,0,0,2,0,2,0,2,0.0,1.0,0.0
2025-09-08,ucdp:9645,SFA,856b6bd3fffffff,5,14.781916997454012,33.234068187157774,1,0,0,1,0,0,1,1,1,1.0,1.0,1.0
2025-09-08,ucdp:9645,SFA,856b6eaffffffff,5,15.666591746948761,32.5105778563475,1,1,0,0,1,1,0,0,1,0.0,0.0,0.0
2025-09-15,ucdp:9645,SFA,856b0897fffffff,5,13.617096818226427,25.424076053061942,9,6,0,3,6,218,107,40,329,0.3333333333333333,0.3252279635258359,0.12158054711246201
2025-09-15,ucdp:9645,SFA,856b0dc3fffffff,5,14.157548064133358,25.625693667300094,1,1,0,0,1,0,4,0,4,0.0,1.0,0.0
2025-09-15,ucdp:9645,SFA,856b2a37fffffff,5,15.022363407245473,24.82888898186477,1,1,0,0,1,0,5,0,5,0.0,1.0,0.0
2025-09-22,ucdp:9645,SFA,856b0897fffffff,5,13.617096818226427,25.424076053061942,5,5,0,0,5,5,23,0,35,0.0,0.6571428571428571,0.0
2025-09-22,ucdp:9645,SFA,856b0c67fffffff,5,13.631838696479218,25.08875652166804,1,0,0,1,0,0,3,3,3,1.0,1.0,1.0
2025-09-22,ucdp:9645,SFA,856b42d3fffffff,5,13.125757675573361,29.562508776636854,2,2,0,0,2,200,0,0,200,0.0,0.0,0.0
2025-09-22,ucdp:9645,SFA,856b519bfffffff,5,12.33652955941342,29.15687542218849,1,1,0,0,1,3,0,0,3,0.0,0.0,0.0
2025-09-29,ucdp:9645,SFA,856b0897fffffff,5,13.617096818226427,25.424076053061942,5,5,0,0,5,9,47,0,56,0.0,0.8392857142857143,0.0
2025-09-29,ucdp:9645,SFA,856b0a7bfffffff,5,11.747944159375983,24.65028873565474,1,1,0,0,1,1,0,0,1,0.0,0.0,0.0
2025-09-29,ucdp:9645,SFA,856b0c2ffffffff,5,13.757616890803206,25.34844956941545,1,1,0,0,1,0,23,0,23,0.0,1.0,0.0
2025-09-29,ucdp:9645,SFA,856b1d23fffffff,5,12.043210103268356,24.002654217865953,1,0,0,1,0,0,3,3,3,1.0,1.0,1.0
2025-09-29,ucdp:9645,SFA,856b4287fffffff,5,13.225245724503111,30.152617420328752,1,1,0,0,1,0,2,0,4,0.0,0.5,0.0
2025-10-06,ucdp:9645,SFA,856b0897fffffff,5,13.617096818226427,25.424076053061942,6,6,0,0,6,125,92,0,217,0.0,0.423963133640553,0.0
2025-10-06,ucdp:9645,SFA,856b0c2ffffffff,5,13.757616890803206,25.34844956941545,2,1,0,1,1,0,22,7,22,0.5,1.0,0.3181818181818182
2025-10-06,ucdp:9645,SFA,856b0c67fffffff,5,13.631838696479218,25.08875652166804,1,0,0,1,0,0,1,1,1,1.0,1.0,1.0
2025-10-06,ucdp:9645,SFA,856b0d03fffffff,5,14.000739280646407,26.03730252413982,1,1,0,0,1,0,16,0,16,0.0,1.0,0.0
2025-10-06,ucdp:9645,SFA,856b4247fffffff,5,12.566479137498533,29.838570501682415,1,0,0,1,0,0,3,3,3,1.0,1.0,1.0
2025-10-06,ucdp:9645,SFA,856b42d3fffffff,5,13.125757675573361,29.562508776636854,1,1,0,0,1,40,0,0,40,0.0,0.0,0.0
2025-10-06,ucdp:9645,SFA,856b5003fffffff,5,11.98409272024042,28.218719000477183,1,1,0,0,1,12,0,0,12,0.0,0.0,0.0
2025-10-06,ucdp:9645,SFA,856b5077fffffff,5,11.707532226545537,28.359621421240988,1,0,0,1,0,0,1,1,1,1.0,1.0,1.0
2025-10-06,ucdp:9645,SFA,856b52bbfffffff,5,11.337018718490974,27.753918817936633,2,2,0,0,2,4,1,0,5,0.0,0.2,0.0
2025-10-06,ucdp:9645,SFA,856b555bfffffff,5,12.652205894555758,28.358529475015647,1,1,0,0,1,0,1,0,1,0.0,1.0,0.0
2025-10-06,ucdp:9645,SFA,856b56abfffffff,5,12.165534654186953,27.325244816559575,1,1,0,0,1,3,0,0,3,0.0,0.0,0.0
2025-10-06,ucdp:9645,SFA,856b5c03fffffff,5,11.852231191173376,30.50451296033223,2,2,0,0,2,0,8,0,8,0.0,1.0,0.0
2025-10-06,ucdp:9645,SFA,856b5d4bfffffff,5,11.408147459609452,31.189646032758013,1,1,0,0,1,3,0,0,3,0.0,0.0,0.0
2025-10-06,ucdp:9645,SFA,856b712ffffffff,5,14.496724675418257,29.527796281782496,1,1,0,0,1,12,0,0,12,0.0,0.0,0.0
2025-10-13,ucdp:9645,SFA,856b0073fffffff,5,13.86803664339118,22.489423034857715,1,1,0,0,1,0,4,0,4,0.0,1.0,0.0
2025-10-13,ucdp:9645,SFA,856b02a7fffffff,5,13.45999398207289,22.391256500715567,1,1,0,0,1,0,0,0,3,0.0,0.0,0.0
2025-10-13,ucdp:9645,SFA,856b03b3fffffff,5,13.565050185907548,23.319647799029408,1,1,0,0,1,0,7,0,7,0.0,1.0,0.0
2025-10-13,ucdp:9645,SFA,856b0507fffffff,5,15.082870741032226,23.298757394547266,1,1,0,0,1,12,0,0,12,0.0,0.0,0.0
2025-10-13,ucdp:9645,SFA,856b0897fffffff,5,13.617096818226427,25.424076053061942,5,5,0,0,5,97,0,0,97,0.0,0.0,0.0
2025-10-13,ucdp:9645,SFA,856b0a77fffffff,5,11.872166256253683,24.905365676143003,1,1,0,0,1,2,0,0,2,0.0,0.0,0.0
2025-10-13,ucdp:9645,SFA,856b0cc7fffffff,5,14.201760031416846,24.61463456526655,1,0,0,1,0,0,3,3,3,1.0,1.0,1.0
2025-10-13,ucdp:9645,SFA,856b2a37fffffff,5,15.022363407245473,24.82888898186477,1,1,0,0,1,0,0,0,24,0.0,0.0,0.0
2025-10-13,ucdp:9645,SFA,856b46c7fffffff,5,13.960607995993755,29.309098330174606,1,1,0,0,1,0,18,0,18,0.0,1.0,0.0
2025-10-13,ucdp:9645,SFA,856b51abfffffff,5,12.039791373119341,29.622342418404127,1,1,0,0,1,0,1,0,1,0.0,1.0,0.0
2025-10-13,ucdp:9645,SFA,856b5207fffffff,5,11.07078885710619,27.732367857903256,1,1,0,0,1,10,0,0,10,0.0,0.0,0.0
2025-10-13,ucdp:9645,SFA,856b555bfffffff,5,12.652205894555758,28.358529475015647,1,1,0,0,1,0,2,0,2,0.0,1.0,0.0
2025-10-13,ucdp:9645,SFA,856b5d4bfffffff,5,11.408147459609452,31.189646032758013,1,1,0,0,1,7,0,0,7,0.0,0.0,0.0
2025-10-13,ucdp:9645,SFA,856b659bfffffff,5,18.02838683939146,30.911157047180804,1,1,0,0,1,5,0,0,5,0.0,0.0,0.0
2025-10-13,ucdp:9645,SFA,856b6eaffffffff,5,15.666591746948761,32.5105778563475,2,2,0,0,2,26,2,0,28,0.0,0.07142857142857142,0.0
2025-10-20,ucdp:9645,SFA,856b0897fffffff,5,13.617096818226427,25.424076053061942,38,9,0,29,9,54,58633,58620,58707,0.7631578947368421,0.9987395029553545,0.9985180642853493
2025-10-20,ucdp:9645,SFA,856b0a0ffffffff,5,12.0101707938044,24.830215921368204,1,1,0,0,1,0,0,0,1,0.0,0.0,0.0
2025-10-20,ucdp:9645,SFA,856b0c0bfffffff,5,13.920078384693667,24.7682141927665,1,1,0,0,1,0,18,0,18,0.0,1.0,0.0
2025-10-20,ucdp:9645,SFA,856b0c2ffffffff,5,13.757616890803206,25.34844956941545,4,2,0,2,2,0,402,102,409,0.5,0.9828850855745721,0.24938875305623473
2025-10-20,ucdp:9645,SFA,856b0c67fffffff,5,13.631838696479218,25.08875652166804,1,0,0,1,0,0,1,1,1,1.0,1.0,1.0
2025-10-20,ucdp:9645,SFA,856b0e93fffffff,5,13.673401348561217,24.081628252479913,2,2,0,0,2,9,4,0,13,0.0,0.3076923076923077,0.0
2025-10-20,ucdp:9645,SFA,856b40cbfffffff,5,13.767248257265772,30.207862855564212,1,1,0,0,1,0,0,0,3,0.0,0.0,0.0
2025-10-20,ucdp:9645,SFA,856b40cffffffff,5,13.756528642419191,30.3731773839385,4,3,0,1,3,0,57,23,334,0.25,0.17065868263473055,0.0688622754491018
2025-10-20,ucdp:9645,SFA,856b4227fffffff,5,12.6550107088778,30.588954548251603,1,1,0,0,1,2,0,0,2,0.0,0.0,0.0
2025-10-20,ucdp:9645,SFA,856b4287fffffff,5,13.225245724503111,30.152617420328752,1,1,0,0,1,24,0,0,24,0.0,0.0,0.0
2025-10-20,ucdp:9645,SFA,856b43cbfffffff,5,12.784145919110161,30.68495769510305,1,1,0,0,1,0,3,0,3,0.0,1.0,0.0
2025-10-20,ucdp:9645,SFA,856b6e37fffffff,5,15.523006487760396,32.57683706993741,1,1,0,0,1,0,0,0,2,0.0,0.0,0.0
2025-10-27,ucdp:9645,SFA,856b0897fffffff,5,13.617096818226427,25.424076053061942,14,1,0,13,1,0,1189,1189,1196,0.9285714285714286,0.9941471571906354,0.9941471571906354
2025-10-27,ucdp:9645,SFA,856b4007fffffff,5,13.723760139934884,30.868271547046653,1,1,0,0,1,0,2,0,2,0.0,1.0,0.0
2025-10-27,ucdp:9645,SFA,856b40cffffffff,5,13.756528642419191,30.3731773839385,1,0,0,1,0,0,5,5,5,1.0,1.0,1.0
2025-10-27,ucdp:9645,SFA,856b4287fffffff,5,13.225245724503111,30.152617420328752,1,1,0,0,1,3,0,0,3,0.0,0.0,0.0
2025-10-27,ucdp:9645,SFA,856b436ffffffff,5,12.205946599272277,31.2783539360464,1,1,0,0,1,0,7,0,7,0.0,1.0,0.0
2025-10-27,ucdp:9645,SFA,856b54abfffffff,5,13.08061790172604,27.979380563365407,1,1,0,0,1,0,6,0,6,0.0,1.0,0.0
2025-10-27,ucdp:9645,SFA,856b555bfffffff,5,12.652205894555758,28.358529475015647,1,1,0,0,1,0,0,0,2,0.0,0.0,0.0
2025-10-27,ucdp:9645,SFA,856b55a3fffffff,5,13.145564367420294,29.23245224782049,1,1,0,0,1,1,0,0,1,0.0,0.0,0.0
2025-10-27,ucdp:9645,SFA,856b5e1bfffffff,5,10.965939755270602,29.681033888773296,1,1,0,0,1,0,12,0,12,0.0,1.0,0.0
2025-11-03,ucdp:9645,SFA,856b032ffffffff,5,12.874105981248873,23.541366730640174,1,1,0,0,1,13,0,0,13,0.0,0.0,0.0
2025-11-03,ucdp:9645,SFA,856b0507fffffff,5,15.082870741032226,23.298757394547266,1,1,0,0,1,0,0,0,7,0.0,0.0,0.0
2025-11-03,ucdp:9645,SFA,856b4287fffffff,5,13.225245724503111,30.152617420328752,3,3,0,0,3,0,61,0,61,0.0,1.0,0.0
2025-11-03,ucdp:9645,SFA,856b5077fffffff,5,11.707532226545537,28.359621421240988,2,2,0,0,2,5,0,0,23,0.0,0.0,0.0
2025-11-03,ucdp:9645,SFA,856b519bfffffff,5,12.33652955941342,29.15687542218849,3,3,0,0,3,1,2,0,44,0.0,0.045454545454545456,0.0
2025-11-03,ucdp:9645,SFA,856b51abfffffff,5,12.039791373119341,29.622342418404127,2,2,0,0,2,0,11,0,11,0.0,1.0,0.0
2025-11-03,ucdp:9645,SFA,856b52bbfffffff,5,11.337018718490974,27.753918817936633,3,3,0,0,3,4,0,0,4,0.0,0.0,0.0
2025-11-10,ucdp:9645,SFA,853eda9bfffffff,5,17.31676853097341,26.606018603148257,1,1,0,0,1,0,15,0,15,0.0,1.0,0.0
2025-11-10,ucdp:9645,SFA,856a2d07fffffff,5,10.057555504154955,29.350301079203568,2,2,0,0,2,2,1,0,3,0.0,0.3333333333333333,0.0
2025-11-10,ucdp:9645,SFA,856b0a23fffffff,5,11.99628428109655,25.160932277349875,1,1,0,0,1,24,0,0,24,0.0,0.0,0.0
2025-11-10,ucdp:9645,SFA,856b4e37fffffff,5,12.639487334670303,32.7987823499007,1,1,0,0,1,0,1,0,1,0.0,1.0,0.0
2025-11-10,ucdp:9645,SFA,856b519bfffffff,5,12.33652955941342,29.15687542218849,1,1,0,0,1,0,5,0,5,0.0,1.0,0.0
2025-11-10,ucdp:9645,SFA,856b52bbfffffff,5,11.337018718490974,27.753918817936633,4,4,0,0,4,69,0,0,69,0.0,0.0,0.0
2025-11-10,ucdp:9645,SFA,856b54abfffffff,5,13.08061790172604,27.979380563365407,1,1,0,0,1,2,0,0,2,0.0,0.0,0.0
2025-11-17,ucdp:9645,SFA,856b032ffffffff,5,12.874105981248873,23.541366730640174,1,0,0,1,0,0,1,1,1,1.0,1.0,1.0
2025-11-17,ucdp:9645,SFA,856b40cffffffff,5,13.756528642419191,30.3731773839385,2,2,0,0,2,4,0,0,4,0.0,0.0,0.0
2025-11-17,ucdp:9645,SFA,856b4193fffffff,5,14.209126450542835,31.75291148233113,1,0,0,1,0,0,6,6,6,1.0,1.0,1.0
2025-11-17,ucdp:9645,SFA,856b4207fffffff,5,12.815348740922873,30.193542590150138,1,1,0,0,1,4,0,0,4,0.0,0.0,0.0
2025-11-17,ucdp:9645,SFA,856b4287fffffff,5,13.225245724503111,30.152617420328752,1,1,0,0,1,2,0,0,2,0.0,0.0,0.0
2025-11-17,ucdp:9645,SFA,856b428bfffffff,5,13.105558348942102,29.89206293818998,2,2,0,0,2,6,0,0,6,0.0,0.0,0.0
2025-11-17,ucdp:9645,SFA,856b4547fffffff,5,14.386206913776032,31.1902669510297,2,2,0,0,2,6,0,0,6,0.0,0.0,0.0
2025-11-17,ucdp:9645,SFA,856b46c7fffffff,5,13.960607995993755,29.309098330174606,1,1,0,0,1,1,0,0,1,0.0,0.0,0.0
2025-11-17,ucdp:9645,SFA,856b52bbfffffff,5,11.337018718490974,27.753918817936633,4,4,0,0,4,11,0,0,11,0.0,0.0,0.0
2025-11-17,ucdp:9645,SFA,856b54b3fffffff,5,13.352114932783444,28.001892723803138,1,0,0,1,0,0,1,1,1,1.0,1.0,1.0
2025-11-17,ucdp:9645,SFA,856b5ed7fffffff,5,11.240202202391362,29.54485367957048,1,1,0,0,1,3,0,0,3,0.0,0.0,0.0
2025-11-24,ucdp:9645,SFA,856b08d7fffffff,5,13.358673703577482,25.07304525293461,1,0,0,1,0,0,0,0,0,1.0,0.0,0.0
2025-11-24,ucdp:9645,SFA,856b52bbfffffff,5,11.337018718490974,27.753918817936633,3,3,0,0,3,206,0,0,206,0.0,0.0,0.0
2025-11-24,ucdp:9645,SFA,856b555bfffffff,5,12.652205894555758,28.358529475015647,2,1,0,1,1,0,5,1,5,0.5,1.0,0.2
2025-11-24,ucdp:9645,SFA,856b58c3fffffff,5,11.046099017289206,30.58247435456183,2,2,0,0,2,3,0,0,51,0.0,0.0,0.0
2025-11-24,ucdp:9645,SFA,856b5c8bfffffff,5,12.12924913438355,30.36970805847137,2,2,0,0,2,7,8,0,15,0.0,0.5333333333333333,0.0
2025-12-01,ucdp:9645,SFA,856a2ca7fffffff,5,10.363222145827233,28.568937414984827,1,1,0,0,1,2,0,0,2,0.0,0.0,0.0
2025-12-01,ucdp:9645,SFA,856b02a3fffffff,5,13.465387953201692,22.223469337348586,1,1,0,0,1,0,10,0,18,0.0,0.5555555555555556,0.0
2025-12-01,ucdp:9645,SFA,856b0557fffffff,5,14.959324583377416,22.86801728124806,1,1,0,0,1,3,0,0,3,0.0,0.0,0.0
2025-12-01,ucdp:9645,SFA,856b5003fffffff,5,11.98409272024042,28.218719000477183,1,1,0,0,1,0,0,0,6,0.0,0.0,0.0
2025-12-01,ucdp:9645,SFA,856b52bbfffffff,5,11.337018718490974,27.753918817936633,1,1,0,0,1,104,0,0,104,0.0,0.0,0.0
2025-12-01,ucdp:9645,SFA,856b5803fffffff,5,10.88969678764876,30.97059670896971,1,1,0,0,1,0,67,0,114,0.0,0.5877192982456141,0.0
2025-12-08,ucdp:9645,SFA,856a2d07fffffff,5,10.057555504154955,29.350301079203568,1,1,0,0,1,10,0,0,41,0.0,0.0,0.0
2025-12-08,ucdp:9645,SFA,856b032ffffffff,5,12.874105981248873,23.541366730640174,1,0,0,1,0,0,1,1,1,1.0,1.0,1.0
2025-12-08,ucdp:9645,SFA,856b0e93fffffff,5,13.673401348561217,24.081628252479913,1,1,0,0,1,2,0,0,2,0.0,0.0,0.0
2025-12-08,ucdp:9645,SFA,856b1933fffffff,5,11.218685518061246,24.45718054986486,1,1,0,0,1,14,62,0,80,0.0,0.775,0.0
2025-12-08,ucdp:9645,SFA,856b4287fffffff,5,13.225245724503111,30.152617420328752,2,2,0,0,2,0,3,0,3,0.0,1.0,0.0
2025-12-08,ucdp:9645,SFA,856b5123fffffff,5,11.763010224573382,29.759257089568315,1,1,0,0,1,0,0,0,1,0.0,0.0,0.0
2025-12-08,ucdp:9645,SFA,856b51abfffffff,5,12.039791373119341,29.622342418404127,1,1,0,0,1,0,9,0,9,0.0,1.0,0.0
2025-12-08,ucdp:9645,SFA,856b54abfffffff,5,13.08061790172604,27.979380563365407,1,0,0,1,0,0,2,2,2,1.0,1.0,1.0
2025-12-08,ucdp:9645,SFA,856b5e1bfffffff,5,10.965939755270602,29.681033888773296,2,2,0,0,2,0,6,0,7,0.0,0.8571428571428571,0.0
2025-12-15,ucdp:9645,SFA,853eda9bfffffff,5,17.31676853097341,26.606018603148257,1,1,0,0,1,0,0,0,11,0.0,0.0,0.0
2025-12-15,ucdp:9645,SFA,855393b7fffffff,5,17.772085294404857,33.963720667814314,1,1,0,0,1,4,1,0,5,0.0,0.2,0.0
2025-12-15,ucdp:9645,SFA,856b0dc3fffffff,5,14.157548064133358,25.625693667300094,1,1,0,0,1,0,5,0,13,0.0,0.38461538461538464,0.0
2025-12-15,ucdp:9645,SFA,856b51abfffffff,5,12.039791373119341,29.622342418404127,2,2,0,0,2,1,5,0,16,0.0,0.3125,0.0
2025-12-15,ucdp:9645,SFA,856b5e1bfffffff,5,10.965939755270602,29.681033888773296,1,1,0,0,1,0,8,0,8,0.0,1.0,0.0
2025-12-22,ucdp:9645,SFA,856b0073fffffff,5,13.86803664339118,22.489423034857715,1,0,0,1,0,0,50,50,50,1.0,1.0,1.0
2025-12-22,ucdp:9645,SFA,856b02a7fffffff,5,13.45999398207289,22.391256500715567,2,2,0,0,2,0,2,0,9,0.0,0.2222222222222222,0.0
2025-12-22,ucdp:9645,SFA,856b03d3fffffff,5,13.454488741595142,22.559037387434365,1,1,0,0,1,0,2,0,2,0.0,1.0,0.0
2025-12-22,ucdp:9645,SFA,856b0507fffffff,5,15.082870741032226,23.298757394547266,1,0,0,1,0,0,50,50,50,1.0,1.0,1.0
2025-12-22,ucdp:9645,SFA,856b0537fffffff,5,15.0703047437849,23.639020647733958,1,0,0,1,0,0,50,50,50,1.0,1.0,1.0
2025-12-22,ucdp:9645,SFA,856b05affffffff,5,15.212142146478946,23.560090904468346,1,0,0,1,0,0,50,50,50,1.0,1.0,1.0
2025-12-22,ucdp:9645,SFA,856b5177fffffff,5,11.643897379073964,29.502077465686593,1,1,0,0,1,0,4,0,12,0.0,0.3333333333333333,0.0
2025-12-29,ucdp:9645,SFA,856b05affffffff,5,15.212142146478946,23.560090904468346,2,2,0,0,2,24,3,0,27,0.0,0.1111111111111111,0.0
2025-12-29,ucdp:9645,SFA,856b51abfffffff,5,12.039791373119341,29.622342418404127,1,1,0,0,1,2,0,0,74,0.0,0.0,0.0
2025-01-13,ucdp:9744,"SLFA, SLM/A",856b0e93fffffff,5,13.673401348561217,24.081628252479913,1,0,1,0,1,0,0,0,120,0.0,0.0,0.0
2023-05-15,ucdp:993,Masalit,856b02b3fffffff,5,13.604811166189746,22.143918789658667,1,0,1,0,1,7,0,0,7,0.0,0.0,0.0
2023-06-12,ucdp:993,Masalit,856b02b3fffffff,5,13.604811166189746,22.143918789658667,1,0,1,0,1,0,0,0,8,0.0,0.0,0.0
2024-01-22,ucdp:993,Masalit,8552b26bfffffff,5,12.858275146907221,35.17926353990695,1,0,1,0,1,0,0,0,5,0.0,0.0,0.0
2023-07-31,ucdp:994,Salamat Baggara,856b1d67fffffff,5,11.780299979695888,23.82447541618926,1,0,1,0,1,0,0,0,24,0.0,0.0,0.0
2023-08-07,ucdp:994,Salamat Baggara,856b0a0ffffffff,5,12.0101707938044,24.830215921368204,1,0,1,0,1,0,0,0,100,0.0,0.0,0.0
2023-08-07,ucdp:994,Salamat Baggara,856b1d67fffffff,5,11.780299979695888,23.82447541618926,1,0,1,0,1,0,0,0,49,0.0,0.0,0.0
2023-09-04,ucdp:994,Salamat Baggara,856b19d7fffffff,5,11.51181163746599,23.811978161112606,1,0,1,0,1,0,0,0,40,0.0,0.0,0.0
2023-09-11,ucdp:994,Salamat Baggara,856b0a0bfffffff,5,12.016970773017876,24.66478619053658,1,0,1,0,1,0,0,0,14,0.0,0.0,0.0
2023-09-11,ucdp:994,Salamat Baggara,856b19a7fffffff,5,11.479656537806651,24.635859312510853,2,0,2,0,2,0,0,0,9,0.0,0.0,0.0
2023-09-18,ucdp:994,Salamat Baggara,856b1d67fffffff,5,11.780299979695888,23.82447541618926,1,0,1,0,1,0,0,0,16,0.0,0.0,0.0
2023-09-25,ucdp:994,Salamat Baggara,856a247bfffffff,5,10.788802839134618,25.1728370179604,1,0,1,0,1,0,0,0,3,0.0,0.0,0.0
2023-10-16,ucdp:994,Salamat Baggara,856a2467fffffff,5,10.774954647265377,25.49985143595721,1,0,1,0,1,0,0,0,51,0.0,0.0,0.0
2023-10-23,ucdp:994,Salamat Baggara,856a247bfffffff,5,10.788802839134618,25.1728370179604,2,0,2,0,2,0,0,0,91,0.0,0.0,0.0
2023-11-06,ucdp:994,Salamat Baggara,856a26b7fffffff,5,10.659372314732288,25.083376188202855,1,0,1,0,1,0,0,0,30,0.0,0.0,0.0
2024-05-06,ucdp:994,Salamat Baggara,856b1993fffffff,5,11.774016815712397,23.989708911220024,1,0,1,0,1,4,0,0,4,0.0,0.0,0.0
2023-07-31,ucdp:995,Beni Halba Baggara,856b1d67fffffff,5,11.780299979695888,23.82447541618926,1,0,1,0,1,0,0,0,24,0.0,0.0,0.0
2023-08-07,ucdp:995,Beni Halba Baggara,856b0a0ffffffff,5,12.0101707938044,24.830215921368204,1,0,1,0,1,0,0,0,100,0.0,0.0,0.0
2023-08-07,ucdp:995,Beni Halba Baggara,856b1d67fffffff,5,11.780299979695888,23.82447541618926,1,0,1,0,1,0,0,0,49,0.0,0.0,0.0
2023-09-04,ucdp:995,Beni Halba Baggara,856b19d7fffffff,5,11.51181163746599,23.811978161112606,1,0,1,0,1,0,0,0,40,0.0,0.0,0.0
2023-09-11,ucdp:995,Beni Halba Baggara,856b0a0bfffffff,5,12.016970773017876,24.66478619053658,1,0,1,0,1,0,0,0,14,0.0,0.0,0.0
2023-09-11,ucdp:995,Beni Halba Baggara,856b19a7fffffff,5,11.479656537806651,24.635859312510853,2,0,2,0,2,0,0,0,9,0.0,0.0,0.0
2023-09-18,ucdp:995,Beni Halba Baggara,856b1d67fffffff,5,11.780299979695888,23.82447541618926,1,0,1,0,1,0,0,0,16,0.0,0.0,0.0
2024-05-06,ucdp:995,Beni Halba Baggara,856b1993fffffff,5,11.774016815712397,23.989708911220024,1,0,1,0,1,4,0,0,4,0.0,0.0,0.0
